SET SQL_MODE = "NO_AUTO_VALUE_ON_ZERO";
SET time_zone = "+00:00";

--
-- Database: `credume`
--

-- --------------------------------------------------------

--
-- Table structure for table `Courses`
--

CREATE TABLE `Courses` (
  `ID` varchar(10) NOT NULL,
  `CREDITS` smallint(6) NOT NULL,
  `INSTRUCTOR` varchar(40) NOT NULL,
  `UNIVERSITY_ID` int(11) NOT NULL
) ENGINE=InnoDB DEFAULT CHARSET=latin1;

--
-- Dumping data for table `Courses`
--

INSERT INTO `Courses` (`ID`, `CREDITS`, `INSTRUCTOR`, `UNIVERSITY_ID`) VALUES
('BUS118', 3, 'Phyllis Hicks', 1),
('BUS138', 2, 'Russell Morales', 1),
('BUS158', 3, 'Christina Simpson', 1),
('BUS171', 6, 'Harold Reyes', 1),
('BUS175', 5, 'Paula Cook', 1),
('BUS188', 2, 'Brenda Lee', 1),
('BUS198', 2, 'Gloria Rice', 1),
('BUS199', 5, 'Christina Greene', 1),
('BUS200', 5, 'Susan Scott', 1),
('BUS207', 3, 'Anthony Moreno', 1),
('BUS209', 6, 'Robin Garza', 1),
('BUS243', 6, 'Lawrence Chapman', 1),
('BUS254', 6, 'Carlos Carter', 1),
('BUS288', 6, 'Ruby Medina', 1),
('BUS340', 6, 'Lisa Larson', 1),
('BUS374', 4, 'Dennis Hunt', 1),
('BUS377', 3, 'Randy Kelly', 1),
('BUS381', 3, 'Cheryl Peters', 1),
('BUS391', 3, 'Willie Jones', 1),
('BUS394', 5, 'Paula Barnes', 1),
('BUS419', 2, 'Bruce Nguyen', 1),
('BUS479', 6, 'Anne Kelly', 1),
('BUS487', 5, 'Kelly Coleman', 1),
('BUS491', 5, 'Lois Ray', 1),
('BUS496', 4, 'Amy Morrison', 1),
('CE101', 6, 'Evelyn Coleman', 1),
('CE126', 2, 'Joe Cunningham', 1),
('CE131', 3, 'Patrick Perez', 1),
('CE153', 6, 'Fred Hunter', 1),
('CE189', 6, 'Daniel Matthews', 1),
('CE192', 5, 'Walter Brooks', 1),
('CE254', 5, 'Kevin Simpson', 1),
('CE256', 2, 'Paul Willis', 1),
('CE268', 5, 'Brian Harrison', 1),
('CE329', 2, 'Nicole Peters', 1),
('CE340', 4, 'Shawn Rivera', 1),
('CE343', 6, 'Stephanie Adams', 1),
('CE354', 4, 'Michelle Carpenter', 1),
('CE359', 4, 'Ashley Romero', 1),
('CE400', 4, 'Lois Ellis', 1),
('CE416', 5, 'Larry Gray', 1),
('CE420', 2, 'Carolyn Warren', 1),
('CE431', 3, 'Alan White', 1),
('CE440', 4, 'Jesse King', 1),
('CE463', 2, 'George Kennedy', 1),
('CE491', 3, 'Pamela Martinez', 1),
('CS101', 5, 'Stephanie Burns', 1),
('CS154', 2, 'Sara Russell', 1),
('CS158', 4, 'Susan Kelley', 1),
('CS167', 2, 'Stephanie Martin', 1),
('CS177', 5, 'Patrick Evans', 1),
('CS183', 4, 'Samuel Dunn', 1),
('CS199', 2, 'Kimberly Carr', 1),
('CS201', 3, 'Pamela Gonzales', 1),
('CS225', 5, 'Bobby Gilbert', 1),
('CS230', 6, 'Ashley Adams', 1),
('CS256', 5, 'Walter Ramirez', 1),
('CS272', 6, 'Emily Walker', 1),
('CS285', 2, 'Carlos Walker', 1),
('CS301', 2, 'Judith Wallace', 1),
('CS324', 6, 'Jeffrey Wallace', 1),
('CS340', 2, 'Kimberly Dean', 1),
('CS342', 6, 'Sarah Thompson', 1),
('CS348', 4, 'Martin Williams', 1),
('CS361', 6, 'Jack Williamson', 1),
('CS382', 5, 'Bobby Hamilton', 1),
('CS387', 3, 'Janet Miller', 1),
('CS391', 6, 'Margaret Ferguson', 1),
('CS392', 6, 'Sara Fuller', 1),
('CS399', 3, 'Harold Sims', 1),
('CS424', 6, 'Marilyn Foster', 1),
('CS432', 2, 'Barbara Johnson', 1),
('CS459', 6, 'Sandra Jenkins', 1),
('ECON107', 6, 'James Lane', 1),
('ECON186', 4, 'Mildred Webb', 1),
('ECON187', 2, 'Timothy Gonzalez', 1),
('ECON189', 5, 'Michelle Long', 1),
('ECON204', 6, 'Jesse Diaz', 1),
('ECON213', 3, 'Sarah King', 1),
('ECON281', 5, 'Robert Turner', 1),
('ECON294', 6, 'Sharon Bryant', 1),
('ECON311', 3, 'Jennifer Nelson', 1),
('ECON332', 5, 'Matthew Frazier', 1),
('ECON337', 4, 'Kathleen Romero', 1),
('ECON348', 3, 'Lois Bell', 1),
('ECON365', 5, 'Dorothy Bradley', 1),
('ECON390', 6, 'Mildred Knight', 1),
('ECON391', 4, 'Steve Elliott', 1),
('ECON399', 2, 'Amanda Daniels', 1),
('ECON462', 4, 'Tammy Hall', 1),
('ECON474', 2, 'Kevin Ferguson', 1),
('ECON485', 5, 'Evelyn Powell', 1),
('EE109', 4, 'Susan Stewart', 1),
('EE125', 5, 'Anne Ramirez', 1),
('EE133', 2, 'Amanda Ramirez', 1),
('EE137', 3, 'Eugene Woods', 1),
('EE153', 2, 'Phyllis Mitchell', 1),
('EE164', 3, 'Randy Chapman', 1),
('EE210', 2, 'Susan Mccoy', 1),
('EE230', 3, 'Roy Owens', 1),
('EE234', 6, 'Martha Snyder', 1),
('EE244', 6, 'Christine Larson', 1),
('EE248', 3, 'Joseph Hudson', 1),
('EE256', 3, 'Clarence Kelly', 1),
('EE258', 2, 'Patrick Grant', 1),
('EE272', 4, 'Jimmy Edwards', 1),
('EE273', 3, 'Betty Larson', 1),
('EE277', 3, 'Kathy Murphy', 1),
('EE342', 6, 'Janice Walker', 1),
('EE351', 4, 'Jennifer George', 1),
('EE393', 2, 'Patrick Taylor', 1),
('EE426', 4, 'Craig Holmes', 1),
('EE459', 2, 'Evelyn Barnes', 1),
('EE460', 4, 'Albert Young', 1),
('EE465', 5, 'Wayne Woods', 1),
('EE483', 2, 'Jason Ross', 1),
('EE488', 5, 'Virginia Fernandez', 1),
('ENG228', 4, 'Elizabeth Bennett', 1),
('ENG233', 4, 'Scott Myers', 1),
('ENG236', 2, 'Anna Johnson', 1),
('ENG258', 2, 'Walter Pierce', 1),
('ENG285', 3, 'Ralph Jones', 1),
('ENG292', 4, 'Aaron Lopez', 1),
('ENG300', 5, 'Lori Fields', 1),
('ENG330', 3, 'Linda Moreno', 1),
('ENG359', 2, 'Sarah Chavez', 1),
('ENG366', 6, 'Ernest Griffin', 1),
('ENG368', 5, 'Anne Powell', 1),
('ENG374', 6, 'Edward Little', 1),
('ENG377', 2, 'Louise Cunningham', 1),
('ENG413', 3, 'Alice Thompson', 1),
('ENG444', 3, 'Theresa Burke', 1),
('ENG455', 5, 'Paul Banks', 1),
('HIST114', 2, 'Willie Grant', 1),
('HIST148', 6, 'Stephanie Tucker', 1),
('HIST166', 3, 'Gregory White', 1),
('HIST178', 5, 'Wanda Marshall', 1),
('HIST187', 6, 'Emily Richardson', 1),
('HIST205', 5, 'Jesse Kim', 1),
('HIST227', 5, 'Frances Ortiz', 1),
('HIST241', 6, 'Betty Alvarez', 1),
('HIST259', 4, 'Helen Barnes', 1),
('HIST277', 2, 'Ronald Harrison', 1),
('HIST282', 4, 'Christopher Andrews', 1),
('HIST331', 6, 'Kathleen Peterson', 1),
('HIST332', 6, 'Jennifer Perez', 1),
('HIST342', 3, 'Laura Adams', 1),
('HIST357', 3, 'Fred Griffin', 1),
('HIST367', 3, 'Martin Cunningham', 1),
('HIST377', 4, 'Judy Kim', 1),
('HIST400', 3, 'William Myers', 1),
('HIST420', 6, 'Sean Thompson', 1),
('HIST465', 2, 'Patrick Stevens', 1),
('IE108', 2, 'Annie Welch', 1),
('IE116', 2, 'Kathleen Hansen', 1),
('IE136', 3, 'Christopher Hudson', 1),
('IE139', 2, 'Dorothy Berry', 1),
('IE196', 6, 'Jerry Dixon', 1),
('IE229', 2, 'Albert Richards', 1),
('IE255', 5, 'Gregory Sanchez', 1),
('IE269', 3, 'Willie Burns', 1),
('IE335', 5, 'Phyllis Griffin', 1),
('IE348', 6, 'Howard Payne', 1),
('IE357', 2, 'Maria Graham', 1),
('IE376', 2, 'Barbara Stewart', 1),
('IE412', 6, 'Brandon Mccoy', 1),
('IE422', 3, 'James Weaver', 1),
('IE454', 4, 'Dorothy Willis', 1),
('IE455', 3, 'Nicholas Ross', 1),
('IE457', 6, 'Walter Alexander', 1),
('IE460', 5, 'Phillip Morris', 1),
('IE463', 2, 'Jason Williamson', 1),
('IE466', 6, 'Walter Wilson', 1),
('IE493', 6, 'Shawn Howell', 1),
('IR101', 2, 'Christina Owens', 1),
('IR115', 2, 'Annie Meyer', 1),
('IR117', 6, 'Joseph Willis', 1),
('IR133', 5, 'Alan Ryan', 1),
('IR167', 5, 'Douglas Burton', 1),
('IR171', 3, 'Roger Arnold', 1),
('IR185', 5, 'Joan Griffin', 1),
('IR187', 2, 'Russell Wallace', 1),
('IR188', 5, 'Jeremy Gonzales', 1),
('IR222', 3, 'Janice Crawford', 1),
('IR225', 2, 'Gerald Adams', 1),
('IR247', 6, 'Amanda King', 1),
('IR268', 3, 'Dorothy Gilbert', 1),
('IR313', 2, 'Peter Barnes', 1),
('IR371', 6, 'Ernest Hamilton', 1),
('IR383', 3, 'Kathryn Turner', 1),
('IR399', 5, 'Karen Clark', 1),
('IR407', 3, 'Bruce Burton', 1),
('IR408', 3, 'Eugene Hernandez', 1),
('IR447', 5, 'Brenda Reynolds', 1),
('IR454', 4, 'Debra Tucker', 1),
('IR495', 3, 'Diana Duncan', 1),
('MATH131', 4, 'Bobby Jackson', 1),
('MATH156', 2, 'Ruby Spencer', 1),
('MATH216', 5, 'Doris Richards', 1),
('MATH235', 6, 'Margaret Grant', 1),
('MATH256', 5, 'Shawn Bailey', 1),
('MATH283', 4, 'Howard Russell', 1),
('MATH300', 5, 'Stephanie Weaver', 1),
('MATH315', 2, 'Kimberly West', 1),
('MATH336', 6, 'Amanda Torres', 1),
('MATH400', 4, 'Edward Richards', 1),
('MATH421', 2, 'Joan Diaz', 1),
('MATH432', 2, 'Benjamin Green', 1),
('MATH437', 3, 'Ryan Wells', 1),
('MATH442', 3, 'Nancy Medina', 1),
('MATH463', 5, 'Jeremy Martinez', 1),
('ME107', 3, 'Laura Turner', 1),
('ME136', 5, 'Edward Jenkins', 1),
('ME199', 4, 'Mildred Cox', 1),
('ME246', 4, 'Jacqueline Watkins', 1),
('ME337', 5, 'Bobby Fisher', 1),
('ME345', 6, 'Louis Ruiz', 1),
('ME453', 6, 'Fred Stephens', 1),
('ME460', 2, 'Roger Day', 1),
('ME466', 2, 'Louise Foster', 1),
('ME494', 5, 'Deborah Fuller', 1),
('ME498', 5, 'Albert Morris', 1),
('MGMT105', 4, 'Brenda Dunn', 1),
('MGMT108', 5, 'Louis Ferguson', 1),
('MGMT112', 6, 'David Ray', 1),
('MGMT114', 3, 'Mark Mills', 1),
('MGMT117', 5, 'Harold Alvarez', 1),
('MGMT147', 5, 'Harry Lynch', 1),
('MGMT161', 6, 'Steve Ford', 1),
('MGMT174', 3, 'Helen Burke', 1),
('MGMT220', 5, 'Marilyn Perry', 1),
('MGMT272', 4, 'Benjamin Larson', 1),
('MGMT282', 6, 'Gregory Carter', 1),
('MGMT288', 6, 'Clarence Stone', 1),
('MGMT292', 2, 'Kathryn Carroll', 1),
('MGMT329', 4, 'Kathryn Bowman', 1),
('MGMT348', 6, 'Stephanie Chavez', 1),
('MGMT358', 6, 'Brandon Graham', 1),
('MGMT397', 5, 'Raymond Dixon', 1),
('MGMT428', 2, 'Steven Vasquez', 1),
('MGMT497', 4, 'Debra Burke', 1),
('PHYS102', 6, 'Wayne Hart', 1),
('PHYS114', 2, 'Beverly Bryant', 1),
('PHYS122', 4, 'Jennifer Woods', 1),
('PHYS137', 2, 'Kathryn Hernandez', 1),
('PHYS152', 6, 'Kelly Wood', 1),
('PHYS169', 6, 'Charles Gutierrez', 1),
('PHYS193', 4, 'Katherine Wheeler', 1),
('PHYS200', 6, 'Sarah Moore', 1),
('PHYS206', 2, 'Diana Gilbert', 1),
('PHYS246', 2, 'Randy Holmes', 1),
('PHYS248', 4, 'Elizabeth Baker', 1),
('PHYS249', 5, 'Randy Vasquez', 1),
('PHYS251', 5, 'Tammy Jacobs', 1),
('PHYS292', 3, 'Evelyn Morales', 1),
('PHYS313', 3, 'Jessica Gardner', 1),
('PHYS356', 5, 'Carolyn Davis', 1),
('PHYS359', 2, 'Michael Mason', 1),
('PHYS379', 6, 'Nicole Ellis', 1),
('PHYS405', 6, 'Diana Elliott', 1),
('PHYS413', 5, 'Jose Greene', 1),
('PHYS464', 2, 'Larry Nichols', 1),
('PHYS471', 6, 'Michael Foster', 1),
('SOC118', 3, 'Jesse Nichols', 1),
('SOC148', 6, 'Rebecca Ortiz', 1),
('SOC150', 2, 'Gloria Mccoy', 1),
('SOC163', 2, 'William Garrett', 1),
('SOC173', 5, 'Shirley Reed', 1),
('SOC182', 3, 'Mark Lane', 1),
('SOC192', 6, 'Louis Taylor', 1),
('SOC196', 3, 'Jesse Payne', 1),
('SOC269', 2, 'Martin Castillo', 1),
('SOC298', 2, 'Melissa Butler', 1),
('SOC299', 4, 'Wanda Woods', 1),
('SOC323', 2, 'Timothy Rice', 1),
('SOC343', 5, 'Mary Bryant', 1),
('SOC364', 2, 'Kimberly Henry', 1),
('SOC367', 5, 'Amanda Wallace', 1),
('SOC374', 3, 'Annie Moore', 1),
('SOC391', 4, 'Jennifer Snyder', 1),
('SOC410', 4, 'Patrick Green', 1),
('SOC415', 5, 'Jane Davis', 1),
('TLL109', 2, 'Sara Banks', 1),
('TLL131', 5, 'Virginia Ramos', 1),
('TLL195', 5, 'Antonio Crawford', 1),
('TLL215', 6, 'Jose Harvey', 1),
('TLL235', 2, 'Ronald Wells', 1),
('TLL243', 2, 'William Coleman', 1),
('TLL276', 2, 'Diana Hernandez', 1),
('TLL343', 2, 'Kenneth Washington', 1),
('TLL345', 4, 'Denise Baker', 1),
('TLL369', 2, 'Willie Gray', 1),
('TLL396', 3, 'Jean Armstrong', 1),
('TLL411', 3, 'Jeremy Larson', 1),
('TLL420', 2, 'Larry Hall', 1),
('TLL435', 4, 'Jesse Marshall', 1),
('TLL450', 5, 'Eugene Cruz', 1),
('TLL451', 4, 'Rachel Thomas', 1),
('TLL473', 3, 'Benjamin Medina', 1);

-- --------------------------------------------------------

--
-- Table structure for table `CoursesTaken`
--

CREATE TABLE `CoursesTaken` (
  `USER_ID` varchar(10) NOT NULL,
  `COURSE_ID` varchar(10) NOT NULL
) ENGINE=InnoDB DEFAULT CHARSET=latin1;

--
-- Dumping data for table `CoursesTaken`
--

INSERT INTO `CoursesTaken` (`USER_ID`, `COURSE_ID`) VALUES
('S001146', 'PHYS200'),
('S001146', 'CS348'),
('S001146', 'EE244'),
('S001146', 'IR115'),
('S001146', 'HIST166'),
('S001146', 'CS432'),
('S001146', 'ENG444'),
('S001156', 'HIST342'),
('S001156', 'IE466'),
('S001156', 'HIST400'),
('S001156', 'CE440'),
('S001305', 'MGMT329'),
('S001305', 'ECON281'),
('S001305', 'SOC192'),
('S001305', 'ENG413'),
('S001305', 'TLL451'),
('S001352', 'EE133'),
('S001352', 'SOC364'),
('S001352', 'ENG300'),
('S001352', 'EE234'),
('S001383', 'MATH421'),
('S001383', 'MGMT497'),
('S001383', 'IE108'),
('S001525', 'ME136'),
('S001525', 'SOC148'),
('S001525', 'HIST114'),
('S001525', 'IE376'),
('S001525', 'IE493'),
('S001525', 'MATH421'),
('S001867', 'MATH283'),
('S001867', 'SOC374'),
('S001867', 'ENG236'),
('S001867', 'ECON332'),
('S001867', 'MATH256'),
('S001867', 'TLL109'),
('S001908', 'SOC182'),
('S001908', 'PHYS249'),
('S001908', 'CS158'),
('S001908', 'CS183'),
('S001908', 'BUS419'),
('S001908', 'CS101'),
('S001908', 'IE376'),
('S001970', 'BUS491'),
('S001970', 'EE258'),
('S001970', 'TLL345'),
('S001970', 'ECON189'),
('S001970', 'TLL109'),
('S001970', 'MATH131'),
('S001972', 'PHYS251'),
('S001972', 'IR171'),
('S001972', 'IR495'),
('S001972', 'BUS200'),
('S001996', 'CE343'),
('S001996', 'CS230'),
('S001996', 'SOC182'),
('S001996', 'MGMT348'),
('S001996', 'BUS207'),
('S001996', 'ENG258'),
('S002044', 'IE229'),
('S002044', 'IR185'),
('S002044', 'EE342'),
('S002044', 'TLL131'),
('S002044', 'MGMT288'),
('S002044', 'IR408'),
('S002071', 'IE460'),
('S002071', 'HIST357'),
('S002071', 'IR371'),
('S002071', 'TLL473'),
('S002213', 'SOC182'),
('S002213', 'ENG413'),
('S002213', 'PHYS249'),
('S002234', 'ECON399'),
('S002234', 'CE359'),
('S002234', 'CS199'),
('S002234', 'HIST357'),
('S002234', 'CS340'),
('S002234', 'EE273'),
('S002238', 'PHYS200'),
('S002238', 'CS324'),
('S002238', 'EE137'),
('S002238', 'EE459'),
('S002281', 'HIST241'),
('S002281', 'HIST377'),
('S002281', 'PHYS464'),
('S002281', 'PHYS379'),
('S002281', 'BUS288'),
('S002281', 'BUS158'),
('S002414', 'SOC299'),
('S002414', 'ENG455'),
('S002414', 'SOC415'),
('S002460', 'EE125'),
('S002460', 'TLL131'),
('S002460', 'MATH421'),
('S002460', 'PHYS200'),
('S002460', 'IE116'),
('S002584', 'IR313'),
('S002584', 'BUS198'),
('S002584', 'CE126'),
('S002750', 'CE359'),
('S002750', 'CS391'),
('S002750', 'ECON337'),
('S002750', 'PHYS356'),
('S002814', 'HIST259'),
('S002814', 'ECON186'),
('S002814', 'TLL420'),
('S002814', 'HIST377'),
('S002814', 'BUS288'),
('S002842', 'MATH300'),
('S002842', 'BUS188'),
('S002842', 'TLL243'),
('S002909', 'EE256'),
('S002909', 'IR408'),
('S002909', 'CE491'),
('S003014', 'ECON474'),
('S003014', 'EE230'),
('S003014', 'IE457'),
('S003014', 'BUS200'),
('S003014', 'CS101'),
('S003014', 'TLL473'),
('S003041', 'SOC410'),
('S003041', 'BUS377'),
('S003041', 'BUS138'),
('S003041', 'TLL343'),
('S003041', 'MATH400'),
('S003051', 'PHYS249'),
('S003051', 'IR133'),
('S003051', 'CS392'),
('S003051', 'ECON281'),
('S003052', 'CS230'),
('S003052', 'MGMT497'),
('S003052', 'MATH131'),
('S003079', 'HIST367'),
('S003079', 'CS382'),
('S003079', 'IR371'),
('S003079', 'SOC374'),
('S003079', 'IR313'),
('S003120', 'ME199'),
('S003120', 'MATH336'),
('S003120', 'MGMT220'),
('S003120', 'SOC182'),
('S003120', 'ECON294'),
('S003120', 'MGMT329'),
('S003230', 'PHYS193'),
('S003230', 'CS177'),
('S003230', 'IR371'),
('S003230', 'CS285'),
('S003230', 'ME494'),
('S003231', 'MGMT220'),
('S003231', 'CS154'),
('S003231', 'BUS487'),
('S003231', 'EE351'),
('S003231', 'IR371'),
('S003231', 'BUS209'),
('S003307', 'ENG444'),
('S003307', 'PHYS249'),
('S003307', 'CS340'),
('S003317', 'CS158'),
('S003317', 'IR101'),
('S003317', 'IR185'),
('S003317', 'CS183'),
('S003373', 'HIST331'),
('S003373', 'IR313'),
('S003373', 'IR447'),
('S003373', 'BUS175'),
('S003457', 'ME460'),
('S003457', 'CS101'),
('S003457', 'MATH437'),
('S003457', 'IE460'),
('S003475', 'EE210'),
('S003475', 'BUS118'),
('S003475', 'IE255'),
('S003475', 'CS387'),
('S003475', 'BUS198'),
('S003475', 'ME494'),
('S003475', 'MGMT358'),
('S003644', 'MATH442'),
('S003644', 'IR495'),
('S003644', 'CS342'),
('S003644', 'PHYS405'),
('S003644', 'IR115'),
('S003644', 'PHYS356'),
('S003644', 'ECON337'),
('S003663', 'EE133'),
('S003663', 'TLL411'),
('S003663', 'PHYS379'),
('S003688', 'ECON189'),
('S003688', 'CE463'),
('S003688', 'HIST400'),
('S003688', 'ECON311'),
('S003688', 'ME337'),
('S003688', 'CE343'),
('S003752', 'HIST357'),
('S003752', 'IR171'),
('S003752', 'HIST166'),
('S003842', 'ME246'),
('S003842', 'SOC415'),
('S003842', 'IE357'),
('S003842', 'CS392'),
('S003842', 'TLL235'),
('S003842', 'PHYS206'),
('S003847', 'TLL411'),
('S003847', 'TLL473'),
('S003847', 'HIST282'),
('S003847', 'MGMT108'),
('S003847', 'CE354'),
('S003865', 'IR171'),
('S003865', 'CE463'),
('S003865', 'BUS377'),
('S003865', 'ECON485'),
('S003865', 'SOC299'),
('S003865', 'MGMT161'),
('S003865', 'SOC150'),
('S003931', 'EE109'),
('S003931', 'TLL131'),
('S003931', 'CS424'),
('S003930', 'SOC118'),
('S003930', 'IE229'),
('S003930', 'IR407'),
('S003930', 'ECON294'),
('S003930', 'PHYS122'),
('S003930', 'CS399'),
('S003954', 'CS424'),
('S003954', 'TLL109'),
('S003954', 'IR454'),
('S003954', 'SOC192'),
('S003954', 'IE463'),
('S003977', 'TLL411'),
('S003977', 'MGMT397'),
('S003977', 'SOC148'),
('S004032', 'IE466'),
('S004032', 'PHYS471'),
('S004032', 'CS324'),
('S004032', 'PHYS379'),
('S004032', 'MATH400'),
('S004032', 'TLL369'),
('S004032', 'CS101'),
('S004070', 'MGMT397'),
('S004070', 'EE244'),
('S004070', 'IR447'),
('S004309', 'BUS391'),
('S004309', 'BUS288'),
('S004309', 'SOC192'),
('S004351', 'SOC196'),
('S004351', 'PHYS193'),
('S004351', 'IE422'),
('S004351', 'HIST114'),
('S004351', 'ENG377'),
('S004379', 'ENG366'),
('S004379', 'TLL369'),
('S004379', 'BUS243'),
('S004423', 'PHYS206'),
('S004423', 'ENG228'),
('S004423', 'CE192'),
('S004429', 'EE426'),
('S004429', 'PHYS206'),
('S004429', 'EE133'),
('S004429', 'CS424'),
('S004429', 'CE153'),
('S004429', 'MATH432'),
('S004440', 'EE210'),
('S004440', 'PHYS405'),
('S004440', 'CE189'),
('S004458', 'PHYS292'),
('S004458', 'IE255'),
('S004458', 'EE393'),
('S004458', 'EE109'),
('S004458', 'SOC298'),
('S004458', 'ECON189'),
('S004494', 'ENG330'),
('S004494', 'MATH216'),
('S004494', 'ENG300'),
('S004494', 'CS391'),
('S004500', 'ECON189'),
('S004500', 'CE268'),
('S004500', 'TLL109'),
('S004500', 'HIST367'),
('S004500', 'ME345'),
('S004500', 'ECON399'),
('S004648', 'ME460'),
('S004648', 'EE125'),
('S004648', 'ME498'),
('S004648', 'BUS171'),
('S004780', 'IE454'),
('S004780', 'PHYS379'),
('S004780', 'EE393'),
('S004780', 'ENG444'),
('S004780', 'MGMT292'),
('S004809', 'CE268'),
('S004809', 'ME453'),
('S004809', 'IR247'),
('S004809', 'IR454'),
('S004848', 'ENG233'),
('S004848', 'CS101'),
('S004848', 'ME466'),
('S004848', 'PHYS313'),
('S004848', 'CS324'),
('S004848', 'CE329'),
('S004898', 'MATH235'),
('S004898', 'CE254'),
('S004898', 'BUS188'),
('S004898', 'TLL343'),
('S004898', 'BUS496'),
('S004913', 'PHYS356'),
('S004913', 'PHYS152'),
('S004913', 'IE136'),
('S004913', 'MATH437'),
('S004913', 'ECON187'),
('S004927', 'TLL369'),
('S004927', 'EE153'),
('S004927', 'TLL343'),
('S004927', 'CS348'),
('S004927', 'CE268'),
('S004927', 'PHYS248'),
('S004927', 'MATH283'),
('S005080', 'MATH432'),
('S005080', 'IE335'),
('S005080', 'PHYS169'),
('S005080', 'MGMT348'),
('S005080', 'PHYS122'),
('S005080', 'CS177'),
('S005098', 'IR222'),
('S005098', 'CE192'),
('S005098', 'IE255'),
('S005098', 'IE136'),
('S005098', 'BUS394'),
('S005098', 'IR115'),
('S005098', 'PHYS206'),
('S005185', 'HIST114'),
('S005185', 'EE258'),
('S005185', 'ECON281'),
('S005267', 'TLL411'),
('S005267', 'IR185'),
('S005267', 'PHYS292'),
('S005267', 'ENG377'),
('S005267', 'MATH400'),
('S005267', 'PHYS246'),
('S005273', 'SOC391'),
('S005273', 'MATH156'),
('S005273', 'PHYS471'),
('S005273', 'BUS207'),
('S005273', 'EE230'),
('S005273', 'HIST367'),
('S005442', 'CS201'),
('S005442', 'HIST282'),
('S005442', 'IE357'),
('S005442', 'IR187'),
('S005442', 'EE426'),
('S005442', 'EE230'),
('S005442', 'ENG366'),
('S005535', 'HIST367'),
('S005535', 'EE483'),
('S005535', 'IE196'),
('S005535', 'CS348'),
('S005535', 'ME498'),
('S005543', 'ECON107'),
('S005543', 'CS230'),
('S005543', 'IE422'),
('S005543', 'SOC410'),
('S005543', 'IE136'),
('S005543', 'CS387'),
('S005696', 'ENG236'),
('S005696', 'MGMT220'),
('S005696', 'CS432'),
('S005696', 'CS272'),
('S005696', 'CE192'),
('S005696', 'ENG377'),
('S005876', 'MGMT117'),
('S005876', 'HIST205'),
('S005876', 'MATH442'),
('S005876', 'MGMT292'),
('S005876', 'SOC410'),
('S005876', 'ECON391'),
('S005982', 'PHYS251'),
('S005982', 'SOC150'),
('S005982', 'ECON337'),
('S005982', 'IE255'),
('S005982', 'PHYS200'),
('S005982', 'CS230'),
('S005987', 'SOC343'),
('S005987', 'CS340'),
('S005987', 'PHYS471'),
('S005987', 'TLL345'),
('S005987', 'ECON462'),
('S006003', 'BUS171'),
('S006003', 'SOC415'),
('S006003', 'CS391'),
('S006003', 'HIST465'),
('S006003', 'MATH421'),
('S006031', 'IR225'),
('S006031', 'SOC391'),
('S006031', 'CE463'),
('S006031', 'MGMT292'),
('S006031', 'ME246'),
('S006031', 'HIST277'),
('S006031', 'HIST178'),
('S006147', 'ME494'),
('S006147', 'CE416'),
('S006147', 'ENG368'),
('S006147', 'IR187'),
('S006147', 'CS225'),
('S006161', 'IE108'),
('S006161', 'PHYS413'),
('S006161', 'BUS243'),
('S006161', 'SOC182'),
('S006198', 'CE268'),
('S006198', 'MGMT292'),
('S006198', 'CE416'),
('S006198', 'SOC163'),
('S006270', 'SOC298'),
('S006270', 'CS201'),
('S006270', 'TLL195'),
('S006270', 'MATH315'),
('S006270', 'IR225'),
('S006270', 'ENG236'),
('S006270', 'BUS381'),
('S006329', 'ECON189'),
('S006329', 'HIST148'),
('S006329', 'SOC374'),
('S006329', 'BUS199'),
('S006329', 'IR115'),
('S006460', 'HIST166'),
('S006460', 'ECON390'),
('S006460', 'TLL195'),
('S006460', 'MGMT282'),
('S006460', 'HIST342'),
('S006460', 'IR171'),
('S006479', 'PHYS359'),
('S006479', 'CS382'),
('S006479', 'HIST241'),
('S006479', 'ENG300'),
('S006479', 'CS183'),
('S006541', 'HIST241'),
('S006541', 'ME246'),
('S006541', 'IE139'),
('S006541', 'ECON462'),
('S006541', 'BUS391'),
('S006541', 'PHYS114'),
('S006728', 'EE272'),
('S006728', 'ECON332'),
('S006728', 'PHYS200'),
('S006737', 'BUS118'),
('S006737', 'SOC298'),
('S006737', 'TLL451'),
('S006737', 'TLL243'),
('S006777', 'HIST187'),
('S006777', 'CS340'),
('S006777', 'CS199'),
('S006777', 'IE455'),
('S006777', 'IE348'),
('S006777', 'ECON294'),
('S006777', 'IR447'),
('S006782', 'MGMT105'),
('S006782', 'IE255'),
('S006782', 'PHYS292'),
('S006782', 'IR454'),
('S006976', 'EE230'),
('S006976', 'MATH256'),
('S006976', 'SOC192'),
('S006976', 'TLL215'),
('S006976', 'IR407'),
('S007050', 'PHYS313'),
('S007050', 'BUS377'),
('S007050', 'PHYS102'),
('S007109', 'HIST331'),
('S007109', 'MATH400'),
('S007109', 'TLL451'),
('S007109', 'SOC299'),
('S007109', 'IR268'),
('S007148', 'BUS374'),
('S007148', 'IR454'),
('S007148', 'CS183'),
('S007148', 'MGMT114'),
('S007149', 'BUS199'),
('S007149', 'SOC364'),
('S007149', 'ME498'),
('S007149', 'CS177'),
('S007149', 'IE229'),
('S007149', 'ECON186'),
('S007149', 'ECON485'),
('S007217', 'CE189'),
('S007217', 'BUS200'),
('S007217', 'IR313'),
('S007217', 'ECON391'),
('S007217', 'PHYS102'),
('S007217', 'PHYS249'),
('S007238', 'EE459'),
('S007238', 'TLL345'),
('S007238', 'CE354'),
('S007330', 'ME345'),
('S007330', 'MATH421'),
('S007330', 'SOC415'),
('S007408', 'TLL343'),
('S007408', 'CS158'),
('S007408', 'MATH442'),
('S007408', 'CS225'),
('S007408', 'IR225'),
('S007408', 'IE463'),
('S007408', 'PHYS114'),
('S007672', 'MGMT105'),
('S007672', 'IR225'),
('S007672', 'MATH437'),
('S007672', 'IE457'),
('S007672', 'CS324'),
('S007672', 'MGMT358'),
('S007689', 'ENG236'),
('S007689', 'TLL276'),
('S007689', 'HIST357'),
('S007689', 'TLL343'),
('S007693', 'PHYS251'),
('S007693', 'CE329'),
('S007693', 'MGMT147'),
('S007693', 'TLL420'),
('S007693', 'EE244'),
('S007701', 'IR408'),
('S007701', 'ECON474'),
('S007701', 'MATH437'),
('S007701', 'CS342'),
('S007813', 'ENG377'),
('S007813', 'EE133'),
('S007813', 'CE329'),
('S007813', 'ENG455'),
('S007813', 'CE431'),
('S007813', 'ECON187'),
('S007884', 'HIST148'),
('S007884', 'PHYS206'),
('S007884', 'CE153'),
('S007884', 'ME107'),
('S007884', 'SOC192'),
('S007884', 'HIST114'),
('S007884', 'ENG300'),
('S007928', 'BUS374'),
('S007928', 'CS101'),
('S007928', 'IE108'),
('S007928', 'PHYS102'),
('S007928', 'BUS198'),
('S007928', 'HIST282'),
('S007929', 'ENG233'),
('S007929', 'BUS138'),
('S007929', 'CE131'),
('S007929', 'EE483'),
('S007929', 'ENG359'),
('S007929', 'ECON311'),
('S007934', 'CE192'),
('S007934', 'CE491'),
('S007934', 'PHYS200'),
('S007934', 'ENG374'),
('S007934', 'TLL243'),
('S007934', 'PHYS292'),
('S007979', 'ENG258'),
('S007979', 'CS285'),
('S007979', 'CE431'),
('S007988', 'BUS118'),
('S007988', 'CE400'),
('S007988', 'ME107'),
('S008085', 'ECON189'),
('S008085', 'SOC364'),
('S008085', 'ENG413'),
('S008085', 'CS432'),
('S008085', 'CE416'),
('S008085', 'EE488'),
('S008085', 'CS361'),
('S008146', 'IR185'),
('S008146', 'PHYS359'),
('S008146', 'BUS171'),
('S008146', 'TLL243'),
('S008146', 'PHYS152'),
('S008146', 'HIST187'),
('S008146', 'EE342'),
('S008186', 'MATH216'),
('S008186', 'IR188'),
('S008186', 'MATH283'),
('S008196', 'EE460'),
('S008196', 'EE109'),
('S008196', 'ECON474'),
('S008196', 'SOC410'),
('S008196', 'MGMT497'),
('S008244', 'SOC148'),
('S008244', 'ME199'),
('S008244', 'BUS158'),
('S008244', 'ENG233'),
('S008244', 'EE277'),
('S008244', 'CE463'),
('S008244', 'SOC150'),
('S008300', 'IE454'),
('S008300', 'EE465'),
('S008300', 'PHYS152'),
('S008300', 'IR115'),
('S008300', 'MGMT358'),
('S008300', 'TLL109'),
('S008302', 'PHYS114'),
('S008302', 'MATH216'),
('S008302', 'SOC118'),
('S008302', 'CS432'),
('S008302', 'BUS200'),
('S008343', 'MGMT292'),
('S008343', 'PHYS102'),
('S008343', 'IE422'),
('S008343', 'HIST241'),
('S008343', 'ENG236'),
('S008361', 'ME246'),
('S008361', 'CS158'),
('S008361', 'EE258'),
('S008369', 'ME498'),
('S008369', 'MGMT105'),
('S008369', 'PHYS313'),
('S008369', 'BUS381'),
('S008369', 'ENG292'),
('S008394', 'ECON187'),
('S008394', 'CE491'),
('S008394', 'BUS175'),
('S008394', 'IR117'),
('S008407', 'SOC391'),
('S008407', 'ECON337'),
('S008407', 'IE357'),
('S008407', 'BUS496'),
('S008407', 'MGMT348'),
('S008407', 'HIST178'),
('S008407', 'TLL131'),
('S008588', 'BUS207'),
('S008588', 'SOC118'),
('S008588', 'SOC192'),
('S008588', 'IR115'),
('S008588', 'IR185'),
('S008774', 'ME136'),
('S008774', 'IR407'),
('S008774', 'HIST114'),
('S008774', 'ECON107'),
('S008905', 'BUS377'),
('S008905', 'PHYS356'),
('S008905', 'BUS487'),
('S008905', 'MATH400'),
('S008929', 'BUS254'),
('S008929', 'SOC269'),
('S008929', 'CE268'),
('S008929', 'CS424'),
('S008940', 'TLL131'),
('S008940', 'BUS198'),
('S008940', 'IE116'),
('S008940', 'ECON462'),
('S009155', 'CE491'),
('S009155', 'IE454'),
('S009155', 'IR188'),
('S009155', 'IR399'),
('S009155', 'MATH437'),
('S009155', 'EE258'),
('S009155', 'CS225'),
('S009227', 'SOC196'),
('S009227', 'BUS198'),
('S009227', 'EE351'),
('S009227', 'CS392'),
('S009227', 'EE256'),
('S009227', 'IE269'),
('S009227', 'BUS391'),
('S009296', 'PHYS356'),
('S009296', 'CE343'),
('S009296', 'EE483'),
('S009296', 'IE463'),
('S009296', 'CS177'),
('S009296', 'PHYS248'),
('S009296', 'IR115'),
('S009322', 'SOC163'),
('S009322', 'SOC367'),
('S009322', 'CE463'),
('S009352', 'MATH300'),
('S009352', 'CS340'),
('S009352', 'IE255'),
('S009352', 'BUS381'),
('S009352', 'SOC343'),
('S009352', 'IE457'),
('S009352', 'IE116'),
('S009379', 'IE457'),
('S009379', 'BUS209'),
('S009379', 'BUS175'),
('S009504', 'ME337'),
('S009504', 'CE440'),
('S009504', 'IE460'),
('S009504', 'HIST400'),
('S009504', 'TLL435'),
('S009601', 'HIST148'),
('S009601', 'IE460'),
('S009601', 'HIST400'),
('S009601', 'EE351'),
('S009601', 'SOC299'),
('S009601', 'BUS200'),
('S009601', 'EE153'),
('S009603', 'CE440'),
('S009603', 'SOC298'),
('S009603', 'EE258'),
('S009603', 'EE273'),
('S009603', 'ME466'),
('S009604', 'ME199'),
('S009604', 'CE463'),
('S009604', 'SOC323'),
('S009632', 'ECON462'),
('S009632', 'BUS288'),
('S009632', 'IR187'),
('S009632', 'CS158'),
('S009632', 'ME246'),
('S009632', 'ME107'),
('S009632', 'MGMT292'),
('S009644', 'PHYS193'),
('S009644', 'SOC163'),
('S009644', 'PHYS464'),
('S009693', 'IE457'),
('S009693', 'CS256'),
('S009693', 'MATH336'),
('S009747', 'EE234'),
('S009747', 'HIST187'),
('S009747', 'HIST227'),
('S009747', 'PHYS152'),
('S009747', 'IE108'),
('S009754', 'BUS391'),
('S009754', 'ECON189'),
('S009754', 'HIST178'),
('S009754', 'SOC374'),
('S009769', 'CE192'),
('S009769', 'BUS200'),
('S009769', 'EE465'),
('S009769', 'ECON390'),
('S009769', 'CE189'),
('S009769', 'MGMT117'),
('S009769', 'MGMT108'),
('S009795', 'CS199'),
('S009795', 'MATH442'),
('S009795', 'EE248'),
('S009795', 'TLL109'),
('S009809', 'MATH156'),
('S009809', 'MGMT428'),
('S009809', 'EE230'),
('S009809', 'MATH463'),
('S009809', 'IR188'),
('S009809', 'ECON462'),
('S009839', 'CS158'),
('S009839', 'PHYS356'),
('S009839', 'PHYS413'),
('S009839', 'CE400'),
('S009839', 'EE272'),
('S009912', 'PHYS292'),
('S009912', 'MGMT288'),
('S009912', 'ECON281'),
('S009912', 'ENG374'),
('S009912', 'TLL451'),
('S009912', 'MGMT117'),
('S009964', 'MATH156'),
('S009964', 'MGMT428'),
('S009964', 'EE460'),
('S009964', 'TLL215'),
('S009964', 'CE153');

-- --------------------------------------------------------

--
-- Table structure for table `Friendship`
--

CREATE TABLE `Friendship` (
  `FIRST_USER_ID` varchar(10) NOT NULL,
  `SECOND_USER_ID` varchar(10) NOT NULL
) ENGINE=InnoDB DEFAULT CHARSET=latin1;

--
-- Dumping data for table `Friendship`
--

INSERT INTO `Friendship` (`FIRST_USER_ID`, `SECOND_USER_ID`) VALUES
('S001146', 'S004429'),
('S004429', 'S001146'),
('S001146', 'S004898'),
('S004898', 'S001146'),
('S001146', 'S003457'),
('S003457', 'S001146'),
('S001146', 'S003475'),
('S003475', 'S001146'),
('S001146', 'S009296'),
('S009296', 'S001146'),
('S001146', 'S007238'),
('S007238', 'S001146'),
('S001146', 'S004309'),
('S004309', 'S001146'),
('S001146', 'S009379'),
('S009379', 'S001146'),
('S001146', 'S005185'),
('S005185', 'S001146'),
('S001146', 'S006161'),
('S006161', 'S001146'),
('S001146', 'S004780'),
('S004780', 'S001146'),
('S001146', 'S004070'),
('S004070', 'S001146'),
('S001146', 'S005098'),
('S005098', 'S001146'),
('S001146', 'S003847'),
('S003847', 'S001146'),
('S001146', 'S006031'),
('S006031', 'S001146'),
('S001146', 'S005987'),
('S005987', 'S001146'),
('S001146', 'S009644'),
('S009644', 'S001146'),
('S001146', 'S007884'),
('S007884', 'S001146'),
('S001146', 'S002044'),
('S002044', 'S001146'),
('S001146', 'S006728'),
('S006728', 'S001146'),
('S001146', 'S002238'),
('S002238', 'S001146'),
('S001146', 'S008300'),
('S008300', 'S001146'),
('S001146', 'S007979'),
('S007979', 'S001146'),
('S001146', 'S003842'),
('S003842', 'S001146'),
('S001146', 'S007149'),
('S007149', 'S001146'),
('S001146', 'S009632'),
('S009632', 'S001146'),
('S001146', 'S002842'),
('S002842', 'S001146'),
('S001156', 'S006976'),
('S006976', 'S001156'),
('S001156', 'S007988'),
('S007988', 'S001156'),
('S001156', 'S007148'),
('S007148', 'S001156'),
('S001156', 'S005696'),
('S005696', 'S001156'),
('S001156', 'S003663'),
('S003663', 'S001156'),
('S001156', 'S003865'),
('S003865', 'S001156'),
('S001156', 'S002584'),
('S002584', 'S001156'),
('S001156', 'S008929'),
('S008929', 'S001156'),
('S001156', 'S008186'),
('S008186', 'S001156'),
('S001156', 'S003041'),
('S003041', 'S001156'),
('S001156', 'S009296'),
('S009296', 'S001156'),
('S001156', 'S003051'),
('S003051', 'S001156'),
('S001156', 'S008196'),
('S008196', 'S001156'),
('S001156', 'S002414'),
('S002414', 'S001156'),
('S001156', 'S005080'),
('S005080', 'S001156'),
('S001156', 'S006003'),
('S006003', 'S001156'),
('S001156', 'S007408'),
('S007408', 'S001156'),
('S001305', 'S007988'),
('S007988', 'S001305'),
('S001305', 'S008244'),
('S008244', 'S001305'),
('S001305', 'S001383'),
('S001383', 'S001305'),
('S001305', 'S006479'),
('S006479', 'S001305'),
('S001305', 'S004898'),
('S004898', 'S001305'),
('S001305', 'S003230'),
('S003230', 'S001305'),
('S001305', 'S005080'),
('S005080', 'S001305'),
('S001305', 'S009632'),
('S009632', 'S001305'),
('S001305', 'S005543'),
('S005543', 'S001305'),
('S001305', 'S007929'),
('S007929', 'S001305'),
('S001305', 'S008146'),
('S008146', 'S001305'),
('S001305', 'S004780'),
('S004780', 'S001305'),
('S001305', 'S008085'),
('S008085', 'S001305'),
('S001305', 'S008394'),
('S008394', 'S001305'),
('S001305', 'S003842'),
('S003842', 'S001305'),
('S001305', 'S009352'),
('S009352', 'S001305'),
('S001305', 'S002071'),
('S002071', 'S001305'),
('S001305', 'S006460'),
('S006460', 'S001305'),
('S001305', 'S003307'),
('S003307', 'S001305'),
('S001305', 'S001996'),
('S001996', 'S001305'),
('S001305', 'S006270'),
('S006270', 'S001305'),
('S001305', 'S007238'),
('S007238', 'S001305'),
('S001305', 'S001352'),
('S001352', 'S001305'),
('S001352', 'S004927'),
('S004927', 'S001352'),
('S001352', 'S003644'),
('S003644', 'S001352'),
('S001352', 'S007928'),
('S007928', 'S001352'),
('S001352', 'S002842'),
('S002842', 'S001352'),
('S001352', 'S006737'),
('S006737', 'S001352'),
('S001383', 'S001996'),
('S001996', 'S001383'),
('S001383', 'S004927'),
('S004927', 'S001383'),
('S001383', 'S006782'),
('S006782', 'S001383'),
('S001383', 'S007813'),
('S007813', 'S001383'),
('S001383', 'S009322'),
('S009322', 'S001383'),
('S001383', 'S004351'),
('S004351', 'S001383'),
('S001383', 'S004780'),
('S004780', 'S001383'),
('S001383', 'S008407'),
('S008407', 'S001383'),
('S001383', 'S004440'),
('S004440', 'S001383'),
('S001383', 'S007217'),
('S007217', 'S001383'),
('S001383', 'S004429'),
('S004429', 'S001383'),
('S001383', 'S001146'),
('S001146', 'S001383'),
('S001383', 'S003317'),
('S003317', 'S001383'),
('S001383', 'S002234'),
('S002234', 'S001383'),
('S001383', 'S005535'),
('S005535', 'S001383'),
('S001383', 'S005185'),
('S005185', 'S001383'),
('S001383', 'S004898'),
('S004898', 'S001383'),
('S001383', 'S003663'),
('S003663', 'S001383'),
('S001383', 'S008369'),
('S008369', 'S001383'),
('S001383', 'S002842'),
('S002842', 'S001383'),
('S001383', 'S003041'),
('S003041', 'S001383'),
('S001383', 'S006147'),
('S006147', 'S001383'),
('S001383', 'S008146'),
('S008146', 'S001383'),
('S001383', 'S009352'),
('S009352', 'S001383'),
('S001383', 'S006479'),
('S006479', 'S001383'),
('S001383', 'S008940'),
('S008940', 'S001383'),
('S001383', 'S009912'),
('S009912', 'S001383'),
('S001525', 'S002460'),
('S002460', 'S001525'),
('S001525', 'S008085'),
('S008085', 'S001525'),
('S001525', 'S009912'),
('S009912', 'S001525'),
('S001525', 'S005535'),
('S005535', 'S001525'),
('S001525', 'S008146'),
('S008146', 'S001525'),
('S001525', 'S005098'),
('S005098', 'S001525'),
('S001525', 'S009155'),
('S009155', 'S001525'),
('S001525', 'S007050'),
('S007050', 'S001525'),
('S001525', 'S008407'),
('S008407', 'S001525'),
('S001525', 'S008361'),
('S008361', 'S001525'),
('S001525', 'S003931'),
('S003931', 'S001525'),
('S001525', 'S009604'),
('S009604', 'S001525'),
('S001525', 'S008343'),
('S008343', 'S001525'),
('S001525', 'S002750'),
('S002750', 'S001525'),
('S001525', 'S002842'),
('S002842', 'S001525'),
('S001525', 'S003373'),
('S003373', 'S001525'),
('S001525', 'S001352'),
('S001352', 'S001525'),
('S001525', 'S004648'),
('S004648', 'S001525'),
('S001525', 'S009747'),
('S009747', 'S001525'),
('S001525', 'S006541'),
('S006541', 'S001525'),
('S001525', 'S007330'),
('S007330', 'S001525'),
('S001867', 'S009296'),
('S009296', 'S001867'),
('S001867', 'S005543'),
('S005543', 'S001867'),
('S001867', 'S006728'),
('S006728', 'S001867'),
('S001867', 'S006270'),
('S006270', 'S001867'),
('S001867', 'S001305'),
('S001305', 'S001867'),
('S001867', 'S008407'),
('S008407', 'S001867'),
('S001867', 'S003688'),
('S003688', 'S001867'),
('S001867', 'S009632'),
('S009632', 'S001867'),
('S001867', 'S009693'),
('S009693', 'S001867'),
('S001867', 'S009912'),
('S009912', 'S001867'),
('S001867', 'S001525'),
('S001525', 'S001867'),
('S001867', 'S005267'),
('S005267', 'S001867'),
('S001867', 'S007217'),
('S007217', 'S001867'),
('S001867', 'S009747'),
('S009747', 'S001867'),
('S001867', 'S006976'),
('S006976', 'S001867'),
('S001867', 'S004440'),
('S004440', 'S001867'),
('S001867', 'S009644'),
('S009644', 'S001867'),
('S001867', 'S008186'),
('S008186', 'S001867'),
('S001867', 'S003079'),
('S003079', 'S001867'),
('S001867', 'S002044'),
('S002044', 'S001867'),
('S001867', 'S007693'),
('S007693', 'S001867'),
('S001867', 'S002814'),
('S002814', 'S001867'),
('S001867', 'S003865'),
('S003865', 'S001867'),
('S001867', 'S009604'),
('S009604', 'S001867'),
('S001867', 'S009155'),
('S009155', 'S001867'),
('S001867', 'S004423'),
('S004423', 'S001867'),
('S001908', 'S003977'),
('S003977', 'S001908'),
('S001908', 'S007238'),
('S007238', 'S001908'),
('S001908', 'S007148'),
('S007148', 'S001908'),
('S001908', 'S009747'),
('S009747', 'S001908'),
('S001908', 'S009379'),
('S009379', 'S001908'),
('S001908', 'S009912'),
('S009912', 'S001908'),
('S001908', 'S005987'),
('S005987', 'S001908'),
('S001908', 'S001305'),
('S001305', 'S001908'),
('S001908', 'S003373'),
('S003373', 'S001908'),
('S001908', 'S002414'),
('S002414', 'S001908'),
('S001908', 'S007929'),
('S007929', 'S001908'),
('S001908', 'S002460'),
('S002460', 'S001908'),
('S001970', 'S003977'),
('S003977', 'S001970'),
('S001970', 'S001156'),
('S001156', 'S001970'),
('S001970', 'S004927'),
('S004927', 'S001970'),
('S001970', 'S001908'),
('S001908', 'S001970'),
('S001970', 'S007149'),
('S007149', 'S001970'),
('S001970', 'S009227'),
('S009227', 'S001970'),
('S001970', 'S009769'),
('S009769', 'S001970'),
('S001970', 'S004809'),
('S004809', 'S001970'),
('S001970', 'S006976'),
('S006976', 'S001970'),
('S001970', 'S005696'),
('S005696', 'S001970'),
('S001970', 'S005273'),
('S005273', 'S001970'),
('S001970', 'S006031'),
('S006031', 'S001970'),
('S001970', 'S005098'),
('S005098', 'S001970'),
('S001970', 'S006198'),
('S006198', 'S001970'),
('S001970', 'S004648'),
('S004648', 'S001970'),
('S001970', 'S004913'),
('S004913', 'S001970'),
('S001970', 'S003120'),
('S003120', 'S001970'),
('S001970', 'S003842'),
('S003842', 'S001970'),
('S001970', 'S002234'),
('S002234', 'S001970'),
('S001970', 'S003231'),
('S003231', 'S001970'),
('S001970', 'S006782'),
('S006782', 'S001970'),
('S001970', 'S008369'),
('S008369', 'S001970'),
('S001970', 'S002281'),
('S002281', 'S001970'),
('S001970', 'S008774'),
('S008774', 'S001970'),
('S001970', 'S007928'),
('S007928', 'S001970'),
('S001972', 'S007813'),
('S007813', 'S001972'),
('S001972', 'S009322'),
('S009322', 'S001972'),
('S001972', 'S004351'),
('S004351', 'S001972'),
('S001972', 'S003317'),
('S003317', 'S001972'),
('S001972', 'S009155'),
('S009155', 'S001972'),
('S001972', 'S007979'),
('S007979', 'S001972'),
('S001996', 'S003307'),
('S003307', 'S001996'),
('S001996', 'S009296'),
('S009296', 'S001996'),
('S001996', 'S004440'),
('S004440', 'S001996'),
('S001996', 'S003954'),
('S003954', 'S001996'),
('S001996', 'S009155'),
('S009155', 'S001996'),
('S001996', 'S009604'),
('S009604', 'S001996'),
('S001996', 'S009912'),
('S009912', 'S001996'),
('S001996', 'S003079'),
('S003079', 'S001996'),
('S001996', 'S007109'),
('S007109', 'S001996'),
('S001996', 'S008300'),
('S008300', 'S001996'),
('S001996', 'S008407'),
('S008407', 'S001996'),
('S001996', 'S004898'),
('S004898', 'S001996'),
('S001996', 'S007148'),
('S007148', 'S001996'),
('S001996', 'S006728'),
('S006728', 'S001996'),
('S001996', 'S006147'),
('S006147', 'S001996'),
('S001996', 'S009227'),
('S009227', 'S001996'),
('S001996', 'S004070'),
('S004070', 'S001996'),
('S001996', 'S006976'),
('S006976', 'S001996'),
('S001996', 'S007238'),
('S007238', 'S001996'),
('S001996', 'S004429'),
('S004429', 'S001996'),
('S001996', 'S009809'),
('S009809', 'S001996'),
('S001996', 'S001156'),
('S001156', 'S001996'),
('S001996', 'S002238'),
('S002238', 'S001996'),
('S001996', 'S008361'),
('S008361', 'S001996'),
('S001996', 'S006541'),
('S006541', 'S001996'),
('S001996', 'S002750'),
('S002750', 'S001996'),
('S001996', 'S005982'),
('S005982', 'S001996'),
('S002044', 'S004848'),
('S004848', 'S002044'),
('S002044', 'S002584'),
('S002584', 'S002044'),
('S002044', 'S008588'),
('S008588', 'S002044'),
('S002044', 'S009227'),
('S009227', 'S002044'),
('S002044', 'S007408'),
('S007408', 'S002044'),
('S002044', 'S005543'),
('S005543', 'S002044'),
('S002044', 'S004809'),
('S004809', 'S002044'),
('S002044', 'S006460'),
('S006460', 'S002044'),
('S002044', 'S002238'),
('S002238', 'S002044'),
('S002044', 'S008940'),
('S008940', 'S002044'),
('S002044', 'S001908'),
('S001908', 'S002044'),
('S002044', 'S006541'),
('S006541', 'S002044'),
('S002044', 'S005267'),
('S005267', 'S002044'),
('S002044', 'S007149'),
('S007149', 'S002044'),
('S002044', 'S001970'),
('S001970', 'S002044'),
('S002044', 'S002814'),
('S002814', 'S002044'),
('S002044', 'S005876'),
('S005876', 'S002044'),
('S002044', 'S009769'),
('S009769', 'S002044'),
('S002044', 'S008302'),
('S008302', 'S002044'),
('S002044', 'S008407'),
('S008407', 'S002044'),
('S002044', 'S004429'),
('S004429', 'S002044'),
('S002044', 'S007988'),
('S007988', 'S002044'),
('S002071', 'S007689'),
('S007689', 'S002071'),
('S002071', 'S003930'),
('S003930', 'S002071'),
('S002071', 'S005442'),
('S005442', 'S002071'),
('S002071', 'S009912'),
('S009912', 'S002071'),
('S002071', 'S003644'),
('S003644', 'S002071'),
('S002071', 'S003307'),
('S003307', 'S002071'),
('S002071', 'S008369'),
('S008369', 'S002071'),
('S002071', 'S006031'),
('S006031', 'S002071'),
('S002071', 'S008244'),
('S008244', 'S002071'),
('S002071', 'S004070'),
('S004070', 'S002071'),
('S002071', 'S004440'),
('S004440', 'S002071'),
('S002071', 'S002044'),
('S002044', 'S002071'),
('S002071', 'S007928'),
('S007928', 'S002071'),
('S002071', 'S005185'),
('S005185', 'S002071'),
('S002071', 'S003079'),
('S003079', 'S002071'),
('S002071', 'S009603'),
('S009603', 'S002071'),
('S002071', 'S009964'),
('S009964', 'S002071'),
('S002071', 'S006147'),
('S006147', 'S002071'),
('S002071', 'S003317'),
('S003317', 'S002071'),
('S002213', 'S004351'),
('S004351', 'S002213'),
('S002213', 'S003120'),
('S003120', 'S002213'),
('S002213', 'S009964'),
('S009964', 'S002213'),
('S002213', 'S006737'),
('S006737', 'S002213'),
('S002213', 'S009379'),
('S009379', 'S002213'),
('S002213', 'S009754'),
('S009754', 'S002213'),
('S002213', 'S006460'),
('S006460', 'S002213'),
('S002213', 'S003847'),
('S003847', 'S002213'),
('S002213', 'S004494'),
('S004494', 'S002213'),
('S002213', 'S001867'),
('S001867', 'S002213'),
('S002213', 'S004780'),
('S004780', 'S002213'),
('S002213', 'S006003'),
('S006003', 'S002213'),
('S002213', 'S007238'),
('S007238', 'S002213'),
('S002213', 'S008300'),
('S008300', 'S002213'),
('S002213', 'S002281'),
('S002281', 'S002213'),
('S002213', 'S008588'),
('S008588', 'S002213'),
('S002213', 'S003079'),
('S003079', 'S002213'),
('S002213', 'S003663'),
('S003663', 'S002213'),
('S002213', 'S004309'),
('S004309', 'S002213'),
('S002213', 'S003041'),
('S003041', 'S002213'),
('S002213', 'S005442'),
('S005442', 'S002213'),
('S002213', 'S005273'),
('S005273', 'S002213'),
('S002213', 'S007330'),
('S007330', 'S002213'),
('S002213', 'S003231'),
('S003231', 'S002213'),
('S002234', 'S009296'),
('S009296', 'S002234'),
('S002234', 'S001352'),
('S001352', 'S002234'),
('S002234', 'S009155'),
('S009155', 'S002234'),
('S002234', 'S001525'),
('S001525', 'S002234'),
('S002234', 'S002584'),
('S002584', 'S002234'),
('S002234', 'S004648'),
('S004648', 'S002234'),
('S002234', 'S006728'),
('S006728', 'S002234'),
('S002234', 'S007408'),
('S007408', 'S002234'),
('S002238', 'S009795'),
('S009795', 'S002238'),
('S002238', 'S003231'),
('S003231', 'S002238'),
('S002238', 'S009604'),
('S009604', 'S002238'),
('S002238', 'S003977'),
('S003977', 'S002238'),
('S002238', 'S008343'),
('S008343', 'S002238'),
('S002238', 'S006198'),
('S006198', 'S002238'),
('S002238', 'S001156'),
('S001156', 'S002238'),
('S002238', 'S008300'),
('S008300', 'S002238'),
('S002238', 'S008407'),
('S008407', 'S002238'),
('S002238', 'S009352'),
('S009352', 'S002238'),
('S002238', 'S005543'),
('S005543', 'S002238'),
('S002238', 'S005080'),
('S005080', 'S002238'),
('S002238', 'S006460'),
('S006460', 'S002238'),
('S002238', 'S003373'),
('S003373', 'S002238'),
('S002238', 'S006270'),
('S006270', 'S002238'),
('S002238', 'S004898'),
('S004898', 'S002238'),
('S002238', 'S006777'),
('S006777', 'S002238'),
('S002238', 'S002281'),
('S002281', 'S002238'),
('S002238', 'S009769'),
('S009769', 'S002238'),
('S002238', 'S009839'),
('S009839', 'S002238'),
('S002238', 'S004070'),
('S004070', 'S002238'),
('S002238', 'S006541'),
('S006541', 'S002238'),
('S002238', 'S003052'),
('S003052', 'S002238'),
('S002238', 'S006479'),
('S006479', 'S002238'),
('S002238', 'S009747'),
('S009747', 'S002238'),
('S002238', 'S007408'),
('S007408', 'S002238'),
('S002238', 'S005696'),
('S005696', 'S002238'),
('S002238', 'S001867'),
('S001867', 'S002238'),
('S002281', 'S009964'),
('S009964', 'S002281'),
('S002281', 'S003230'),
('S003230', 'S002281'),
('S002281', 'S004423'),
('S004423', 'S002281'),
('S002281', 'S003079'),
('S003079', 'S002281'),
('S002281', 'S008905'),
('S008905', 'S002281'),
('S002281', 'S007813'),
('S007813', 'S002281'),
('S002281', 'S003865'),
('S003865', 'S002281'),
('S002281', 'S008394'),
('S008394', 'S002281'),
('S002281', 'S004440'),
('S004440', 'S002281'),
('S002281', 'S003041'),
('S003041', 'S002281'),
('S002281', 'S007928'),
('S007928', 'S002281'),
('S002281', 'S006777'),
('S006777', 'S002281'),
('S002414', 'S003842'),
('S003842', 'S002414'),
('S002414', 'S004440'),
('S004440', 'S002414'),
('S002414', 'S001525'),
('S001525', 'S002414'),
('S002414', 'S008196'),
('S008196', 'S002414'),
('S002414', 'S007330'),
('S007330', 'S002414'),
('S002414', 'S007050'),
('S007050', 'S002414'),
('S002414', 'S005987'),
('S005987', 'S002414'),
('S002414', 'S003307'),
('S003307', 'S002414'),
('S002414', 'S003041'),
('S003041', 'S002414'),
('S002414', 'S003931'),
('S003931', 'S002414'),
('S002414', 'S009603'),
('S009603', 'S002414'),
('S002414', 'S009644'),
('S009644', 'S002414'),
('S002414', 'S009155'),
('S009155', 'S002414'),
('S002414', 'S004351'),
('S004351', 'S002414'),
('S002414', 'S005098'),
('S005098', 'S002414'),
('S002414', 'S005543'),
('S005543', 'S002414'),
('S002460', 'S006329'),
('S006329', 'S002460'),
('S002460', 'S006976'),
('S006976', 'S002460'),
('S002460', 'S004809'),
('S004809', 'S002460'),
('S002460', 'S004429'),
('S004429', 'S002460'),
('S002460', 'S001996'),
('S001996', 'S002460'),
('S002460', 'S007050'),
('S007050', 'S002460'),
('S002460', 'S009227'),
('S009227', 'S002460'),
('S002460', 'S009352'),
('S009352', 'S002460'),
('S002460', 'S002584'),
('S002584', 'S002460'),
('S002460', 'S004309'),
('S004309', 'S002460'),
('S002460', 'S009504'),
('S009504', 'S002460'),
('S002460', 'S006728'),
('S006728', 'S002460'),
('S002460', 'S005080'),
('S005080', 'S002460'),
('S002460', 'S003079'),
('S003079', 'S002460'),
('S002460', 'S003041'),
('S003041', 'S002460'),
('S002460', 'S009964'),
('S009964', 'S002460'),
('S002460', 'S009644'),
('S009644', 'S002460'),
('S002460', 'S003014'),
('S003014', 'S002460'),
('S002460', 'S006737'),
('S006737', 'S002460'),
('S002460', 'S007928'),
('S007928', 'S002460'),
('S002460', 'S007109'),
('S007109', 'S002460'),
('S002584', 'S008085'),
('S008085', 'S002584'),
('S002584', 'S008302'),
('S008302', 'S002584'),
('S002584', 'S003079'),
('S003079', 'S002584'),
('S002584', 'S007929'),
('S007929', 'S002584'),
('S002584', 'S002071'),
('S002071', 'S002584'),
('S002584', 'S008186'),
('S008186', 'S002584'),
('S002584', 'S009632'),
('S009632', 'S002584'),
('S002584', 'S002842'),
('S002842', 'S002584'),
('S002584', 'S004848'),
('S004848', 'S002584'),
('S002584', 'S006541'),
('S006541', 'S002584'),
('S002584', 'S004898'),
('S004898', 'S002584'),
('S002584', 'S005876'),
('S005876', 'S002584'),
('S002584', 'S002814'),
('S002814', 'S002584'),
('S002584', 'S007408'),
('S007408', 'S002584'),
('S002584', 'S009644'),
('S009644', 'S002584'),
('S002584', 'S005080'),
('S005080', 'S002584'),
('S002584', 'S006270'),
('S006270', 'S002584'),
('S002584', 'S009754'),
('S009754', 'S002584'),
('S002584', 'S006031'),
('S006031', 'S002584'),
('S002584', 'S004913'),
('S004913', 'S002584'),
('S002584', 'S007928'),
('S007928', 'S002584'),
('S002584', 'S002414'),
('S002414', 'S002584'),
('S002750', 'S001972'),
('S001972', 'S002750'),
('S002750', 'S006003'),
('S006003', 'S002750'),
('S002750', 'S009964'),
('S009964', 'S002750'),
('S002750', 'S007149'),
('S007149', 'S002750'),
('S002750', 'S005876'),
('S005876', 'S002750'),
('S002750', 'S003373'),
('S003373', 'S002750'),
('S002750', 'S007693'),
('S007693', 'S002750'),
('S002750', 'S003847'),
('S003847', 'S002750'),
('S002750', 'S004648'),
('S004648', 'S002750'),
('S002750', 'S001305'),
('S001305', 'S002750'),
('S002750', 'S009644'),
('S009644', 'S002750'),
('S002750', 'S008196'),
('S008196', 'S002750'),
('S002750', 'S009747'),
('S009747', 'S002750'),
('S002814', 'S009912'),
('S009912', 'S002814'),
('S002814', 'S004351'),
('S004351', 'S002814'),
('S002814', 'S009227'),
('S009227', 'S002814'),
('S002814', 'S008085'),
('S008085', 'S002814'),
('S002814', 'S004032'),
('S004032', 'S002814'),
('S002814', 'S003644'),
('S003644', 'S002814'),
('S002814', 'S009504'),
('S009504', 'S002814'),
('S002814', 'S007928'),
('S007928', 'S002814'),
('S002814', 'S006329'),
('S006329', 'S002814'),
('S002814', 'S008186'),
('S008186', 'S002814'),
('S002814', 'S003231'),
('S003231', 'S002814'),
('S002814', 'S006777'),
('S006777', 'S002814'),
('S002814', 'S006161'),
('S006161', 'S002814'),
('S002814', 'S009747'),
('S009747', 'S002814'),
('S002814', 'S005185'),
('S005185', 'S002814'),
('S002814', 'S004429'),
('S004429', 'S002814'),
('S002814', 'S008146'),
('S008146', 'S002814'),
('S002814', 'S004440'),
('S004440', 'S002814'),
('S002814', 'S001908'),
('S001908', 'S002814'),
('S002814', 'S003688'),
('S003688', 'S002814'),
('S002814', 'S009644'),
('S009644', 'S002814'),
('S002814', 'S009693'),
('S009693', 'S002814'),
('S002814', 'S007884'),
('S007884', 'S002814'),
('S002814', 'S004423'),
('S004423', 'S002814'),
('S002814', 'S008369'),
('S008369', 'S002814'),
('S002814', 'S009754'),
('S009754', 'S002814'),
('S002814', 'S007988'),
('S007988', 'S002814'),
('S002814', 'S003014'),
('S003014', 'S002814'),
('S002814', 'S004898'),
('S004898', 'S002814'),
('S002842', 'S005098'),
('S005098', 'S002842'),
('S002842', 'S008302'),
('S008302', 'S002842'),
('S002842', 'S009603'),
('S009603', 'S002842'),
('S002842', 'S003317'),
('S003317', 'S002842'),
('S002842', 'S002281'),
('S002281', 'S002842'),
('S002842', 'S009839'),
('S009839', 'S002842'),
('S002842', 'S003051'),
('S003051', 'S002842'),
('S002842', 'S004648'),
('S004648', 'S002842'),
('S002842', 'S003842'),
('S003842', 'S002842'),
('S002842', 'S003663'),
('S003663', 'S002842'),
('S002842', 'S004032'),
('S004032', 'S002842'),
('S002842', 'S003475'),
('S003475', 'S002842'),
('S002842', 'S009601'),
('S009601', 'S002842'),
('S002842', 'S005987'),
('S005987', 'S002842'),
('S002842', 'S003865'),
('S003865', 'S002842'),
('S002842', 'S009504'),
('S009504', 'S002842'),
('S002842', 'S006728'),
('S006728', 'S002842'),
('S002842', 'S009227'),
('S009227', 'S002842'),
('S002842', 'S003644'),
('S003644', 'S002842'),
('S002842', 'S004780'),
('S004780', 'S002842'),
('S002842', 'S006198'),
('S006198', 'S002842'),
('S002909', 'S007330'),
('S007330', 'S002909'),
('S002909', 'S009912'),
('S009912', 'S002909'),
('S002909', 'S005185'),
('S005185', 'S002909'),
('S002909', 'S008905'),
('S008905', 'S002909'),
('S002909', 'S004780'),
('S004780', 'S002909'),
('S002909', 'S002044'),
('S002044', 'S002909'),
('S002909', 'S007928'),
('S007928', 'S002909'),
('S002909', 'S005535'),
('S005535', 'S002909'),
('S002909', 'S003865'),
('S003865', 'S002909'),
('S002909', 'S004070'),
('S004070', 'S002909'),
('S002909', 'S006147'),
('S006147', 'S002909'),
('S002909', 'S007050'),
('S007050', 'S002909'),
('S002909', 'S006479'),
('S006479', 'S002909'),
('S002909', 'S003688'),
('S003688', 'S002909'),
('S002909', 'S005876'),
('S005876', 'S002909'),
('S002909', 'S009227'),
('S009227', 'S002909'),
('S002909', 'S009693'),
('S009693', 'S002909'),
('S002909', 'S001352'),
('S001352', 'S002909'),
('S002909', 'S004351'),
('S004351', 'S002909'),
('S003014', 'S004309'),
('S004309', 'S003014'),
('S003014', 'S003120'),
('S003120', 'S003014'),
('S003014', 'S007929'),
('S007929', 'S003014'),
('S003014', 'S003752'),
('S003752', 'S003014'),
('S003014', 'S002213'),
('S002213', 'S003014'),
('S003014', 'S004927'),
('S004927', 'S003014'),
('S003014', 'S008929'),
('S008929', 'S003014'),
('S003014', 'S005876'),
('S005876', 'S003014'),
('S003014', 'S005267'),
('S005267', 'S003014'),
('S003014', 'S001908'),
('S001908', 'S003014'),
('S003014', 'S009644'),
('S009644', 'S003014'),
('S003014', 'S004780'),
('S004780', 'S003014'),
('S003014', 'S004351'),
('S004351', 'S003014'),
('S003014', 'S004032'),
('S004032', 'S003014'),
('S003014', 'S004458'),
('S004458', 'S003014'),
('S003014', 'S002909'),
('S002909', 'S003014'),
('S003014', 'S004848'),
('S004848', 'S003014'),
('S003014', 'S005987'),
('S005987', 'S003014'),
('S003014', 'S002842'),
('S002842', 'S003014'),
('S003014', 'S004494'),
('S004494', 'S003014'),
('S003014', 'S001996'),
('S001996', 'S003014'),
('S003014', 'S003051'),
('S003051', 'S003014'),
('S003014', 'S008343'),
('S008343', 'S003014'),
('S003014', 'S003644'),
('S003644', 'S003014'),
('S003014', 'S005098'),
('S005098', 'S003014'),
('S003014', 'S007979'),
('S007979', 'S003014'),
('S003041', 'S003865'),
('S003865', 'S003041'),
('S003041', 'S009809'),
('S009809', 'S003041'),
('S003041', 'S002071'),
('S002071', 'S003041'),
('S003041', 'S003930'),
('S003930', 'S003041'),
('S003041', 'S006541'),
('S006541', 'S003041'),
('S003041', 'S002814'),
('S002814', 'S003041'),
('S003041', 'S006976'),
('S006976', 'S003041'),
('S003041', 'S002238'),
('S002238', 'S003041'),
('S003041', 'S001908'),
('S001908', 'S003041'),
('S003051', 'S005987'),
('S005987', 'S003051'),
('S003051', 'S007979'),
('S007979', 'S003051'),
('S003051', 'S007330'),
('S007330', 'S003051'),
('S003051', 'S005876'),
('S005876', 'S003051'),
('S003051', 'S007929'),
('S007929', 'S003051'),
('S003051', 'S001525'),
('S001525', 'S003051'),
('S003051', 'S007148'),
('S007148', 'S003051'),
('S003051', 'S001996'),
('S001996', 'S003051'),
('S003051', 'S005273'),
('S005273', 'S003051'),
('S003051', 'S003231'),
('S003231', 'S003051'),
('S003051', 'S004070'),
('S004070', 'S003051'),
('S003051', 'S004500'),
('S004500', 'S003051'),
('S003051', 'S006198'),
('S006198', 'S003051'),
('S003051', 'S002814'),
('S002814', 'S003051'),
('S003051', 'S009912'),
('S009912', 'S003051'),
('S003051', 'S007408'),
('S007408', 'S003051'),
('S003051', 'S004927'),
('S004927', 'S003051'),
('S003051', 'S003688'),
('S003688', 'S003051'),
('S003051', 'S006728'),
('S006728', 'S003051'),
('S003051', 'S003663'),
('S003663', 'S003051'),
('S003051', 'S006270'),
('S006270', 'S003051'),
('S003051', 'S006329'),
('S006329', 'S003051'),
('S003051', 'S006541'),
('S006541', 'S003051'),
('S003051', 'S004648'),
('S004648', 'S003051'),
('S003051', 'S001908'),
('S001908', 'S003051'),
('S003051', 'S008588'),
('S008588', 'S003051'),
('S003052', 'S002281'),
('S002281', 'S003052'),
('S003052', 'S008186'),
('S008186', 'S003052'),
('S003052', 'S008361'),
('S008361', 'S003052'),
('S003052', 'S003644'),
('S003644', 'S003052'),
('S003052', 'S001352'),
('S001352', 'S003052'),
('S003052', 'S006270'),
('S006270', 'S003052'),
('S003079', 'S003307'),
('S003307', 'S003079'),
('S003079', 'S006777'),
('S006777', 'S003079'),
('S003079', 'S007689'),
('S007689', 'S003079'),
('S003079', 'S009754'),
('S009754', 'S003079'),
('S003079', 'S005543'),
('S005543', 'S003079'),
('S003079', 'S008407'),
('S008407', 'S003079'),
('S003079', 'S005982'),
('S005982', 'S003079'),
('S003079', 'S005987'),
('S005987', 'S003079'),
('S003079', 'S008940'),
('S008940', 'S003079'),
('S003079', 'S008186'),
('S008186', 'S003079'),
('S003079', 'S005080'),
('S005080', 'S003079'),
('S003079', 'S004070'),
('S004070', 'S003079'),
('S003079', 'S007693'),
('S007693', 'S003079'),
('S003079', 'S003120'),
('S003120', 'S003079'),
('S003079', 'S008300'),
('S008300', 'S003079'),
('S003079', 'S006270'),
('S006270', 'S003079'),
('S003079', 'S003457'),
('S003457', 'S003079'),
('S003079', 'S004848'),
('S004848', 'S003079'),
('S003079', 'S006031'),
('S006031', 'S003079'),
('S003079', 'S008343'),
('S008343', 'S003079'),
('S003079', 'S004494'),
('S004494', 'S003079'),
('S003079', 'S003317'),
('S003317', 'S003079'),
('S003079', 'S009322'),
('S009322', 'S003079'),
('S003079', 'S003041'),
('S003041', 'S003079'),
('S003079', 'S002044'),
('S002044', 'S003079'),
('S003079', 'S006329'),
('S006329', 'S003079'),
('S003079', 'S007934'),
('S007934', 'S003079'),
('S003079', 'S009769'),
('S009769', 'S003079'),
('S003079', 'S008774'),
('S008774', 'S003079'),
('S003120', 'S009693'),
('S009693', 'S003120'),
('S003120', 'S005080'),
('S005080', 'S003120'),
('S003120', 'S009632'),
('S009632', 'S003120'),
('S003120', 'S008186'),
('S008186', 'S003120'),
('S003120', 'S007689'),
('S007689', 'S003120'),
('S003120', 'S009912'),
('S009912', 'S003120'),
('S003120', 'S004809'),
('S004809', 'S003120'),
('S003120', 'S009227'),
('S009227', 'S003120'),
('S003120', 'S008407'),
('S008407', 'S003120'),
('S003120', 'S007988'),
('S007988', 'S003120'),
('S003120', 'S008588'),
('S008588', 'S003120'),
('S003120', 'S004032'),
('S004032', 'S003120'),
('S003120', 'S004423'),
('S004423', 'S003120'),
('S003120', 'S007672'),
('S007672', 'S003120'),
('S003120', 'S008146'),
('S008146', 'S003120'),
('S003120', 'S009155'),
('S009155', 'S003120'),
('S003120', 'S003475'),
('S003475', 'S003120'),
('S003230', 'S003931'),
('S003931', 'S003230'),
('S003230', 'S008244'),
('S008244', 'S003230'),
('S003230', 'S006728'),
('S006728', 'S003230'),
('S003230', 'S001996'),
('S001996', 'S003230'),
('S003230', 'S007929'),
('S007929', 'S003230'),
('S003230', 'S003051'),
('S003051', 'S003230'),
('S003230', 'S002842'),
('S002842', 'S003230'),
('S003230', 'S005987'),
('S005987', 'S003230'),
('S003230', 'S008146'),
('S008146', 'S003230'),
('S003230', 'S001867'),
('S001867', 'S003230'),
('S003230', 'S006460'),
('S006460', 'S003230'),
('S003230', 'S008369'),
('S008369', 'S003230'),
('S003230', 'S003231'),
('S003231', 'S003230'),
('S003230', 'S003052'),
('S003052', 'S003230'),
('S003230', 'S008940'),
('S008940', 'S003230'),
('S003230', 'S005080'),
('S005080', 'S003230'),
('S003231', 'S008361'),
('S008361', 'S003231'),
('S003231', 'S004429'),
('S004429', 'S003231'),
('S003231', 'S008244'),
('S008244', 'S003231'),
('S003231', 'S009754'),
('S009754', 'S003231'),
('S003231', 'S001305'),
('S001305', 'S003231'),
('S003231', 'S008302'),
('S008302', 'S003231'),
('S003231', 'S005535'),
('S005535', 'S003231'),
('S003231', 'S007238'),
('S007238', 'S003231'),
('S003231', 'S003457'),
('S003457', 'S003231'),
('S003231', 'S008588'),
('S008588', 'S003231'),
('S003231', 'S007929'),
('S007929', 'S003231'),
('S003231', 'S008407'),
('S008407', 'S003231'),
('S003231', 'S007928'),
('S007928', 'S003231'),
('S003231', 'S001383'),
('S001383', 'S003231'),
('S003231', 'S007408'),
('S007408', 'S003231'),
('S003231', 'S009795'),
('S009795', 'S003231'),
('S003231', 'S004927'),
('S004927', 'S003231'),
('S003307', 'S003930'),
('S003930', 'S003307'),
('S003307', 'S002044'),
('S002044', 'S003307'),
('S003307', 'S002842'),
('S002842', 'S003307'),
('S003307', 'S009693'),
('S009693', 'S003307'),
('S003307', 'S006460'),
('S006460', 'S003307'),
('S003307', 'S005273'),
('S005273', 'S003307'),
('S003307', 'S007217'),
('S007217', 'S003307'),
('S003307', 'S004379'),
('S004379', 'S003307'),
('S003307', 'S003954'),
('S003954', 'S003307'),
('S003307', 'S004648'),
('S004648', 'S003307'),
('S003307', 'S008394'),
('S008394', 'S003307'),
('S003307', 'S006541'),
('S006541', 'S003307'),
('S003307', 'S006031'),
('S006031', 'S003307'),
('S003307', 'S006198'),
('S006198', 'S003307'),
('S003307', 'S005987'),
('S005987', 'S003307'),
('S003307', 'S007693'),
('S007693', 'S003307'),
('S003307', 'S006270'),
('S006270', 'S003307'),
('S003307', 'S008186'),
('S008186', 'S003307'),
('S003307', 'S008905'),
('S008905', 'S003307'),
('S003317', 'S004351'),
('S004351', 'S003317'),
('S003317', 'S005267'),
('S005267', 'S003317'),
('S003317', 'S003977'),
('S003977', 'S003317'),
('S003317', 'S001970'),
('S001970', 'S003317'),
('S003317', 'S009155'),
('S009155', 'S003317'),
('S003317', 'S009754'),
('S009754', 'S003317'),
('S003317', 'S002814'),
('S002814', 'S003317'),
('S003317', 'S004379'),
('S004379', 'S003317'),
('S003317', 'S007934'),
('S007934', 'S003317'),
('S003317', 'S002234'),
('S002234', 'S003317'),
('S003317', 'S007330'),
('S007330', 'S003317'),
('S003317', 'S006270'),
('S006270', 'S003317'),
('S003317', 'S006782'),
('S006782', 'S003317'),
('S003317', 'S003663'),
('S003663', 'S003317'),
('S003317', 'S009352'),
('S009352', 'S003317'),
('S003317', 'S001525'),
('S001525', 'S003317'),
('S003317', 'S002750'),
('S002750', 'S003317'),
('S003373', 'S006541'),
('S006541', 'S003373'),
('S003373', 'S005876'),
('S005876', 'S003373'),
('S003373', 'S009603'),
('S009603', 'S003373'),
('S003373', 'S004500'),
('S004500', 'S003373'),
('S003373', 'S005442'),
('S005442', 'S003373'),
('S003373', 'S009504'),
('S009504', 'S003373'),
('S003373', 'S001972'),
('S001972', 'S003373'),
('S003373', 'S005987'),
('S005987', 'S003373'),
('S003373', 'S003079'),
('S003079', 'S003373'),
('S003373', 'S004379'),
('S004379', 'S003373'),
('S003373', 'S008302'),
('S008302', 'S003373'),
('S003373', 'S008146'),
('S008146', 'S003373'),
('S003373', 'S005185'),
('S005185', 'S003373'),
('S003373', 'S003041'),
('S003041', 'S003373'),
('S003373', 'S007217'),
('S007217', 'S003373'),
('S003373', 'S001146'),
('S001146', 'S003373'),
('S003373', 'S005535'),
('S005535', 'S003373'),
('S003457', 'S003644'),
('S003644', 'S003457'),
('S003457', 'S001972'),
('S001972', 'S003457'),
('S003457', 'S007979'),
('S007979', 'S003457'),
('S003457', 'S004379'),
('S004379', 'S003457'),
('S003457', 'S002281'),
('S002281', 'S003457'),
('S003457', 'S006198'),
('S006198', 'S003457'),
('S003457', 'S007408'),
('S007408', 'S003457'),
('S003457', 'S007109'),
('S007109', 'S003457'),
('S003457', 'S002460'),
('S002460', 'S003457'),
('S003457', 'S009604'),
('S009604', 'S003457'),
('S003457', 'S008940'),
('S008940', 'S003457'),
('S003457', 'S006460'),
('S006460', 'S003457'),
('S003457', 'S007149'),
('S007149', 'S003457'),
('S003457', 'S006777'),
('S006777', 'S003457'),
('S003457', 'S008905'),
('S008905', 'S003457'),
('S003457', 'S004780'),
('S004780', 'S003457'),
('S003457', 'S007693'),
('S007693', 'S003457'),
('S003457', 'S004848'),
('S004848', 'S003457'),
('S003457', 'S003120'),
('S003120', 'S003457'),
('S003457', 'S009693'),
('S009693', 'S003457'),
('S003457', 'S005185'),
('S005185', 'S003457'),
('S003457', 'S003931'),
('S003931', 'S003457'),
('S003457', 'S001867'),
('S001867', 'S003457'),
('S003457', 'S004429'),
('S004429', 'S003457'),
('S003457', 'S005696'),
('S005696', 'S003457'),
('S003457', 'S002414'),
('S002414', 'S003457'),
('S003475', 'S006003'),
('S006003', 'S003475'),
('S003475', 'S003317'),
('S003317', 'S003475'),
('S003475', 'S002414'),
('S002414', 'S003475'),
('S003475', 'S003842'),
('S003842', 'S003475'),
('S003475', 'S007050'),
('S007050', 'S003475'),
('S003475', 'S005273'),
('S005273', 'S003475'),
('S003475', 'S007813'),
('S007813', 'S003475'),
('S003475', 'S008300'),
('S008300', 'S003475'),
('S003475', 'S003457'),
('S003457', 'S003475'),
('S003475', 'S007884'),
('S007884', 'S003475'),
('S003475', 'S005098'),
('S005098', 'S003475'),
('S003644', 'S006541'),
('S006541', 'S003644'),
('S003644', 'S004809'),
('S004809', 'S003644'),
('S003644', 'S007408'),
('S007408', 'S003644'),
('S003644', 'S009379'),
('S009379', 'S003644'),
('S003644', 'S003752'),
('S003752', 'S003644'),
('S003644', 'S009644'),
('S009644', 'S003644'),
('S003644', 'S007149'),
('S007149', 'S003644'),
('S003644', 'S004913'),
('S004913', 'S003644'),
('S003644', 'S005543'),
('S005543', 'S003644'),
('S003644', 'S008343'),
('S008343', 'S003644'),
('S003644', 'S002909'),
('S002909', 'S003644'),
('S003663', 'S009601'),
('S009601', 'S003663'),
('S003663', 'S003688'),
('S003688', 'S003663'),
('S003663', 'S006728'),
('S006728', 'S003663'),
('S003663', 'S002044'),
('S002044', 'S003663'),
('S003663', 'S001972'),
('S001972', 'S003663'),
('S003663', 'S001146'),
('S001146', 'S003663'),
('S003663', 'S002414'),
('S002414', 'S003663'),
('S003663', 'S008196'),
('S008196', 'S003663'),
('S003663', 'S001970'),
('S001970', 'S003663'),
('S003663', 'S006031'),
('S006031', 'S003663'),
('S003663', 'S009322'),
('S009322', 'S003663'),
('S003663', 'S007330'),
('S007330', 'S003663'),
('S003663', 'S004848'),
('S004848', 'S003663'),
('S003663', 'S005696'),
('S005696', 'S003663'),
('S003663', 'S003079'),
('S003079', 'S003663'),
('S003663', 'S009839'),
('S009839', 'S003663'),
('S003663', 'S009964'),
('S009964', 'S003663'),
('S003663', 'S005535'),
('S005535', 'S003663'),
('S003663', 'S004648'),
('S004648', 'S003663'),
('S003663', 'S008244'),
('S008244', 'S003663'),
('S003663', 'S006782'),
('S006782', 'S003663'),
('S003663', 'S009644'),
('S009644', 'S003663'),
('S003663', 'S008394'),
('S008394', 'S003663'),
('S003663', 'S009604'),
('S009604', 'S003663'),
('S003663', 'S008369'),
('S008369', 'S003663'),
('S003688', 'S009296'),
('S009296', 'S003688'),
('S003688', 'S006728'),
('S006728', 'S003688'),
('S003688', 'S004070'),
('S004070', 'S003688'),
('S003688', 'S006031'),
('S006031', 'S003688'),
('S003688', 'S001383'),
('S001383', 'S003688'),
('S003688', 'S001352'),
('S001352', 'S003688'),
('S003688', 'S009795'),
('S009795', 'S003688'),
('S003688', 'S003954'),
('S003954', 'S003688'),
('S003688', 'S005442'),
('S005442', 'S003688'),
('S003688', 'S003307'),
('S003307', 'S003688'),
('S003688', 'S007672'),
('S007672', 'S003688'),
('S003688', 'S009352'),
('S009352', 'S003688'),
('S003688', 'S009912'),
('S009912', 'S003688'),
('S003688', 'S006198'),
('S006198', 'S003688'),
('S003688', 'S005535'),
('S005535', 'S003688'),
('S003688', 'S006003'),
('S006003', 'S003688'),
('S003688', 'S004309'),
('S004309', 'S003688'),
('S003688', 'S007330'),
('S007330', 'S003688'),
('S003688', 'S003014'),
('S003014', 'S003688'),
('S003688', 'S003231'),
('S003231', 'S003688'),
('S003688', 'S009155'),
('S009155', 'S003688'),
('S003688', 'S001156'),
('S001156', 'S003688'),
('S003688', 'S005987'),
('S005987', 'S003688'),
('S003688', 'S004648'),
('S004648', 'S003688'),
('S003688', 'S009227'),
('S009227', 'S003688'),
('S003688', 'S007701'),
('S007701', 'S003688'),
('S003688', 'S008196'),
('S008196', 'S003688'),
('S003752', 'S003688'),
('S003688', 'S003752'),
('S003752', 'S008343'),
('S008343', 'S003752'),
('S003752', 'S009603'),
('S009603', 'S003752'),
('S003752', 'S006147'),
('S006147', 'S003752'),
('S003752', 'S003120'),
('S003120', 'S003752'),
('S003752', 'S006728'),
('S006728', 'S003752'),
('S003752', 'S007148'),
('S007148', 'S003752'),
('S003752', 'S008085'),
('S008085', 'S003752'),
('S003752', 'S003307'),
('S003307', 'S003752'),
('S003752', 'S003663'),
('S003663', 'S003752'),
('S003752', 'S002281'),
('S002281', 'S003752'),
('S003752', 'S004500'),
('S004500', 'S003752'),
('S003752', 'S004898'),
('S004898', 'S003752'),
('S003842', 'S007928'),
('S007928', 'S003842'),
('S003842', 'S004780'),
('S004780', 'S003842'),
('S003842', 'S003954'),
('S003954', 'S003842'),
('S003842', 'S002234'),
('S002234', 'S003842'),
('S003842', 'S009769'),
('S009769', 'S003842'),
('S003842', 'S005982'),
('S005982', 'S003842'),
('S003842', 'S003373'),
('S003373', 'S003842'),
('S003842', 'S008407'),
('S008407', 'S003842'),
('S003842', 'S001156'),
('S001156', 'S003842'),
('S003842', 'S007701'),
('S007701', 'S003842'),
('S003842', 'S005535'),
('S005535', 'S003842'),
('S003842', 'S007689'),
('S007689', 'S003842'),
('S003842', 'S008146'),
('S008146', 'S003842'),
('S003842', 'S006737'),
('S006737', 'S003842'),
('S003842', 'S008302'),
('S008302', 'S003842'),
('S003842', 'S005098'),
('S005098', 'S003842'),
('S003842', 'S006161'),
('S006161', 'S003842'),
('S003842', 'S004913'),
('S004913', 'S003842'),
('S003847', 'S004070'),
('S004070', 'S003847'),
('S003847', 'S003230'),
('S003230', 'S003847'),
('S003847', 'S009964'),
('S009964', 'S003847'),
('S003847', 'S004927'),
('S004927', 'S003847'),
('S003847', 'S009322'),
('S009322', 'S003847'),
('S003847', 'S004848'),
('S004848', 'S003847'),
('S003847', 'S003373'),
('S003373', 'S003847'),
('S003847', 'S004423'),
('S004423', 'S003847'),
('S003847', 'S004898'),
('S004898', 'S003847'),
('S003847', 'S002071'),
('S002071', 'S003847'),
('S003847', 'S009379'),
('S009379', 'S003847'),
('S003847', 'S003307'),
('S003307', 'S003847'),
('S003847', 'S001972'),
('S001972', 'S003847'),
('S003847', 'S001525'),
('S001525', 'S003847'),
('S003847', 'S009795'),
('S009795', 'S003847'),
('S003847', 'S005987'),
('S005987', 'S003847'),
('S003847', 'S008244'),
('S008244', 'S003847'),
('S003847', 'S004458'),
('S004458', 'S003847'),
('S003847', 'S007934'),
('S007934', 'S003847'),
('S003847', 'S007672'),
('S007672', 'S003847'),
('S003847', 'S005442'),
('S005442', 'S003847'),
('S003847', 'S002238'),
('S002238', 'S003847'),
('S003847', 'S009809'),
('S009809', 'S003847'),
('S003847', 'S003457'),
('S003457', 'S003847'),
('S003847', 'S005535'),
('S005535', 'S003847'),
('S003847', 'S009604'),
('S009604', 'S003847'),
('S003847', 'S003688'),
('S003688', 'S003847'),
('S003847', 'S001305'),
('S001305', 'S003847'),
('S003847', 'S003079'),
('S003079', 'S003847'),
('S003865', 'S004458'),
('S004458', 'S003865'),
('S003865', 'S006031'),
('S006031', 'S003865'),
('S003865', 'S009379'),
('S009379', 'S003865'),
('S003865', 'S004429'),
('S004429', 'S003865'),
('S003865', 'S007148'),
('S007148', 'S003865'),
('S003865', 'S008905'),
('S008905', 'S003865'),
('S003865', 'S004440'),
('S004440', 'S003865'),
('S003865', 'S002584'),
('S002584', 'S003865'),
('S003865', 'S007928'),
('S007928', 'S003865'),
('S003865', 'S003052'),
('S003052', 'S003865'),
('S003865', 'S007408'),
('S007408', 'S003865'),
('S003865', 'S004070'),
('S004070', 'S003865'),
('S003865', 'S006198'),
('S006198', 'S003865'),
('S003865', 'S005535'),
('S005535', 'S003865'),
('S003865', 'S009769'),
('S009769', 'S003865'),
('S003865', 'S009601'),
('S009601', 'S003865'),
('S003865', 'S005876'),
('S005876', 'S003865'),
('S003865', 'S003120'),
('S003120', 'S003865'),
('S003865', 'S007149'),
('S007149', 'S003865'),
('S003865', 'S009504'),
('S009504', 'S003865'),
('S003931', 'S004848'),
('S004848', 'S003931'),
('S003931', 'S001908'),
('S001908', 'S003931'),
('S003931', 'S004494'),
('S004494', 'S003931'),
('S003931', 'S005267'),
('S005267', 'S003931'),
('S003931', 'S007217'),
('S007217', 'S003931'),
('S003931', 'S005185'),
('S005185', 'S003931'),
('S003931', 'S008940'),
('S008940', 'S003931'),
('S003931', 'S001146'),
('S001146', 'S003931'),
('S003931', 'S004070'),
('S004070', 'S003931'),
('S003931', 'S009769'),
('S009769', 'S003931'),
('S003931', 'S008905'),
('S008905', 'S003931'),
('S003931', 'S006737'),
('S006737', 'S003931'),
('S003931', 'S009296'),
('S009296', 'S003931'),
('S003931', 'S007109'),
('S007109', 'S003931'),
('S003931', 'S004809'),
('S004809', 'S003931'),
('S003931', 'S004423'),
('S004423', 'S003931'),
('S003931', 'S002044'),
('S002044', 'S003931'),
('S003931', 'S008407'),
('S008407', 'S003931'),
('S003930', 'S008394'),
('S008394', 'S003930'),
('S003930', 'S003752'),
('S003752', 'S003930'),
('S003930', 'S004913'),
('S004913', 'S003930'),
('S003930', 'S006031'),
('S006031', 'S003930'),
('S003930', 'S003051'),
('S003051', 'S003930'),
('S003930', 'S006270'),
('S006270', 'S003930'),
('S003930', 'S005987'),
('S005987', 'S003930'),
('S003930', 'S009601'),
('S009601', 'S003930'),
('S003930', 'S007813'),
('S007813', 'S003930'),
('S003930', 'S002281'),
('S002281', 'S003930'),
('S003954', 'S009352'),
('S009352', 'S003954'),
('S003954', 'S007929'),
('S007929', 'S003954'),
('S003954', 'S008394'),
('S008394', 'S003954'),
('S003954', 'S009227'),
('S009227', 'S003954'),
('S003954', 'S004648'),
('S004648', 'S003954'),
('S003954', 'S004809'),
('S004809', 'S003954'),
('S003977', 'S002750'),
('S002750', 'S003977'),
('S003977', 'S002044'),
('S002044', 'S003977'),
('S003977', 'S001996'),
('S001996', 'S003977'),
('S003977', 'S001156'),
('S001156', 'S003977'),
('S003977', 'S008196'),
('S008196', 'S003977'),
('S003977', 'S007238'),
('S007238', 'S003977'),
('S003977', 'S007109'),
('S007109', 'S003977'),
('S003977', 'S003079'),
('S003079', 'S003977'),
('S003977', 'S003373'),
('S003373', 'S003977'),
('S003977', 'S005987'),
('S005987', 'S003977'),
('S003977', 'S003120'),
('S003120', 'S003977'),
('S003977', 'S009352'),
('S009352', 'S003977'),
('S003977', 'S003842'),
('S003842', 'S003977'),
('S003977', 'S005273'),
('S005273', 'S003977'),
('S003977', 'S004927'),
('S004927', 'S003977'),
('S003977', 'S009912'),
('S009912', 'S003977'),
('S003977', 'S008407'),
('S008407', 'S003977'),
('S003977', 'S008300'),
('S008300', 'S003977'),
('S003977', 'S002842'),
('S002842', 'S003977'),
('S003977', 'S007330'),
('S007330', 'S003977'),
('S003977', 'S009322'),
('S009322', 'S003977'),
('S003977', 'S009964'),
('S009964', 'S003977'),
('S003977', 'S004440'),
('S004440', 'S003977'),
('S003977', 'S007689'),
('S007689', 'S003977'),
('S003977', 'S004458'),
('S004458', 'S003977'),
('S003977', 'S005267'),
('S005267', 'S003977'),
('S003977', 'S003954'),
('S003954', 'S003977'),
('S004032', 'S006976'),
('S006976', 'S004032'),
('S004032', 'S006777'),
('S006777', 'S004032'),
('S004032', 'S004648'),
('S004648', 'S004032'),
('S004032', 'S003865'),
('S003865', 'S004032'),
('S004032', 'S009693'),
('S009693', 'S004032'),
('S004032', 'S007884'),
('S007884', 'S004032'),
('S004032', 'S006270'),
('S006270', 'S004032'),
('S004032', 'S005185'),
('S005185', 'S004032'),
('S004032', 'S001908'),
('S001908', 'S004032'),
('S004032', 'S007693'),
('S007693', 'S004032'),
('S004032', 'S008940'),
('S008940', 'S004032'),
('S004032', 'S009632'),
('S009632', 'S004032'),
('S004032', 'S004898'),
('S004898', 'S004032'),
('S004032', 'S007813'),
('S007813', 'S004032'),
('S004032', 'S004848'),
('S004848', 'S004032'),
('S004032', 'S003307'),
('S003307', 'S004032'),
('S004032', 'S002909'),
('S002909', 'S004032'),
('S004032', 'S007050'),
('S007050', 'S004032'),
('S004032', 'S008407'),
('S008407', 'S004032'),
('S004032', 'S007238'),
('S007238', 'S004032'),
('S004032', 'S004500'),
('S004500', 'S004032'),
('S004032', 'S009769'),
('S009769', 'S004032'),
('S004032', 'S004429'),
('S004429', 'S004032'),
('S004032', 'S009601'),
('S009601', 'S004032'),
('S004032', 'S002044'),
('S002044', 'S004032'),
('S004070', 'S009604'),
('S009604', 'S004070'),
('S004070', 'S007149'),
('S007149', 'S004070'),
('S004070', 'S004458'),
('S004458', 'S004070'),
('S004070', 'S008146'),
('S008146', 'S004070'),
('S004070', 'S004848'),
('S004848', 'S004070'),
('S004070', 'S002460'),
('S002460', 'S004070'),
('S004070', 'S008940'),
('S008940', 'S004070'),
('S004070', 'S004423'),
('S004423', 'S004070'),
('S004070', 'S004898'),
('S004898', 'S004070'),
('S004070', 'S009912'),
('S009912', 'S004070'),
('S004070', 'S006161'),
('S006161', 'S004070'),
('S004070', 'S004927'),
('S004927', 'S004070'),
('S004070', 'S003120'),
('S003120', 'S004070'),
('S004070', 'S003014'),
('S003014', 'S004070'),
('S004070', 'S009644'),
('S009644', 'S004070'),
('S004070', 'S008394'),
('S008394', 'S004070'),
('S004070', 'S005696'),
('S005696', 'S004070'),
('S004309', 'S004458'),
('S004458', 'S004309'),
('S004309', 'S003663'),
('S003663', 'S004309'),
('S004309', 'S003079'),
('S003079', 'S004309'),
('S004309', 'S005535'),
('S005535', 'S004309'),
('S004309', 'S004927'),
('S004927', 'S004309'),
('S004309', 'S002071'),
('S002071', 'S004309'),
('S004309', 'S007813'),
('S007813', 'S004309'),
('S004309', 'S004379'),
('S004379', 'S004309'),
('S004309', 'S004848'),
('S004848', 'S004309'),
('S004309', 'S002750'),
('S002750', 'S004309'),
('S004309', 'S005876'),
('S005876', 'S004309'),
('S004309', 'S003120'),
('S003120', 'S004309'),
('S004309', 'S005442'),
('S005442', 'S004309'),
('S004309', 'S008929'),
('S008929', 'S004309'),
('S004309', 'S006460'),
('S006460', 'S004309'),
('S004309', 'S003052'),
('S003052', 'S004309'),
('S004309', 'S001156'),
('S001156', 'S004309'),
('S004309', 'S009747'),
('S009747', 'S004309'),
('S004351', 'S002842'),
('S002842', 'S004351'),
('S004351', 'S007109'),
('S007109', 'S004351'),
('S004351', 'S009754'),
('S009754', 'S004351'),
('S004351', 'S009352'),
('S009352', 'S004351'),
('S004351', 'S009155'),
('S009155', 'S004351'),
('S004351', 'S006003'),
('S006003', 'S004351'),
('S004351', 'S003120'),
('S003120', 'S004351'),
('S004351', 'S003930'),
('S003930', 'S004351'),
('S004351', 'S002584'),
('S002584', 'S004351'),
('S004351', 'S009296'),
('S009296', 'S004351'),
('S004351', 'S004648'),
('S004648', 'S004351'),
('S004351', 'S004500'),
('S004500', 'S004351'),
('S004351', 'S003373'),
('S003373', 'S004351'),
('S004351', 'S004780'),
('S004780', 'S004351'),
('S004351', 'S009644'),
('S009644', 'S004351'),
('S004351', 'S009632'),
('S009632', 'S004351'),
('S004351', 'S003230'),
('S003230', 'S004351'),
('S004351', 'S007929'),
('S007929', 'S004351'),
('S004351', 'S005273'),
('S005273', 'S004351'),
('S004351', 'S003931'),
('S003931', 'S004351'),
('S004351', 'S005267'),
('S005267', 'S004351'),
('S004351', 'S003231'),
('S003231', 'S004351'),
('S004351', 'S005982'),
('S005982', 'S004351'),
('S004379', 'S002842'),
('S002842', 'S004379'),
('S004379', 'S006728'),
('S006728', 'S004379'),
('S004379', 'S004648'),
('S004648', 'S004379'),
('S004379', 'S002044'),
('S002044', 'S004379'),
('S004379', 'S002460'),
('S002460', 'S004379'),
('S004379', 'S004848'),
('S004848', 'S004379'),
('S004379', 'S005267'),
('S005267', 'S004379'),
('S004379', 'S008394'),
('S008394', 'S004379'),
('S004379', 'S009809'),
('S009809', 'S004379'),
('S004379', 'S008361'),
('S008361', 'S004379'),
('S004379', 'S002234'),
('S002234', 'S004379'),
('S004379', 'S002750'),
('S002750', 'S004379'),
('S004379', 'S006031'),
('S006031', 'S004379'),
('S004379', 'S009352'),
('S009352', 'S004379'),
('S004379', 'S007884'),
('S007884', 'S004379'),
('S004379', 'S005987'),
('S005987', 'S004379'),
('S004423', 'S006728'),
('S006728', 'S004423'),
('S004423', 'S002044'),
('S002044', 'S004423'),
('S004423', 'S003052'),
('S003052', 'S004423'),
('S004423', 'S009747'),
('S009747', 'S004423'),
('S004423', 'S001970'),
('S001970', 'S004423'),
('S004423', 'S005273'),
('S005273', 'S004423'),
('S004423', 'S004458'),
('S004458', 'S004423'),
('S004423', 'S004309'),
('S004309', 'S004423'),
('S004423', 'S007929'),
('S007929', 'S004423'),
('S004423', 'S002584'),
('S002584', 'S004423'),
('S004423', 'S008588'),
('S008588', 'S004423'),
('S004423', 'S008302'),
('S008302', 'S004423'),
('S004423', 'S006541'),
('S006541', 'S004423'),
('S004423', 'S009322'),
('S009322', 'S004423'),
('S004423', 'S007217'),
('S007217', 'S004423'),
('S004423', 'S004379'),
('S004379', 'S004423'),
('S004423', 'S003051'),
('S003051', 'S004423'),
('S004423', 'S004898'),
('S004898', 'S004423'),
('S004423', 'S008186'),
('S008186', 'S004423'),
('S004423', 'S003014'),
('S003014', 'S004423'),
('S004423', 'S008940'),
('S008940', 'S004423'),
('S004423', 'S006460'),
('S006460', 'S004423'),
('S004423', 'S004351'),
('S004351', 'S004423'),
('S004423', 'S007934'),
('S007934', 'S004423'),
('S004423', 'S004429'),
('S004429', 'S004423'),
('S004423', 'S009296'),
('S009296', 'S004423'),
('S004423', 'S006479'),
('S006479', 'S004423'),
('S004429', 'S006003'),
('S006003', 'S004429'),
('S004429', 'S007928'),
('S007928', 'S004429'),
('S004429', 'S005543'),
('S005543', 'S004429'),
('S004429', 'S003842'),
('S003842', 'S004429'),
('S004429', 'S004440'),
('S004440', 'S004429'),
('S004429', 'S002213'),
('S002213', 'S004429'),
('S004429', 'S009379'),
('S009379', 'S004429'),
('S004429', 'S007050'),
('S007050', 'S004429'),
('S004429', 'S004379'),
('S004379', 'S004429'),
('S004429', 'S002234'),
('S002234', 'S004429'),
('S004429', 'S007988'),
('S007988', 'S004429'),
('S004429', 'S009601'),
('S009601', 'S004429'),
('S004429', 'S004500'),
('S004500', 'S004429'),
('S004429', 'S003752'),
('S003752', 'S004429'),
('S004440', 'S006737'),
('S006737', 'S004440'),
('S004440', 'S003644'),
('S003644', 'S004440'),
('S004440', 'S004070'),
('S004070', 'S004440'),
('S004440', 'S008343'),
('S008343', 'S004440'),
('S004440', 'S007238'),
('S007238', 'S004440'),
('S004440', 'S007408'),
('S007408', 'S004440'),
('S004440', 'S006147'),
('S006147', 'S004440'),
('S004440', 'S007330'),
('S007330', 'S004440'),
('S004440', 'S007988'),
('S007988', 'S004440'),
('S004440', 'S004913'),
('S004913', 'S004440'),
('S004440', 'S003041'),
('S003041', 'S004440'),
('S004440', 'S009379'),
('S009379', 'S004440'),
('S004440', 'S003663'),
('S003663', 'S004440'),
('S004440', 'S009632'),
('S009632', 'S004440'),
('S004440', 'S004809'),
('S004809', 'S004440'),
('S004440', 'S006031'),
('S006031', 'S004440'),
('S004440', 'S009769'),
('S009769', 'S004440'),
('S004440', 'S007934'),
('S007934', 'S004440'),
('S004440', 'S009352'),
('S009352', 'S004440'),
('S004440', 'S006198'),
('S006198', 'S004440'),
('S004440', 'S004423'),
('S004423', 'S004440'),
('S004440', 'S002842'),
('S002842', 'S004440'),
('S004440', 'S008196'),
('S008196', 'S004440'),
('S004440', 'S008302'),
('S008302', 'S004440'),
('S004440', 'S008929'),
('S008929', 'S004440'),
('S004440', 'S006728'),
('S006728', 'S004440'),
('S004440', 'S003842'),
('S003842', 'S004440'),
('S004440', 'S007813'),
('S007813', 'S004440'),
('S004458', 'S005543'),
('S005543', 'S004458'),
('S004458', 'S006161'),
('S006161', 'S004458'),
('S004458', 'S001156'),
('S001156', 'S004458'),
('S004458', 'S004032'),
('S004032', 'S004458'),
('S004458', 'S002750'),
('S002750', 'S004458'),
('S004458', 'S001908'),
('S001908', 'S004458'),
('S004458', 'S003644'),
('S003644', 'S004458'),
('S004458', 'S007148'),
('S007148', 'S004458'),
('S004458', 'S005876'),
('S005876', 'S004458'),
('S004458', 'S005535'),
('S005535', 'S004458'),
('S004458', 'S004898'),
('S004898', 'S004458'),
('S004458', 'S008940'),
('S008940', 'S004458'),
('S004458', 'S001305'),
('S001305', 'S004458'),
('S004458', 'S007672'),
('S007672', 'S004458'),
('S004458', 'S008186'),
('S008186', 'S004458'),
('S004494', 'S006782'),
('S006782', 'S004494'),
('S004494', 'S008146'),
('S008146', 'S004494'),
('S004494', 'S001908'),
('S001908', 'S004494'),
('S004494', 'S001156'),
('S001156', 'S004494'),
('S004494', 'S005185'),
('S005185', 'S004494'),
('S004494', 'S007148'),
('S007148', 'S004494'),
('S004494', 'S007979'),
('S007979', 'S004494'),
('S004494', 'S003847'),
('S003847', 'S004494'),
('S004494', 'S006198'),
('S006198', 'S004494'),
('S004494', 'S006003'),
('S006003', 'S004494'),
('S004494', 'S009644'),
('S009644', 'S004494'),
('S004494', 'S004379'),
('S004379', 'S004494'),
('S004494', 'S007672'),
('S007672', 'S004494'),
('S004494', 'S003842'),
('S003842', 'S004494'),
('S004494', 'S007813'),
('S007813', 'S004494'),
('S004494', 'S009155'),
('S009155', 'S004494'),
('S004494', 'S006460'),
('S006460', 'S004494'),
('S004494', 'S003051'),
('S003051', 'S004494'),
('S004494', 'S002584'),
('S002584', 'S004494'),
('S004494', 'S003307'),
('S003307', 'S004494'),
('S004494', 'S005273'),
('S005273', 'S004494'),
('S004494', 'S005543'),
('S005543', 'S004494'),
('S004494', 'S002842'),
('S002842', 'S004494'),
('S004494', 'S007934'),
('S007934', 'S004494'),
('S004494', 'S008774'),
('S008774', 'S004494'),
('S004494', 'S007050'),
('S007050', 'S004494'),
('S004494', 'S009296'),
('S009296', 'S004494'),
('S004494', 'S002071'),
('S002071', 'S004494'),
('S004494', 'S003977'),
('S003977', 'S004494'),
('S004494', 'S009379'),
('S009379', 'S004494'),
('S004494', 'S007149'),
('S007149', 'S004494'),
('S004500', 'S007148'),
('S007148', 'S004500'),
('S004500', 'S003014'),
('S003014', 'S004500'),
('S004500', 'S003307'),
('S003307', 'S004500'),
('S004500', 'S007109'),
('S007109', 'S004500'),
('S004500', 'S007408'),
('S007408', 'S004500'),
('S004500', 'S009601'),
('S009601', 'S004500'),
('S004500', 'S009504'),
('S009504', 'S004500'),
('S004500', 'S003475'),
('S003475', 'S004500'),
('S004500', 'S007149'),
('S007149', 'S004500'),
('S004500', 'S009632'),
('S009632', 'S004500'),
('S004500', 'S001146');
INSERT INTO `Friendship` (`FIRST_USER_ID`, `SECOND_USER_ID`) VALUES
('S001146', 'S004500'),
('S004500', 'S009322'),
('S009322', 'S004500'),
('S004500', 'S005080'),
('S005080', 'S004500'),
('S004500', 'S006147'),
('S006147', 'S004500'),
('S004500', 'S002044'),
('S002044', 'S004500'),
('S004500', 'S003977'),
('S003977', 'S004500'),
('S004500', 'S006728'),
('S006728', 'S004500'),
('S004500', 'S008940'),
('S008940', 'S004500'),
('S004500', 'S005982'),
('S005982', 'S004500'),
('S004500', 'S009964'),
('S009964', 'S004500'),
('S004500', 'S008407'),
('S008407', 'S004500'),
('S004648', 'S006329'),
('S006329', 'S004648'),
('S004648', 'S007813'),
('S007813', 'S004648'),
('S004648', 'S008407'),
('S008407', 'S004648'),
('S004648', 'S008394'),
('S008394', 'S004648'),
('S004648', 'S002281'),
('S002281', 'S004648'),
('S004648', 'S009604'),
('S009604', 'S004648'),
('S004648', 'S006479'),
('S006479', 'S004648'),
('S004648', 'S008588'),
('S008588', 'S004648'),
('S004648', 'S008369'),
('S008369', 'S004648'),
('S004648', 'S008186'),
('S008186', 'S004648'),
('S004648', 'S007934'),
('S007934', 'S004648'),
('S004648', 'S004440'),
('S004440', 'S004648'),
('S004648', 'S006161'),
('S006161', 'S004648'),
('S004648', 'S006737'),
('S006737', 'S004648'),
('S004648', 'S006460'),
('S006460', 'S004648'),
('S004648', 'S007109'),
('S007109', 'S004648'),
('S004648', 'S009379'),
('S009379', 'S004648'),
('S004648', 'S004423'),
('S004423', 'S004648'),
('S004648', 'S003977'),
('S003977', 'S004648'),
('S004648', 'S005876'),
('S005876', 'S004648'),
('S004648', 'S004927'),
('S004927', 'S004648'),
('S004648', 'S009693'),
('S009693', 'S004648'),
('S004648', 'S007929'),
('S007929', 'S004648'),
('S004648', 'S003931'),
('S003931', 'S004648'),
('S004648', 'S009352'),
('S009352', 'S004648'),
('S004648', 'S008085'),
('S008085', 'S004648'),
('S004648', 'S009964'),
('S009964', 'S004648'),
('S004648', 'S009644'),
('S009644', 'S004648'),
('S004648', 'S008940'),
('S008940', 'S004648'),
('S004648', 'S005543'),
('S005543', 'S004648'),
('S004780', 'S006147'),
('S006147', 'S004780'),
('S004780', 'S003688'),
('S003688', 'S004780'),
('S004780', 'S004070'),
('S004070', 'S004780'),
('S004780', 'S006782'),
('S006782', 'S004780'),
('S004780', 'S004500'),
('S004500', 'S004780'),
('S004780', 'S009754'),
('S009754', 'S004780'),
('S004780', 'S008186'),
('S008186', 'S004780'),
('S004780', 'S008774'),
('S008774', 'S004780'),
('S004780', 'S004648'),
('S004648', 'S004780'),
('S004780', 'S006976'),
('S006976', 'S004780'),
('S004809', 'S009379'),
('S009379', 'S004809'),
('S004809', 'S005273'),
('S005273', 'S004809'),
('S004809', 'S007217'),
('S007217', 'S004809'),
('S004809', 'S005442'),
('S005442', 'S004809'),
('S004809', 'S009769'),
('S009769', 'S004809'),
('S004809', 'S009693'),
('S009693', 'S004809'),
('S004809', 'S002071'),
('S002071', 'S004809'),
('S004809', 'S004458'),
('S004458', 'S004809'),
('S004809', 'S003977'),
('S003977', 'S004809'),
('S004809', 'S007149'),
('S007149', 'S004809'),
('S004809', 'S007238'),
('S007238', 'S004809'),
('S004809', 'S008300'),
('S008300', 'S004809'),
('S004809', 'S003052'),
('S003052', 'S004809'),
('S004848', 'S008929'),
('S008929', 'S004848'),
('S004848', 'S003475'),
('S003475', 'S004848'),
('S004848', 'S001146'),
('S001146', 'S004848'),
('S004848', 'S007693'),
('S007693', 'S004848'),
('S004848', 'S008394'),
('S008394', 'S004848'),
('S004848', 'S008774'),
('S008774', 'S004848'),
('S004848', 'S004494'),
('S004494', 'S004848'),
('S004848', 'S003052'),
('S003052', 'S004848'),
('S004848', 'S006782'),
('S006782', 'S004848'),
('S004848', 'S003051'),
('S003051', 'S004848'),
('S004848', 'S007330'),
('S007330', 'S004848'),
('S004848', 'S005987'),
('S005987', 'S004848'),
('S004848', 'S007928'),
('S007928', 'S004848'),
('S004848', 'S007813'),
('S007813', 'S004848'),
('S004848', 'S005080'),
('S005080', 'S004848'),
('S004898', 'S004379'),
('S004379', 'S004898'),
('S004898', 'S003307'),
('S003307', 'S004898'),
('S004898', 'S004648'),
('S004648', 'S004898'),
('S004898', 'S008302'),
('S008302', 'S004898'),
('S004898', 'S005442'),
('S005442', 'S004898'),
('S004898', 'S008300'),
('S008300', 'S004898'),
('S004898', 'S003954'),
('S003954', 'S004898'),
('S004898', 'S001867'),
('S001867', 'S004898'),
('S004898', 'S002071'),
('S002071', 'S004898'),
('S004898', 'S006161'),
('S006161', 'S004898'),
('S004898', 'S007050'),
('S007050', 'S004898'),
('S004898', 'S008146'),
('S008146', 'S004898'),
('S004898', 'S009632'),
('S009632', 'S004898'),
('S004898', 'S005982'),
('S005982', 'S004898'),
('S004898', 'S009296'),
('S009296', 'S004898'),
('S004898', 'S009795'),
('S009795', 'S004898'),
('S004898', 'S001352'),
('S001352', 'S004898'),
('S004898', 'S003317'),
('S003317', 'S004898'),
('S004898', 'S003079'),
('S003079', 'S004898'),
('S004898', 'S003051'),
('S003051', 'S004898'),
('S004898', 'S008407'),
('S008407', 'S004898'),
('S004898', 'S003231'),
('S003231', 'S004898'),
('S004913', 'S005098'),
('S005098', 'S004913'),
('S004913', 'S002814'),
('S002814', 'S004913'),
('S004913', 'S007109'),
('S007109', 'S004913'),
('S004913', 'S005273'),
('S005273', 'S004913'),
('S004913', 'S007050'),
('S007050', 'S004913'),
('S004913', 'S003865'),
('S003865', 'S004913'),
('S004913', 'S007701'),
('S007701', 'S004913'),
('S004913', 'S009296'),
('S009296', 'S004913'),
('S004913', 'S004379'),
('S004379', 'S004913'),
('S004913', 'S003373'),
('S003373', 'S004913'),
('S004913', 'S008146'),
('S008146', 'S004913'),
('S004913', 'S007928'),
('S007928', 'S004913'),
('S004913', 'S003931'),
('S003931', 'S004913'),
('S004913', 'S008394'),
('S008394', 'S004913'),
('S004913', 'S009795'),
('S009795', 'S004913'),
('S004913', 'S001383'),
('S001383', 'S004913'),
('S004913', 'S009964'),
('S009964', 'S004913'),
('S004913', 'S001156'),
('S001156', 'S004913'),
('S004913', 'S007238'),
('S007238', 'S004913'),
('S004913', 'S002234'),
('S002234', 'S004913'),
('S004913', 'S003230'),
('S003230', 'S004913'),
('S004913', 'S003688'),
('S003688', 'S004913'),
('S004913', 'S009504'),
('S009504', 'S004913'),
('S004913', 'S009912'),
('S009912', 'S004913'),
('S004913', 'S004494'),
('S004494', 'S004913'),
('S004927', 'S003317'),
('S003317', 'S004927'),
('S004927', 'S001996'),
('S001996', 'S004927'),
('S004927', 'S002234'),
('S002234', 'S004927'),
('S004927', 'S001525'),
('S001525', 'S004927'),
('S004927', 'S007330'),
('S007330', 'S004927'),
('S004927', 'S008300'),
('S008300', 'S004927'),
('S004927', 'S008146'),
('S008146', 'S004927'),
('S004927', 'S002909'),
('S002909', 'S004927'),
('S004927', 'S006782'),
('S006782', 'S004927'),
('S004927', 'S006541'),
('S006541', 'S004927'),
('S004927', 'S003079'),
('S003079', 'S004927'),
('S004927', 'S004494'),
('S004494', 'S004927'),
('S004927', 'S007988'),
('S007988', 'S004927'),
('S004927', 'S007689'),
('S007689', 'S004927'),
('S004927', 'S008394'),
('S008394', 'S004927'),
('S004927', 'S003688'),
('S003688', 'S004927'),
('S004927', 'S005982'),
('S005982', 'S004927'),
('S004927', 'S001305'),
('S001305', 'S004927'),
('S004927', 'S009839'),
('S009839', 'S004927'),
('S004927', 'S003930'),
('S003930', 'S004927'),
('S004927', 'S005543'),
('S005543', 'S004927'),
('S004927', 'S001146'),
('S001146', 'S004927'),
('S004927', 'S005535'),
('S005535', 'S004927'),
('S004927', 'S009504'),
('S009504', 'S004927'),
('S005080', 'S004351'),
('S004351', 'S005080'),
('S005080', 'S009839'),
('S009839', 'S005080'),
('S005080', 'S001996'),
('S001996', 'S005080'),
('S005080', 'S007884'),
('S007884', 'S005080'),
('S005080', 'S009504'),
('S009504', 'S005080'),
('S005080', 'S001972'),
('S001972', 'S005080'),
('S005080', 'S005987'),
('S005987', 'S005080'),
('S005080', 'S004070'),
('S004070', 'S005080'),
('S005080', 'S004780'),
('S004780', 'S005080'),
('S005080', 'S006541'),
('S006541', 'S005080'),
('S005080', 'S001352'),
('S001352', 'S005080'),
('S005080', 'S009964'),
('S009964', 'S005080'),
('S005080', 'S008302'),
('S008302', 'S005080'),
('S005080', 'S008394'),
('S008394', 'S005080'),
('S005080', 'S009322'),
('S009322', 'S005080'),
('S005080', 'S008244'),
('S008244', 'S005080'),
('S005080', 'S008369'),
('S008369', 'S005080'),
('S005080', 'S004913'),
('S004913', 'S005080'),
('S005080', 'S006031'),
('S006031', 'S005080'),
('S005080', 'S002044'),
('S002044', 'S005080'),
('S005080', 'S009296'),
('S009296', 'S005080'),
('S005080', 'S007928'),
('S007928', 'S005080'),
('S005080', 'S003688'),
('S003688', 'S005080'),
('S005080', 'S008905'),
('S008905', 'S005080'),
('S005098', 'S003457'),
('S003457', 'S005098'),
('S005098', 'S004423'),
('S004423', 'S005098'),
('S005098', 'S003052'),
('S003052', 'S005098'),
('S005098', 'S001972'),
('S001972', 'S005098'),
('S005098', 'S005987'),
('S005987', 'S005098'),
('S005098', 'S005535'),
('S005535', 'S005098'),
('S005098', 'S003120'),
('S003120', 'S005098'),
('S005098', 'S002460'),
('S002460', 'S005098'),
('S005098', 'S008774'),
('S008774', 'S005098'),
('S005098', 'S009644'),
('S009644', 'S005098'),
('S005098', 'S006782'),
('S006782', 'S005098'),
('S005098', 'S004500'),
('S004500', 'S005098'),
('S005098', 'S007693'),
('S007693', 'S005098'),
('S005098', 'S006976'),
('S006976', 'S005098'),
('S005098', 'S003688'),
('S003688', 'S005098'),
('S005098', 'S009296'),
('S009296', 'S005098'),
('S005098', 'S009604'),
('S009604', 'S005098'),
('S005098', 'S006777'),
('S006777', 'S005098'),
('S005098', 'S003231'),
('S003231', 'S005098'),
('S005098', 'S007148'),
('S007148', 'S005098'),
('S005098', 'S007689'),
('S007689', 'S005098'),
('S005098', 'S009754'),
('S009754', 'S005098'),
('S005098', 'S007979'),
('S007979', 'S005098'),
('S005098', 'S002238'),
('S002238', 'S005098'),
('S005098', 'S001867'),
('S001867', 'S005098'),
('S005098', 'S008369'),
('S008369', 'S005098'),
('S005098', 'S008186'),
('S008186', 'S005098'),
('S005098', 'S006541'),
('S006541', 'S005098'),
('S005185', 'S003052'),
('S003052', 'S005185'),
('S005185', 'S007330'),
('S007330', 'S005185'),
('S005185', 'S009603'),
('S009603', 'S005185'),
('S005185', 'S003079'),
('S003079', 'S005185'),
('S005185', 'S003041'),
('S003041', 'S005185'),
('S005185', 'S008146'),
('S008146', 'S005185'),
('S005185', 'S003977'),
('S003977', 'S005185'),
('S005185', 'S007689'),
('S007689', 'S005185'),
('S005185', 'S002234'),
('S002234', 'S005185'),
('S005185', 'S004458'),
('S004458', 'S005185'),
('S005185', 'S006777'),
('S006777', 'S005185'),
('S005185', 'S005535'),
('S005535', 'S005185'),
('S005185', 'S009747'),
('S009747', 'S005185'),
('S005185', 'S008929'),
('S008929', 'S005185'),
('S005185', 'S009693'),
('S009693', 'S005185'),
('S005185', 'S005543'),
('S005543', 'S005185'),
('S005185', 'S005876'),
('S005876', 'S005185'),
('S005267', 'S004809'),
('S004809', 'S005267'),
('S005267', 'S006737'),
('S006737', 'S005267'),
('S005267', 'S002842'),
('S002842', 'S005267'),
('S005267', 'S007988'),
('S007988', 'S005267'),
('S005267', 'S009296'),
('S009296', 'S005267'),
('S005267', 'S005696'),
('S005696', 'S005267'),
('S005267', 'S009769'),
('S009769', 'S005267'),
('S005267', 'S009603'),
('S009603', 'S005267'),
('S005273', 'S001867'),
('S001867', 'S005273'),
('S005273', 'S008146'),
('S008146', 'S005273'),
('S005273', 'S004070'),
('S004070', 'S005273'),
('S005273', 'S003931'),
('S003931', 'S005273'),
('S005273', 'S009769'),
('S009769', 'S005273'),
('S005273', 'S006003'),
('S006003', 'S005273'),
('S005442', 'S008244'),
('S008244', 'S005442'),
('S005442', 'S002234'),
('S002234', 'S005442'),
('S005442', 'S004379'),
('S004379', 'S005442'),
('S005442', 'S009795'),
('S009795', 'S005442'),
('S005442', 'S009769'),
('S009769', 'S005442'),
('S005442', 'S007928'),
('S007928', 'S005442'),
('S005442', 'S009912'),
('S009912', 'S005442'),
('S005442', 'S004070'),
('S004070', 'S005442'),
('S005442', 'S007217'),
('S007217', 'S005442'),
('S005442', 'S001970'),
('S001970', 'S005442'),
('S005442', 'S008186'),
('S008186', 'S005442'),
('S005442', 'S009352'),
('S009352', 'S005442'),
('S005442', 'S009601'),
('S009601', 'S005442'),
('S005442', 'S003644'),
('S003644', 'S005442'),
('S005442', 'S008394'),
('S008394', 'S005442'),
('S005535', 'S003120'),
('S003120', 'S005535'),
('S005535', 'S002044'),
('S002044', 'S005535'),
('S005535', 'S007672'),
('S007672', 'S005535'),
('S005535', 'S002234'),
('S002234', 'S005535'),
('S005535', 'S007408'),
('S007408', 'S005535'),
('S005535', 'S006782'),
('S006782', 'S005535'),
('S005535', 'S006329'),
('S006329', 'S005535'),
('S005535', 'S007149'),
('S007149', 'S005535'),
('S005535', 'S005982'),
('S005982', 'S005535'),
('S005535', 'S008343'),
('S008343', 'S005535'),
('S005535', 'S003930'),
('S003930', 'S005535'),
('S005535', 'S007050'),
('S007050', 'S005535'),
('S005535', 'S004913'),
('S004913', 'S005535'),
('S005535', 'S006541'),
('S006541', 'S005535'),
('S005535', 'S007217'),
('S007217', 'S005535'),
('S005535', 'S002281'),
('S002281', 'S005535'),
('S005535', 'S008394'),
('S008394', 'S005535'),
('S005535', 'S002071'),
('S002071', 'S005535'),
('S005535', 'S004500'),
('S004500', 'S005535'),
('S005535', 'S008369'),
('S008369', 'S005535'),
('S005535', 'S003644'),
('S003644', 'S005535'),
('S005535', 'S004809'),
('S004809', 'S005535'),
('S005535', 'S006031'),
('S006031', 'S005535'),
('S005535', 'S003051'),
('S003051', 'S005535'),
('S005535', 'S008146'),
('S008146', 'S005535'),
('S005535', 'S007988'),
('S007988', 'S005535'),
('S005543', 'S003865'),
('S003865', 'S005543'),
('S005543', 'S008085'),
('S008085', 'S005543'),
('S005543', 'S002213'),
('S002213', 'S005543'),
('S005543', 'S001525'),
('S001525', 'S005543'),
('S005543', 'S001908'),
('S001908', 'S005543'),
('S005543', 'S007109'),
('S007109', 'S005543'),
('S005543', 'S003052'),
('S003052', 'S005543'),
('S005543', 'S003231'),
('S003231', 'S005543'),
('S005543', 'S005876'),
('S005876', 'S005543'),
('S005543', 'S009693'),
('S009693', 'S005543'),
('S005543', 'S008369'),
('S008369', 'S005543'),
('S005543', 'S003475'),
('S003475', 'S005543'),
('S005543', 'S009795'),
('S009795', 'S005543'),
('S005543', 'S005987'),
('S005987', 'S005543'),
('S005543', 'S002842'),
('S002842', 'S005543'),
('S005543', 'S008244'),
('S008244', 'S005543'),
('S005696', 'S003231'),
('S003231', 'S005696'),
('S005696', 'S002814'),
('S002814', 'S005696'),
('S005696', 'S006479'),
('S006479', 'S005696'),
('S005696', 'S003954'),
('S003954', 'S005696'),
('S005696', 'S009322'),
('S009322', 'S005696'),
('S005696', 'S002281'),
('S002281', 'S005696'),
('S005696', 'S004458'),
('S004458', 'S005696'),
('S005696', 'S009227'),
('S009227', 'S005696'),
('S005696', 'S006460'),
('S006460', 'S005696'),
('S005696', 'S007050'),
('S007050', 'S005696'),
('S005696', 'S006737'),
('S006737', 'S005696'),
('S005696', 'S006777'),
('S006777', 'S005696'),
('S005696', 'S003977'),
('S003977', 'S005696'),
('S005696', 'S001352'),
('S001352', 'S005696'),
('S005696', 'S009352'),
('S009352', 'S005696'),
('S005696', 'S009632'),
('S009632', 'S005696'),
('S005696', 'S009601'),
('S009601', 'S005696'),
('S005696', 'S006976'),
('S006976', 'S005696'),
('S005696', 'S008361'),
('S008361', 'S005696'),
('S005696', 'S009769'),
('S009769', 'S005696'),
('S005696', 'S001972'),
('S001972', 'S005696'),
('S005696', 'S003688'),
('S003688', 'S005696'),
('S005696', 'S008196'),
('S008196', 'S005696'),
('S005876', 'S002842'),
('S002842', 'S005876'),
('S005876', 'S007979'),
('S007979', 'S005876'),
('S005876', 'S006479'),
('S006479', 'S005876'),
('S005876', 'S008361'),
('S008361', 'S005876'),
('S005876', 'S007217'),
('S007217', 'S005876'),
('S005876', 'S009747'),
('S009747', 'S005876'),
('S005876', 'S008369'),
('S008369', 'S005876'),
('S005876', 'S004494'),
('S004494', 'S005876'),
('S005876', 'S007050'),
('S007050', 'S005876'),
('S005876', 'S004440'),
('S004440', 'S005876'),
('S005876', 'S005987'),
('S005987', 'S005876'),
('S005876', 'S006976'),
('S006976', 'S005876'),
('S005876', 'S003847'),
('S003847', 'S005876'),
('S005876', 'S008407'),
('S008407', 'S005876'),
('S005876', 'S008146'),
('S008146', 'S005876'),
('S005982', 'S005098'),
('S005098', 'S005982'),
('S005982', 'S004423'),
('S004423', 'S005982'),
('S005982', 'S001972'),
('S001972', 'S005982'),
('S005982', 'S006161'),
('S006161', 'S005982'),
('S005982', 'S004440'),
('S004440', 'S005982'),
('S005982', 'S008394'),
('S008394', 'S005982'),
('S005982', 'S009839'),
('S009839', 'S005982'),
('S005982', 'S007929'),
('S007929', 'S005982'),
('S005982', 'S003014'),
('S003014', 'S005982'),
('S005987', 'S004500'),
('S004500', 'S005987'),
('S005987', 'S009747'),
('S009747', 'S005987'),
('S005987', 'S004494'),
('S004494', 'S005987'),
('S005987', 'S007813'),
('S007813', 'S005987'),
('S005987', 'S002814'),
('S002814', 'S005987'),
('S005987', 'S003457'),
('S003457', 'S005987'),
('S005987', 'S009603'),
('S009603', 'S005987'),
('S005987', 'S005442'),
('S005442', 'S005987'),
('S005987', 'S006147'),
('S006147', 'S005987'),
('S005987', 'S001996'),
('S001996', 'S005987'),
('S005987', 'S003317'),
('S003317', 'S005987'),
('S005987', 'S009632'),
('S009632', 'S005987'),
('S005987', 'S009379'),
('S009379', 'S005987'),
('S005987', 'S003954'),
('S003954', 'S005987'),
('S005987', 'S007928'),
('S007928', 'S005987'),
('S005987', 'S002234'),
('S002234', 'S005987'),
('S005987', 'S006329'),
('S006329', 'S005987'),
('S006003', 'S003079'),
('S003079', 'S006003'),
('S006003', 'S004458'),
('S004458', 'S006003'),
('S006003', 'S009379'),
('S009379', 'S006003'),
('S006003', 'S003865'),
('S003865', 'S006003'),
('S006003', 'S006031'),
('S006031', 'S006003'),
('S006003', 'S004500'),
('S004500', 'S006003'),
('S006003', 'S002460'),
('S002460', 'S006003'),
('S006003', 'S001146'),
('S001146', 'S006003'),
('S006003', 'S004379'),
('S004379', 'S006003'),
('S006003', 'S009601'),
('S009601', 'S006003'),
('S006003', 'S003230'),
('S003230', 'S006003'),
('S006003', 'S006728'),
('S006728', 'S006003'),
('S006003', 'S007928'),
('S007928', 'S006003'),
('S006003', 'S005876'),
('S005876', 'S006003'),
('S006003', 'S009155'),
('S009155', 'S006003'),
('S006003', 'S008774'),
('S008774', 'S006003'),
('S006031', 'S003954'),
('S003954', 'S006031'),
('S006031', 'S004780'),
('S004780', 'S006031'),
('S006031', 'S007149'),
('S007149', 'S006031'),
('S006031', 'S008302'),
('S008302', 'S006031'),
('S006031', 'S006147'),
('S006147', 'S006031'),
('S006031', 'S001525'),
('S001525', 'S006031'),
('S006031', 'S005273'),
('S005273', 'S006031'),
('S006031', 'S004809'),
('S004809', 'S006031'),
('S006031', 'S008300'),
('S008300', 'S006031'),
('S006031', 'S006976'),
('S006976', 'S006031'),
('S006031', 'S006782'),
('S006782', 'S006031'),
('S006031', 'S007929'),
('S007929', 'S006031'),
('S006031', 'S009504'),
('S009504', 'S006031'),
('S006031', 'S007672'),
('S007672', 'S006031'),
('S006031', 'S005267'),
('S005267', 'S006031'),
('S006031', 'S009227'),
('S009227', 'S006031'),
('S006031', 'S007934'),
('S007934', 'S006031'),
('S006031', 'S007330'),
('S007330', 'S006031'),
('S006031', 'S002281'),
('S002281', 'S006031'),
('S006031', 'S004309'),
('S004309', 'S006031'),
('S006147', 'S007109'),
('S007109', 'S006147'),
('S006147', 'S004809'),
('S004809', 'S006147'),
('S006147', 'S005267'),
('S005267', 'S006147'),
('S006147', 'S003051'),
('S003051', 'S006147'),
('S006147', 'S004898'),
('S004898', 'S006147'),
('S006147', 'S006198'),
('S006198', 'S006147'),
('S006147', 'S004494'),
('S004494', 'S006147'),
('S006147', 'S007149'),
('S007149', 'S006147'),
('S006147', 'S004070'),
('S004070', 'S006147'),
('S006147', 'S003373'),
('S003373', 'S006147'),
('S006147', 'S002750'),
('S002750', 'S006147'),
('S006147', 'S008196'),
('S008196', 'S006147'),
('S006147', 'S004351'),
('S004351', 'S006147'),
('S006147', 'S005982'),
('S005982', 'S006147'),
('S006147', 'S009747'),
('S009747', 'S006147'),
('S006147', 'S004429'),
('S004429', 'S006147'),
('S006147', 'S003079'),
('S003079', 'S006147'),
('S006147', 'S007689'),
('S007689', 'S006147'),
('S006147', 'S008146'),
('S008146', 'S006147'),
('S006147', 'S006737'),
('S006737', 'S006147'),
('S006147', 'S007050'),
('S007050', 'S006147'),
('S006147', 'S008186'),
('S008186', 'S006147'),
('S006147', 'S008588'),
('S008588', 'S006147'),
('S006147', 'S008940'),
('S008940', 'S006147'),
('S006147', 'S009809'),
('S009809', 'S006147'),
('S006147', 'S006479'),
('S006479', 'S006147'),
('S006147', 'S009504'),
('S009504', 'S006147'),
('S006161', 'S008361'),
('S008361', 'S006161'),
('S006161', 'S009795'),
('S009795', 'S006161'),
('S006161', 'S003231'),
('S003231', 'S006161'),
('S006161', 'S006541'),
('S006541', 'S006161'),
('S006161', 'S008369'),
('S008369', 'S006161'),
('S006161', 'S008343'),
('S008343', 'S006161'),
('S006161', 'S008196'),
('S008196', 'S006161'),
('S006161', 'S003977'),
('S003977', 'S006161'),
('S006161', 'S004494'),
('S004494', 'S006161'),
('S006161', 'S006329'),
('S006329', 'S006161'),
('S006161', 'S009603'),
('S009603', 'S006161'),
('S006161', 'S007813'),
('S007813', 'S006161'),
('S006161', 'S001383'),
('S001383', 'S006161'),
('S006161', 'S005442'),
('S005442', 'S006161'),
('S006198', 'S006782'),
('S006782', 'S006198'),
('S006198', 'S003752'),
('S003752', 'S006198'),
('S006198', 'S008905'),
('S008905', 'S006198'),
('S006198', 'S004898'),
('S004898', 'S006198'),
('S006198', 'S002750'),
('S002750', 'S006198'),
('S006198', 'S003475'),
('S003475', 'S006198'),
('S006198', 'S008244'),
('S008244', 'S006198'),
('S006198', 'S007672'),
('S007672', 'S006198'),
('S006198', 'S002584'),
('S002584', 'S006198'),
('S006198', 'S001352'),
('S001352', 'S006198'),
('S006198', 'S009632'),
('S009632', 'S006198'),
('S006198', 'S003930'),
('S003930', 'S006198'),
('S006198', 'S003663'),
('S003663', 'S006198'),
('S006198', 'S002460'),
('S002460', 'S006198'),
('S006198', 'S009912'),
('S009912', 'S006198'),
('S006198', 'S009322'),
('S009322', 'S006198'),
('S006198', 'S003842'),
('S003842', 'S006198'),
('S006198', 'S008300'),
('S008300', 'S006198'),
('S006198', 'S007148'),
('S007148', 'S006198'),
('S006198', 'S005982'),
('S005982', 'S006198'),
('S006198', 'S004848'),
('S004848', 'S006198'),
('S006198', 'S007701'),
('S007701', 'S006198'),
('S006198', 'S001305'),
('S001305', 'S006198'),
('S006198', 'S006460'),
('S006460', 'S006198'),
('S006270', 'S006976'),
('S006976', 'S006270'),
('S006270', 'S002814'),
('S002814', 'S006270'),
('S006270', 'S005543'),
('S005543', 'S006270'),
('S006270', 'S003475'),
('S003475', 'S006270'),
('S006270', 'S003230'),
('S003230', 'S006270'),
('S006270', 'S003752'),
('S003752', 'S006270'),
('S006270', 'S002044'),
('S002044', 'S006270'),
('S006270', 'S009379'),
('S009379', 'S006270'),
('S006270', 'S003231'),
('S003231', 'S006270'),
('S006270', 'S001972'),
('S001972', 'S006270'),
('S006270', 'S004500'),
('S004500', 'S006270'),
('S006329', 'S001383'),
('S001383', 'S006329'),
('S006329', 'S003644'),
('S003644', 'S006329'),
('S006329', 'S009769'),
('S009769', 'S006329'),
('S006329', 'S006460'),
('S006460', 'S006329'),
('S006329', 'S005876'),
('S005876', 'S006329'),
('S006329', 'S006737'),
('S006737', 'S006329'),
('S006329', 'S004458'),
('S004458', 'S006329'),
('S006329', 'S008361'),
('S008361', 'S006329'),
('S006329', 'S006541'),
('S006541', 'S006329'),
('S006329', 'S005267'),
('S005267', 'S006329'),
('S006329', 'S003120'),
('S003120', 'S006329'),
('S006329', 'S004309'),
('S004309', 'S006329'),
('S006329', 'S004494'),
('S004494', 'S006329'),
('S006329', 'S008905'),
('S008905', 'S006329'),
('S006329', 'S004913'),
('S004913', 'S006329'),
('S006329', 'S007689'),
('S007689', 'S006329'),
('S006329', 'S008300'),
('S008300', 'S006329'),
('S006329', 'S006782'),
('S006782', 'S006329'),
('S006329', 'S001970'),
('S001970', 'S006329'),
('S006329', 'S001525'),
('S001525', 'S006329'),
('S006329', 'S003457'),
('S003457', 'S006329'),
('S006329', 'S003931'),
('S003931', 'S006329'),
('S006329', 'S003307'),
('S003307', 'S006329'),
('S006329', 'S001156'),
('S001156', 'S006329'),
('S006329', 'S003865'),
('S003865', 'S006329'),
('S006329', 'S005442'),
('S005442', 'S006329'),
('S006329', 'S009839'),
('S009839', 'S006329'),
('S006329', 'S008244'),
('S008244', 'S006329'),
('S006460', 'S009603'),
('S009603', 'S006460'),
('S006460', 'S005267'),
('S005267', 'S006460'),
('S006460', 'S004429'),
('S004429', 'S006460'),
('S006460', 'S006479'),
('S006479', 'S006460'),
('S006460', 'S002071'),
('S002071', 'S006460'),
('S006460', 'S009632'),
('S009632', 'S006460'),
('S006460', 'S006782'),
('S006782', 'S006460'),
('S006460', 'S009644'),
('S009644', 'S006460'),
('S006460', 'S006541'),
('S006541', 'S006460'),
('S006460', 'S007330'),
('S007330', 'S006460'),
('S006460', 'S004032'),
('S004032', 'S006460'),
('S006460', 'S009912'),
('S009912', 'S006460'),
('S006460', 'S006147'),
('S006147', 'S006460'),
('S006460', 'S008369'),
('S008369', 'S006460'),
('S006460', 'S007672'),
('S007672', 'S006460'),
('S006460', 'S002281'),
('S002281', 'S006460'),
('S006460', 'S009379'),
('S009379', 'S006460'),
('S006460', 'S001996'),
('S001996', 'S006460'),
('S006460', 'S008588'),
('S008588', 'S006460'),
('S006460', 'S003120'),
('S003120', 'S006460'),
('S006460', 'S008394'),
('S008394', 'S006460'),
('S006460', 'S006777'),
('S006777', 'S006460'),
('S006460', 'S001970'),
('S001970', 'S006460'),
('S006460', 'S007689'),
('S007689', 'S006460'),
('S006460', 'S001972'),
('S001972', 'S006460'),
('S006479', 'S007689'),
('S007689', 'S006479'),
('S006479', 'S002842'),
('S002842', 'S006479'),
('S006479', 'S001996'),
('S001996', 'S006479'),
('S006479', 'S009809'),
('S009809', 'S006479'),
('S006479', 'S008343'),
('S008343', 'S006479'),
('S006479', 'S004032'),
('S004032', 'S006479'),
('S006479', 'S009603'),
('S009603', 'S006479'),
('S006479', 'S001156'),
('S001156', 'S006479'),
('S006479', 'S007672'),
('S007672', 'S006479'),
('S006479', 'S008196'),
('S008196', 'S006479'),
('S006479', 'S009604'),
('S009604', 'S006479'),
('S006479', 'S001908'),
('S001908', 'S006479'),
('S006479', 'S009754'),
('S009754', 'S006479'),
('S006479', 'S008146'),
('S008146', 'S006479'),
('S006479', 'S001970'),
('S001970', 'S006479'),
('S006479', 'S005185'),
('S005185', 'S006479'),
('S006479', 'S003954'),
('S003954', 'S006479'),
('S006479', 'S007693'),
('S007693', 'S006479'),
('S006479', 'S004351'),
('S004351', 'S006479'),
('S006479', 'S001352'),
('S001352', 'S006479'),
('S006541', 'S003688'),
('S003688', 'S006541'),
('S006541', 'S003977'),
('S003977', 'S006541'),
('S006541', 'S008774'),
('S008774', 'S006541'),
('S006541', 'S009603'),
('S009603', 'S006541'),
('S006541', 'S009964'),
('S009964', 'S006541'),
('S006541', 'S006003'),
('S006003', 'S006541'),
('S006541', 'S007408'),
('S007408', 'S006541'),
('S006541', 'S007148'),
('S007148', 'S006541'),
('S006541', 'S003231'),
('S003231', 'S006541'),
('S006541', 'S003457'),
('S003457', 'S006541'),
('S006541', 'S003475'),
('S003475', 'S006541'),
('S006541', 'S009379'),
('S009379', 'S006541'),
('S006541', 'S008369'),
('S008369', 'S006541'),
('S006728', 'S003930'),
('S003930', 'S006728'),
('S006728', 'S008085'),
('S008085', 'S006728'),
('S006728', 'S001156'),
('S001156', 'S006728'),
('S006728', 'S007238'),
('S007238', 'S006728'),
('S006728', 'S006976'),
('S006976', 'S006728'),
('S006728', 'S003847'),
('S003847', 'S006728'),
('S006728', 'S007149'),
('S007149', 'S006728'),
('S006728', 'S002414'),
('S002414', 'S006728'),
('S006728', 'S005535'),
('S005535', 'S006728'),
('S006728', 'S007330'),
('S007330', 'S006728'),
('S006728', 'S008244'),
('S008244', 'S006728'),
('S006728', 'S007884'),
('S007884', 'S006728'),
('S006737', 'S001525'),
('S001525', 'S006737'),
('S006737', 'S007813'),
('S007813', 'S006737'),
('S006737', 'S009632'),
('S009632', 'S006737'),
('S006737', 'S008407'),
('S008407', 'S006737'),
('S006737', 'S005543'),
('S005543', 'S006737'),
('S006737', 'S009322'),
('S009322', 'S006737'),
('S006737', 'S003865'),
('S003865', 'S006737'),
('S006737', 'S003457'),
('S003457', 'S006737'),
('S006737', 'S003079'),
('S003079', 'S006737'),
('S006737', 'S005987'),
('S005987', 'S006737'),
('S006737', 'S006031'),
('S006031', 'S006737'),
('S006737', 'S008394'),
('S008394', 'S006737'),
('S006737', 'S005080'),
('S005080', 'S006737'),
('S006737', 'S004429'),
('S004429', 'S006737'),
('S006737', 'S009839'),
('S009839', 'S006737'),
('S006737', 'S006479'),
('S006479', 'S006737'),
('S006737', 'S007979'),
('S007979', 'S006737'),
('S006737', 'S009227'),
('S009227', 'S006737'),
('S006737', 'S005098'),
('S005098', 'S006737'),
('S006737', 'S008085'),
('S008085', 'S006737'),
('S006737', 'S006270'),
('S006270', 'S006737'),
('S006737', 'S004070'),
('S004070', 'S006737'),
('S006737', 'S009809'),
('S009809', 'S006737'),
('S006777', 'S003644'),
('S003644', 'S006777'),
('S006777', 'S009693'),
('S009693', 'S006777'),
('S006777', 'S005987'),
('S005987', 'S006777'),
('S006777', 'S009322'),
('S009322', 'S006777'),
('S006777', 'S005080'),
('S005080', 'S006777'),
('S006777', 'S006479'),
('S006479', 'S006777'),
('S006777', 'S002044'),
('S002044', 'S006777'),
('S006777', 'S003373'),
('S003373', 'S006777'),
('S006777', 'S004429'),
('S004429', 'S006777'),
('S006777', 'S002213'),
('S002213', 'S006777'),
('S006777', 'S003954'),
('S003954', 'S006777'),
('S006777', 'S008940'),
('S008940', 'S006777'),
('S006777', 'S008343'),
('S008343', 'S006777'),
('S006777', 'S001996'),
('S001996', 'S006777'),
('S006777', 'S008929'),
('S008929', 'S006777'),
('S006777', 'S009601'),
('S009601', 'S006777'),
('S006777', 'S004927'),
('S004927', 'S006777'),
('S006777', 'S003231'),
('S003231', 'S006777'),
('S006777', 'S001867'),
('S001867', 'S006777'),
('S006777', 'S005273'),
('S005273', 'S006777'),
('S006777', 'S005982'),
('S005982', 'S006777'),
('S006777', 'S007929'),
('S007929', 'S006777'),
('S006777', 'S008407'),
('S008407', 'S006777'),
('S006777', 'S006737'),
('S006737', 'S006777'),
('S006777', 'S004494'),
('S004494', 'S006777'),
('S006782', 'S008146'),
('S008146', 'S006782'),
('S006782', 'S009693'),
('S009693', 'S006782'),
('S006782', 'S008369'),
('S008369', 'S006782'),
('S006782', 'S008186'),
('S008186', 'S006782'),
('S006782', 'S008774'),
('S008774', 'S006782'),
('S006782', 'S004500'),
('S004500', 'S006782'),
('S006976', 'S005442'),
('S005442', 'S006976'),
('S006976', 'S006777'),
('S006777', 'S006976'),
('S006976', 'S003231'),
('S003231', 'S006976'),
('S006976', 'S005535'),
('S005535', 'S006976'),
('S006976', 'S008588'),
('S008588', 'S006976'),
('S006976', 'S001352'),
('S001352', 'S006976'),
('S006976', 'S005273'),
('S005273', 'S006976'),
('S006976', 'S009604'),
('S009604', 'S006976'),
('S006976', 'S007884'),
('S007884', 'S006976'),
('S006976', 'S003930'),
('S003930', 'S006976'),
('S006976', 'S008244'),
('S008244', 'S006976'),
('S007050', 'S002814'),
('S002814', 'S007050'),
('S007050', 'S004070'),
('S004070', 'S007050'),
('S007050', 'S001156'),
('S001156', 'S007050'),
('S007050', 'S007330'),
('S007330', 'S007050'),
('S007050', 'S008302'),
('S008302', 'S007050'),
('S007050', 'S004351'),
('S004351', 'S007050'),
('S007050', 'S004440'),
('S004440', 'S007050'),
('S007050', 'S002234'),
('S002234', 'S007050'),
('S007050', 'S008186'),
('S008186', 'S007050'),
('S007050', 'S009747'),
('S009747', 'S007050'),
('S007050', 'S005098'),
('S005098', 'S007050'),
('S007050', 'S007934'),
('S007934', 'S007050'),
('S007050', 'S004927'),
('S004927', 'S007050'),
('S007050', 'S002281'),
('S002281', 'S007050'),
('S007050', 'S008940'),
('S008940', 'S007050'),
('S007050', 'S009352'),
('S009352', 'S007050'),
('S007050', 'S009693'),
('S009693', 'S007050'),
('S007050', 'S001383'),
('S001383', 'S007050'),
('S007109', 'S007050'),
('S007050', 'S007109'),
('S007109', 'S002584'),
('S002584', 'S007109'),
('S007109', 'S006737'),
('S006737', 'S007109'),
('S007109', 'S002234'),
('S002234', 'S007109'),
('S007109', 'S008407'),
('S008407', 'S007109'),
('S007109', 'S006198'),
('S006198', 'S007109'),
('S007109', 'S008302'),
('S008302', 'S007109'),
('S007109', 'S004309'),
('S004309', 'S007109'),
('S007109', 'S003644'),
('S003644', 'S007109'),
('S007109', 'S009603'),
('S009603', 'S007109'),
('S007109', 'S005098'),
('S005098', 'S007109'),
('S007109', 'S009352'),
('S009352', 'S007109'),
('S007109', 'S003842'),
('S003842', 'S007109'),
('S007109', 'S004440'),
('S004440', 'S007109'),
('S007109', 'S005185'),
('S005185', 'S007109'),
('S007109', 'S002842'),
('S002842', 'S007109'),
('S007109', 'S007672'),
('S007672', 'S007109'),
('S007109', 'S002044'),
('S002044', 'S007109'),
('S007148', 'S002814'),
('S002814', 'S007148'),
('S007148', 'S009322'),
('S009322', 'S007148'),
('S007148', 'S009769'),
('S009769', 'S007148'),
('S007148', 'S009795'),
('S009795', 'S007148'),
('S007148', 'S004423'),
('S004423', 'S007148'),
('S007148', 'S003317'),
('S003317', 'S007148'),
('S007149', 'S002414'),
('S002414', 'S007149'),
('S007149', 'S008369'),
('S008369', 'S007149'),
('S007149', 'S009795'),
('S009795', 'S007149'),
('S007149', 'S002281'),
('S002281', 'S007149'),
('S007149', 'S002460'),
('S002460', 'S007149'),
('S007149', 'S006737'),
('S006737', 'S007149'),
('S007217', 'S001352'),
('S001352', 'S007217'),
('S007217', 'S004440'),
('S004440', 'S007217'),
('S007217', 'S004898'),
('S004898', 'S007217'),
('S007217', 'S007672'),
('S007672', 'S007217'),
('S007217', 'S003842'),
('S003842', 'S007217'),
('S007217', 'S007813'),
('S007813', 'S007217'),
('S007217', 'S002044'),
('S002044', 'S007217'),
('S007217', 'S003079'),
('S003079', 'S007217'),
('S007217', 'S004913'),
('S004913', 'S007217'),
('S007217', 'S002814'),
('S002814', 'S007217'),
('S007217', 'S002414'),
('S002414', 'S007217'),
('S007217', 'S005982'),
('S005982', 'S007217'),
('S007217', 'S003052'),
('S003052', 'S007217'),
('S007217', 'S009296'),
('S009296', 'S007217'),
('S007217', 'S009379'),
('S009379', 'S007217'),
('S007217', 'S007979'),
('S007979', 'S007217'),
('S007217', 'S008361'),
('S008361', 'S007217'),
('S007217', 'S007701'),
('S007701', 'S007217'),
('S007217', 'S009809'),
('S009809', 'S007217'),
('S007217', 'S009795'),
('S009795', 'S007217'),
('S007217', 'S008929'),
('S008929', 'S007217'),
('S007217', 'S004429'),
('S004429', 'S007217'),
('S007217', 'S006460'),
('S006460', 'S007217'),
('S007217', 'S003317'),
('S003317', 'S007217'),
('S007217', 'S004780'),
('S004780', 'S007217'),
('S007238', 'S009352'),
('S009352', 'S007238'),
('S007238', 'S009693'),
('S009693', 'S007238'),
('S007238', 'S002044'),
('S002044', 'S007238'),
('S007238', 'S009603'),
('S009603', 'S007238'),
('S007238', 'S001970'),
('S001970', 'S007238'),
('S007238', 'S005535'),
('S005535', 'S007238'),
('S007238', 'S008905'),
('S008905', 'S007238'),
('S007238', 'S005987'),
('S005987', 'S007238'),
('S007238', 'S003307'),
('S003307', 'S007238'),
('S007238', 'S009912'),
('S009912', 'S007238'),
('S007330', 'S006270'),
('S006270', 'S007330'),
('S007330', 'S007109'),
('S007109', 'S007330'),
('S007330', 'S003014'),
('S003014', 'S007330'),
('S007330', 'S007693'),
('S007693', 'S007330'),
('S007330', 'S007408'),
('S007408', 'S007330'),
('S007330', 'S001908'),
('S001908', 'S007330'),
('S007330', 'S006161'),
('S006161', 'S007330'),
('S007330', 'S005696'),
('S005696', 'S007330'),
('S007330', 'S001867'),
('S001867', 'S007330'),
('S007330', 'S009644'),
('S009644', 'S007330'),
('S007330', 'S009693'),
('S009693', 'S007330'),
('S007408', 'S008394'),
('S008394', 'S007408'),
('S007408', 'S009352'),
('S009352', 'S007408'),
('S007408', 'S007217'),
('S007217', 'S007408'),
('S007408', 'S007050'),
('S007050', 'S007408'),
('S007408', 'S008085'),
('S008085', 'S007408'),
('S007408', 'S003688'),
('S003688', 'S007408'),
('S007408', 'S003230'),
('S003230', 'S007408'),
('S007408', 'S005098'),
('S005098', 'S007408'),
('S007408', 'S009964'),
('S009964', 'S007408'),
('S007408', 'S006329'),
('S006329', 'S007408'),
('S007408', 'S001996'),
('S001996', 'S007408'),
('S007408', 'S002281'),
('S002281', 'S007408'),
('S007408', 'S009504'),
('S009504', 'S007408'),
('S007408', 'S003307'),
('S003307', 'S007408'),
('S007408', 'S008146'),
('S008146', 'S007408'),
('S007408', 'S003373'),
('S003373', 'S007408'),
('S007408', 'S004898'),
('S004898', 'S007408'),
('S007408', 'S008588'),
('S008588', 'S007408'),
('S007408', 'S003041'),
('S003041', 'S007408'),
('S007408', 'S005876'),
('S005876', 'S007408'),
('S007408', 'S005987'),
('S005987', 'S007408'),
('S007408', 'S001525'),
('S001525', 'S007408'),
('S007408', 'S004423'),
('S004423', 'S007408'),
('S007408', 'S003752'),
('S003752', 'S007408'),
('S007408', 'S007813'),
('S007813', 'S007408'),
('S007408', 'S006031'),
('S006031', 'S007408'),
('S007408', 'S001383'),
('S001383', 'S007408'),
('S007408', 'S006479'),
('S006479', 'S007408'),
('S007408', 'S009603'),
('S009603', 'S007408'),
('S007672', 'S006976'),
('S006976', 'S007672'),
('S007672', 'S002281'),
('S002281', 'S007672'),
('S007672', 'S007813'),
('S007813', 'S007672'),
('S007672', 'S003457'),
('S003457', 'S007672'),
('S007672', 'S002414'),
('S002414', 'S007672'),
('S007672', 'S006782'),
('S006782', 'S007672'),
('S007672', 'S004070'),
('S004070', 'S007672'),
('S007672', 'S008369'),
('S008369', 'S007672'),
('S007672', 'S003842'),
('S003842', 'S007672'),
('S007672', 'S009839'),
('S009839', 'S007672'),
('S007672', 'S005185'),
('S005185', 'S007672'),
('S007689', 'S005273'),
('S005273', 'S007689'),
('S007689', 'S007979'),
('S007979', 'S007689'),
('S007689', 'S009322'),
('S009322', 'S007689'),
('S007689', 'S005267'),
('S005267', 'S007689'),
('S007689', 'S005696'),
('S005696', 'S007689'),
('S007689', 'S009604'),
('S009604', 'S007689'),
('S007689', 'S007813'),
('S007813', 'S007689'),
('S007689', 'S003752'),
('S003752', 'S007689'),
('S007689', 'S004898'),
('S004898', 'S007689'),
('S007689', 'S003317'),
('S003317', 'S007689'),
('S007689', 'S001908'),
('S001908', 'S007689'),
('S007689', 'S008588'),
('S008588', 'S007689'),
('S007689', 'S003014'),
('S003014', 'S007689'),
('S007689', 'S001156'),
('S001156', 'S007689'),
('S007689', 'S001996'),
('S001996', 'S007689'),
('S007689', 'S004351'),
('S004351', 'S007689'),
('S007689', 'S009809'),
('S009809', 'S007689'),
('S007689', 'S008361'),
('S008361', 'S007689'),
('S007689', 'S008929'),
('S008929', 'S007689'),
('S007689', 'S008905'),
('S008905', 'S007689'),
('S007689', 'S006270'),
('S006270', 'S007689'),
('S007689', 'S002238'),
('S002238', 'S007689'),
('S007689', 'S008774'),
('S008774', 'S007689'),
('S007689', 'S007217'),
('S007217', 'S007689'),
('S007689', 'S007928'),
('S007928', 'S007689'),
('S007689', 'S001305'),
('S001305', 'S007689'),
('S007693', 'S001972'),
('S001972', 'S007693'),
('S007693', 'S003051'),
('S003051', 'S007693'),
('S007693', 'S009322'),
('S009322', 'S007693'),
('S007693', 'S005696'),
('S005696', 'S007693'),
('S007693', 'S006161'),
('S006161', 'S007693'),
('S007693', 'S001970'),
('S001970', 'S007693'),
('S007693', 'S008186'),
('S008186', 'S007693'),
('S007693', 'S004458'),
('S004458', 'S007693'),
('S007693', 'S004780'),
('S004780', 'S007693'),
('S007693', 'S004309'),
('S004309', 'S007693'),
('S007693', 'S008905'),
('S008905', 'S007693'),
('S007693', 'S007813'),
('S007813', 'S007693'),
('S007693', 'S005267'),
('S005267', 'S007693'),
('S007693', 'S004429'),
('S004429', 'S007693'),
('S007693', 'S003954'),
('S003954', 'S007693'),
('S007693', 'S007408'),
('S007408', 'S007693'),
('S007693', 'S007109'),
('S007109', 'S007693'),
('S007693', 'S003052'),
('S003052', 'S007693'),
('S007693', 'S002281'),
('S002281', 'S007693'),
('S007693', 'S008774'),
('S008774', 'S007693'),
('S007693', 'S004913'),
('S004913', 'S007693'),
('S007693', 'S008196'),
('S008196', 'S007693'),
('S007693', 'S001996'),
('S001996', 'S007693'),
('S007693', 'S002460'),
('S002460', 'S007693'),
('S007693', 'S007672'),
('S007672', 'S007693'),
('S007693', 'S009632'),
('S009632', 'S007693'),
('S007701', 'S007884'),
('S007884', 'S007701'),
('S007701', 'S007934'),
('S007934', 'S007701'),
('S007701', 'S009964'),
('S009964', 'S007701'),
('S007701', 'S004494'),
('S004494', 'S007701'),
('S007701', 'S008929'),
('S008929', 'S007701'),
('S007701', 'S001525'),
('S001525', 'S007701'),
('S007701', 'S008300'),
('S008300', 'S007701'),
('S007701', 'S006737'),
('S006737', 'S007701'),
('S007701', 'S008774'),
('S008774', 'S007701'),
('S007701', 'S001383'),
('S001383', 'S007701'),
('S007701', 'S003475'),
('S003475', 'S007701'),
('S007701', 'S007238'),
('S007238', 'S007701'),
('S007701', 'S005543'),
('S005543', 'S007701'),
('S007701', 'S003317'),
('S003317', 'S007701'),
('S007701', 'S001146'),
('S001146', 'S007701'),
('S007701', 'S009795'),
('S009795', 'S007701'),
('S007701', 'S006270'),
('S006270', 'S007701'),
('S007701', 'S003930'),
('S003930', 'S007701'),
('S007701', 'S009809'),
('S009809', 'S007701'),
('S007701', 'S004440'),
('S004440', 'S007701'),
('S007701', 'S004780'),
('S004780', 'S007701'),
('S007701', 'S009322'),
('S009322', 'S007701'),
('S007701', 'S004809'),
('S004809', 'S007701'),
('S007701', 'S007109'),
('S007109', 'S007701'),
('S007813', 'S004780'),
('S004780', 'S007813'),
('S007813', 'S009809'),
('S009809', 'S007813'),
('S007813', 'S007148'),
('S007148', 'S007813'),
('S007813', 'S006976'),
('S006976', 'S007813'),
('S007813', 'S004379'),
('S004379', 'S007813'),
('S007813', 'S005543'),
('S005543', 'S007813'),
('S007813', 'S001305'),
('S001305', 'S007813'),
('S007813', 'S006031'),
('S006031', 'S007813'),
('S007813', 'S003842'),
('S003842', 'S007813'),
('S007813', 'S002842'),
('S002842', 'S007813'),
('S007813', 'S005442'),
('S005442', 'S007813'),
('S007813', 'S004500'),
('S004500', 'S007813'),
('S007813', 'S006270'),
('S006270', 'S007813'),
('S007813', 'S009379'),
('S009379', 'S007813'),
('S007813', 'S008085'),
('S008085', 'S007813'),
('S007813', 'S005098'),
('S005098', 'S007813'),
('S007813', 'S008300'),
('S008300', 'S007813'),
('S007813', 'S009769'),
('S009769', 'S007813'),
('S007813', 'S007238'),
('S007238', 'S007813'),
('S007813', 'S006782'),
('S006782', 'S007813'),
('S007813', 'S001867'),
('S001867', 'S007813'),
('S007813', 'S006003'),
('S006003', 'S007813'),
('S007813', 'S007928'),
('S007928', 'S007813'),
('S007813', 'S009839'),
('S009839', 'S007813'),
('S007813', 'S005185'),
('S005185', 'S007813'),
('S007884', 'S007928'),
('S007928', 'S007884'),
('S007884', 'S002414'),
('S002414', 'S007884'),
('S007884', 'S009964'),
('S009964', 'S007884'),
('S007884', 'S009604'),
('S009604', 'S007884'),
('S007884', 'S002842'),
('S002842', 'S007884'),
('S007884', 'S004848'),
('S004848', 'S007884'),
('S007884', 'S004648'),
('S004648', 'S007884'),
('S007884', 'S009296'),
('S009296', 'S007884'),
('S007884', 'S005535'),
('S005535', 'S007884'),
('S007884', 'S008588'),
('S008588', 'S007884'),
('S007884', 'S004780'),
('S004780', 'S007884'),
('S007884', 'S008394'),
('S008394', 'S007884'),
('S007884', 'S009504'),
('S009504', 'S007884'),
('S007884', 'S006003'),
('S006003', 'S007884'),
('S007884', 'S009747'),
('S009747', 'S007884'),
('S007884', 'S003230'),
('S003230', 'S007884'),
('S007884', 'S006161'),
('S006161', 'S007884'),
('S007884', 'S008196'),
('S008196', 'S007884'),
('S007884', 'S004429'),
('S004429', 'S007884'),
('S007884', 'S002071'),
('S002071', 'S007884'),
('S007884', 'S007330'),
('S007330', 'S007884'),
('S007884', 'S007672'),
('S007672', 'S007884'),
('S007884', 'S008343'),
('S008343', 'S007884'),
('S007884', 'S009644'),
('S009644', 'S007884'),
('S007884', 'S004913'),
('S004913', 'S007884'),
('S007928', 'S003317'),
('S003317', 'S007928'),
('S007928', 'S009322'),
('S009322', 'S007928'),
('S007928', 'S004494'),
('S004494', 'S007928'),
('S007928', 'S009601'),
('S009601', 'S007928'),
('S007928', 'S002213'),
('S002213', 'S007928'),
('S007928', 'S003644'),
('S003644', 'S007928'),
('S007928', 'S007109'),
('S007109', 'S007928'),
('S007928', 'S009632'),
('S009632', 'S007928'),
('S007928', 'S006976'),
('S006976', 'S007928'),
('S007928', 'S003457'),
('S003457', 'S007928'),
('S007928', 'S006198'),
('S006198', 'S007928'),
('S007928', 'S008929'),
('S008929', 'S007928'),
('S007928', 'S007050'),
('S007050', 'S007928'),
('S007928', 'S009912'),
('S009912', 'S007928'),
('S007928', 'S005098'),
('S005098', 'S007928'),
('S007928', 'S009296'),
('S009296', 'S007928'),
('S007928', 'S003977'),
('S003977', 'S007928'),
('S007928', 'S007988'),
('S007988', 'S007928'),
('S007928', 'S007148'),
('S007148', 'S007928'),
('S007928', 'S005543'),
('S005543', 'S007928'),
('S007929', 'S004913'),
('S004913', 'S007929'),
('S007929', 'S009769'),
('S009769', 'S007929'),
('S007929', 'S009809'),
('S009809', 'S007929'),
('S007929', 'S004848'),
('S004848', 'S007929'),
('S007929', 'S008369'),
('S008369', 'S007929'),
('S007929', 'S009964'),
('S009964', 'S007929'),
('S007929', 'S008361'),
('S008361', 'S007929'),
('S007929', 'S006976'),
('S006976', 'S007929'),
('S007929', 'S009839'),
('S009839', 'S007929'),
('S007929', 'S002814'),
('S002814', 'S007929'),
('S007929', 'S009795'),
('S009795', 'S007929'),
('S007929', 'S007701'),
('S007701', 'S007929'),
('S007929', 'S008300'),
('S008300', 'S007929'),
('S007929', 'S009601'),
('S009601', 'S007929'),
('S007929', 'S001996'),
('S001996', 'S007929'),
('S007929', 'S008302'),
('S008302', 'S007929'),
('S007929', 'S003644'),
('S003644', 'S007929'),
('S007929', 'S007693'),
('S007693', 'S007929'),
('S007929', 'S004032'),
('S004032', 'S007929'),
('S007929', 'S007109'),
('S007109', 'S007929'),
('S007934', 'S006147'),
('S006147', 'S007934'),
('S007934', 'S001996'),
('S001996', 'S007934'),
('S007934', 'S007979'),
('S007979', 'S007934'),
('S007934', 'S002281'),
('S002281', 'S007934'),
('S007934', 'S008300'),
('S008300', 'S007934'),
('S007934', 'S009754'),
('S009754', 'S007934'),
('S007934', 'S007929'),
('S007929', 'S007934'),
('S007934', 'S007148'),
('S007148', 'S007934'),
('S007934', 'S008196'),
('S008196', 'S007934'),
('S007934', 'S006777'),
('S006777', 'S007934'),
('S007934', 'S002044'),
('S002044', 'S007934'),
('S007934', 'S004500'),
('S004500', 'S007934'),
('S007979', 'S003230'),
('S003230', 'S007979'),
('S007979', 'S008940'),
('S008940', 'S007979'),
('S007979', 'S005987'),
('S005987', 'S007979'),
('S007979', 'S009644'),
('S009644', 'S007979'),
('S007979', 'S001867'),
('S001867', 'S007979'),
('S007979', 'S003954'),
('S003954', 'S007979'),
('S007979', 'S002281'),
('S002281', 'S007979'),
('S007979', 'S001525'),
('S001525', 'S007979'),
('S007979', 'S004458'),
('S004458', 'S007979'),
('S007979', 'S009352'),
('S009352', 'S007979'),
('S007979', 'S003307'),
('S003307', 'S007979'),
('S007979', 'S007929'),
('S007929', 'S007979'),
('S007979', 'S006147'),
('S006147', 'S007979'),
('S007979', 'S005267'),
('S005267', 'S007979'),
('S007988', 'S003842'),
('S003842', 'S007988'),
('S007988', 'S007238'),
('S007238', 'S007988'),
('S007988', 'S004494'),
('S004494', 'S007988'),
('S007988', 'S009912'),
('S009912', 'S007988'),
('S007988', 'S001867'),
('S001867', 'S007988'),
('S007988', 'S009296'),
('S009296', 'S007988'),
('S007988', 'S001525'),
('S001525', 'S007988'),
('S007988', 'S002584'),
('S002584', 'S007988'),
('S007988', 'S007050'),
('S007050', 'S007988'),
('S007988', 'S001146'),
('S001146', 'S007988'),
('S007988', 'S004309'),
('S004309', 'S007988'),
('S007988', 'S006777'),
('S006777', 'S007988'),
('S007988', 'S003930'),
('S003930', 'S007988'),
('S007988', 'S008407'),
('S008407', 'S007988'),
('S007988', 'S006737'),
('S006737', 'S007988'),
('S007988', 'S003865'),
('S003865', 'S007988'),
('S007988', 'S006976'),
('S006976', 'S007988'),
('S007988', 'S004032'),
('S004032', 'S007988'),
('S007988', 'S008929'),
('S008929', 'S007988'),
('S007988', 'S003052'),
('S003052', 'S007988'),
('S007988', 'S002071'),
('S002071', 'S007988'),
('S007988', 'S004351'),
('S004351', 'S007988'),
('S007988', 'S007672'),
('S007672', 'S007988'),
('S007988', 'S008186'),
('S008186', 'S007988'),
('S007988', 'S007149'),
('S007149', 'S007988'),
('S007988', 'S001972'),
('S001972', 'S007988'),
('S007988', 'S002234'),
('S002234', 'S007988'),
('S007988', 'S003663'),
('S003663', 'S007988'),
('S007988', 'S008905'),
('S008905', 'S007988'),
('S007988', 'S002213'),
('S002213', 'S007988'),
('S008085', 'S002842'),
('S002842', 'S008085'),
('S008085', 'S004848'),
('S004848', 'S008085'),
('S008085', 'S008186'),
('S008186', 'S008085'),
('S008085', 'S009155'),
('S009155', 'S008085'),
('S008085', 'S006198'),
('S006198', 'S008085'),
('S008085', 'S004927'),
('S004927', 'S008085'),
('S008085', 'S007149'),
('S007149', 'S008085'),
('S008085', 'S004809'),
('S004809', 'S008085'),
('S008085', 'S007929'),
('S007929', 'S008085'),
('S008085', 'S006541'),
('S006541', 'S008085'),
('S008085', 'S009693'),
('S009693', 'S008085'),
('S008085', 'S007217'),
('S007217', 'S008085'),
('S008085', 'S004032'),
('S004032', 'S008085'),
('S008085', 'S002044'),
('S002044', 'S008085'),
('S008085', 'S008369'),
('S008369', 'S008085'),
('S008085', 'S005876'),
('S005876', 'S008085'),
('S008085', 'S003014'),
('S003014', 'S008085'),
('S008085', 'S006031'),
('S006031', 'S008085'),
('S008085', 'S005535'),
('S005535', 'S008085'),
('S008085', 'S005696'),
('S005696', 'S008085'),
('S008085', 'S001908'),
('S001908', 'S008085'),
('S008085', 'S005098'),
('S005098', 'S008085'),
('S008085', 'S005267'),
('S005267', 'S008085'),
('S008085', 'S004913'),
('S004913', 'S008085'),
('S008146', 'S009322'),
('S009322', 'S008146'),
('S008146', 'S007701'),
('S007701', 'S008146'),
('S008146', 'S009603'),
('S009603', 'S008146'),
('S008146', 'S007672'),
('S007672', 'S008146'),
('S008146', 'S007238'),
('S007238', 'S008146'),
('S008146', 'S009352'),
('S009352', 'S008146'),
('S008146', 'S006270'),
('S006270', 'S008146'),
('S008146', 'S007928'),
('S007928', 'S008146'),
('S008146', 'S009601'),
('S009601', 'S008146'),
('S008146', 'S007149'),
('S007149', 'S008146'),
('S008146', 'S006541'),
('S006541', 'S008146'),
('S008186', 'S001972'),
('S001972', 'S008186'),
('S008186', 'S003865'),
('S003865', 'S008186'),
('S008186', 'S003688'),
('S003688', 'S008186'),
('S008186', 'S004927'),
('S004927', 'S008186'),
('S008186', 'S009795'),
('S009795', 'S008186'),
('S008186', 'S002238'),
('S002238', 'S008186'),
('S008186', 'S004494'),
('S004494', 'S008186'),
('S008186', 'S008394'),
('S008394', 'S008186'),
('S008186', 'S004309'),
('S004309', 'S008186'),
('S008186', 'S006329'),
('S006329', 'S008186'),
('S008186', 'S003931'),
('S003931', 'S008186'),
('S008186', 'S007884'),
('S007884', 'S008186'),
('S008186', 'S001383'),
('S001383', 'S008186'),
('S008186', 'S003842'),
('S003842', 'S008186'),
('S008186', 'S005543'),
('S005543', 'S008186'),
('S008186', 'S007813'),
('S007813', 'S008186'),
('S008186', 'S006198'),
('S006198', 'S008186'),
('S008186', 'S003457'),
('S003457', 'S008186'),
('S008196', 'S002842'),
('S002842', 'S008196'),
('S008196', 'S009693'),
('S009693', 'S008196'),
('S008196', 'S003317'),
('S003317', 'S008196'),
('S008196', 'S004848'),
('S004848', 'S008196'),
('S008196', 'S003752'),
('S003752', 'S008196'),
('S008196', 'S005185'),
('S005185', 'S008196'),
('S008196', 'S002460'),
('S002460', 'S008196'),
('S008196', 'S002213'),
('S002213', 'S008196'),
('S008196', 'S002071'),
('S002071', 'S008196'),
('S008196', 'S007238'),
('S007238', 'S008196'),
('S008196', 'S003230'),
('S003230', 'S008196'),
('S008196', 'S003930'),
('S003930', 'S008196'),
('S008196', 'S004032'),
('S004032', 'S008196'),
('S008196', 'S009769'),
('S009769', 'S008196'),
('S008196', 'S004458'),
('S004458', 'S008196'),
('S008244', 'S008196'),
('S008196', 'S008244'),
('S008244', 'S008588'),
('S008588', 'S008244'),
('S008244', 'S005185'),
('S005185', 'S008244'),
('S008244', 'S007330'),
('S007330', 'S008244'),
('S008244', 'S002044'),
('S002044', 'S008244'),
('S008244', 'S007928'),
('S007928', 'S008244'),
('S008244', 'S001908'),
('S001908', 'S008244'),
('S008244', 'S007701'),
('S007701', 'S008244'),
('S008244', 'S001972'),
('S001972', 'S008244'),
('S008244', 'S003865'),
('S003865', 'S008244'),
('S008244', 'S004648'),
('S004648', 'S008244'),
('S008244', 'S009693'),
('S009693', 'S008244'),
('S008244', 'S009644'),
('S009644', 'S008244'),
('S008244', 'S004458'),
('S004458', 'S008244'),
('S008244', 'S008361'),
('S008361', 'S008244'),
('S008244', 'S009769'),
('S009769', 'S008244'),
('S008244', 'S007979'),
('S007979', 'S008244'),
('S008244', 'S002234'),
('S002234', 'S008244'),
('S008244', 'S008186'),
('S008186', 'S008244'),
('S008244', 'S006270'),
('S006270', 'S008244'),
('S008244', 'S002814'),
('S002814', 'S008244'),
('S008244', 'S009155'),
('S009155', 'S008244'),
('S008244', 'S005876'),
('S005876', 'S008244'),
('S008244', 'S006460'),
('S006460', 'S008244'),
('S008244', 'S004913'),
('S004913', 'S008244'),
('S008244', 'S007884'),
('S007884', 'S008244'),
('S008300', 'S002814'),
('S002814', 'S008300'),
('S008300', 'S003663'),
('S003663', 'S008300'),
('S008300', 'S001383'),
('S001383', 'S008300'),
('S008300', 'S006737'),
('S006737', 'S008300'),
('S008300', 'S001908'),
('S001908', 'S008300'),
('S008300', 'S003041'),
('S003041', 'S008300'),
('S008300', 'S008588'),
('S008588', 'S008300'),
('S008300', 'S008905'),
('S008905', 'S008300'),
('S008300', 'S007330'),
('S007330', 'S008300'),
('S008300', 'S005080'),
('S005080', 'S008300'),
('S008300', 'S006479'),
('S006479', 'S008300'),
('S008300', 'S001970'),
('S001970', 'S008300'),
('S008300', 'S007884'),
('S007884', 'S008300'),
('S008300', 'S007050'),
('S007050', 'S008300'),
('S008302', 'S003052'),
('S003052', 'S008302'),
('S008302', 'S007689'),
('S007689', 'S008302'),
('S008302', 'S001525'),
('S001525', 'S008302'),
('S008302', 'S007217'),
('S007217', 'S008302'),
('S008302', 'S003644'),
('S003644', 'S008302'),
('S008302', 'S006329'),
('S006329', 'S008302'),
('S008302', 'S005442'),
('S005442', 'S008302'),
('S008302', 'S003041'),
('S003041', 'S008302'),
('S008302', 'S007148'),
('S007148', 'S008302'),
('S008302', 'S003752'),
('S003752', 'S008302'),
('S008302', 'S005535'),
('S005535', 'S008302'),
('S008302', 'S004032'),
('S004032', 'S008302'),
('S008302', 'S001305'),
('S001305', 'S008302'),
('S008302', 'S004494'),
('S004494', 'S008302'),
('S008302', 'S009352'),
('S009352', 'S008302'),
('S008302', 'S009379'),
('S009379', 'S008302'),
('S008302', 'S009296'),
('S009296', 'S008302'),
('S008302', 'S006737'),
('S006737', 'S008302'),
('S008302', 'S006198'),
('S006198', 'S008302'),
('S008302', 'S006003'),
('S006003', 'S008302'),
('S008302', 'S002071'),
('S002071', 'S008302'),
('S008302', 'S002238'),
('S002238', 'S008302'),
('S008302', 'S009912'),
('S009912', 'S008302'),
('S008302', 'S006270'),
('S006270', 'S008302'),
('S008302', 'S009747'),
('S009747', 'S008302'),
('S008302', 'S007149'),
('S007149', 'S008302'),
('S008302', 'S001352'),
('S001352', 'S008302'),
('S008343', 'S006541'),
('S006541', 'S008343'),
('S008343', 'S001867'),
('S001867', 'S008343'),
('S008343', 'S009604'),
('S009604', 'S008343'),
('S008343', 'S008244'),
('S008244', 'S008343'),
('S008343', 'S002842'),
('S002842', 'S008343'),
('S008343', 'S001383'),
('S001383', 'S008343'),
('S008343', 'S009379'),
('S009379', 'S008343'),
('S008343', 'S005696'),
('S005696', 'S008343'),
('S008361', 'S009839'),
('S009839', 'S008361'),
('S008361', 'S009352'),
('S009352', 'S008361'),
('S008361', 'S007672'),
('S007672', 'S008361'),
('S008361', 'S009504'),
('S009504', 'S008361'),
('S008361', 'S007928'),
('S007928', 'S008361'),
('S008361', 'S006479'),
('S006479', 'S008361'),
('S008361', 'S008300'),
('S008300', 'S008361');
INSERT INTO `Friendship` (`FIRST_USER_ID`, `SECOND_USER_ID`) VALUES
('S008369', 'S003307'),
('S003307', 'S008369'),
('S008369', 'S007884'),
('S007884', 'S008369'),
('S008369', 'S003231'),
('S003231', 'S008369'),
('S008394', 'S003373'),
('S003373', 'S008394'),
('S008394', 'S002460'),
('S002460', 'S008394'),
('S008394', 'S006777'),
('S006777', 'S008394'),
('S008394', 'S001996'),
('S001996', 'S008394'),
('S008394', 'S009754'),
('S009754', 'S008394'),
('S008394', 'S007109'),
('S007109', 'S008394'),
('S008394', 'S006270'),
('S006270', 'S008394'),
('S008394', 'S004440'),
('S004440', 'S008394'),
('S008394', 'S009839'),
('S009839', 'S008394'),
('S008394', 'S009809'),
('S009809', 'S008394'),
('S008394', 'S003644'),
('S003644', 'S008394'),
('S008394', 'S004898'),
('S004898', 'S008394'),
('S008394', 'S005098'),
('S005098', 'S008394'),
('S008394', 'S007928'),
('S007928', 'S008394'),
('S008394', 'S003231'),
('S003231', 'S008394'),
('S008394', 'S002814'),
('S002814', 'S008394'),
('S008394', 'S004500'),
('S004500', 'S008394'),
('S008394', 'S007979'),
('S007979', 'S008394'),
('S008394', 'S009693'),
('S009693', 'S008394'),
('S008394', 'S008302'),
('S008302', 'S008394'),
('S008407', 'S003230'),
('S003230', 'S008407'),
('S008407', 'S004494'),
('S004494', 'S008407'),
('S008407', 'S008940'),
('S008940', 'S008407'),
('S008407', 'S009632'),
('S009632', 'S008407'),
('S008407', 'S006541'),
('S006541', 'S008407'),
('S008407', 'S008774'),
('S008774', 'S008407'),
('S008407', 'S005442'),
('S005442', 'S008407'),
('S008588', 'S005098'),
('S005098', 'S008588'),
('S008588', 'S009809'),
('S009809', 'S008588'),
('S008588', 'S003014'),
('S003014', 'S008588'),
('S008588', 'S003752'),
('S003752', 'S008588'),
('S008588', 'S002842'),
('S002842', 'S008588'),
('S008588', 'S003041'),
('S003041', 'S008588'),
('S008588', 'S008369'),
('S008369', 'S008588'),
('S008588', 'S003931'),
('S003931', 'S008588'),
('S008588', 'S008361'),
('S008361', 'S008588'),
('S008588', 'S006728'),
('S006728', 'S008588'),
('S008588', 'S003230'),
('S003230', 'S008588'),
('S008588', 'S004309'),
('S004309', 'S008588'),
('S008588', 'S009754'),
('S009754', 'S008588'),
('S008588', 'S006777'),
('S006777', 'S008588'),
('S008588', 'S004898'),
('S004898', 'S008588'),
('S008588', 'S009504'),
('S009504', 'S008588'),
('S008588', 'S003475'),
('S003475', 'S008588'),
('S008588', 'S009603'),
('S009603', 'S008588'),
('S008588', 'S009795'),
('S009795', 'S008588'),
('S008588', 'S003865'),
('S003865', 'S008588'),
('S008774', 'S004423'),
('S004423', 'S008774'),
('S008774', 'S002213'),
('S002213', 'S008774'),
('S008774', 'S004351'),
('S004351', 'S008774'),
('S008774', 'S007979'),
('S007979', 'S008774'),
('S008774', 'S006460'),
('S006460', 'S008774'),
('S008774', 'S006777'),
('S006777', 'S008774'),
('S008774', 'S007109'),
('S007109', 'S008774'),
('S008774', 'S009155'),
('S009155', 'S008774'),
('S008774', 'S008394'),
('S008394', 'S008774'),
('S008774', 'S003457'),
('S003457', 'S008774'),
('S008774', 'S005535'),
('S005535', 'S008774'),
('S008774', 'S007217'),
('S007217', 'S008774'),
('S008774', 'S007238'),
('S007238', 'S008774'),
('S008774', 'S002044'),
('S002044', 'S008774'),
('S008774', 'S001146'),
('S001146', 'S008774'),
('S008774', 'S009603'),
('S009603', 'S008774'),
('S008774', 'S008146'),
('S008146', 'S008774'),
('S008774', 'S004809'),
('S004809', 'S008774'),
('S008774', 'S004379'),
('S004379', 'S008774'),
('S008774', 'S005543'),
('S005543', 'S008774'),
('S008774', 'S009839'),
('S009839', 'S008774'),
('S008774', 'S009601'),
('S009601', 'S008774'),
('S008774', 'S006198'),
('S006198', 'S008774'),
('S008774', 'S003231'),
('S003231', 'S008774'),
('S008774', 'S009604'),
('S009604', 'S008774'),
('S008774', 'S003954'),
('S003954', 'S008774'),
('S008905', 'S007701'),
('S007701', 'S008905'),
('S008905', 'S003231'),
('S003231', 'S008905'),
('S008905', 'S007050'),
('S007050', 'S008905'),
('S008905', 'S005535'),
('S005535', 'S008905'),
('S008905', 'S002814'),
('S002814', 'S008905'),
('S008905', 'S005267'),
('S005267', 'S008905'),
('S008905', 'S007934'),
('S007934', 'S008905'),
('S008905', 'S003079'),
('S003079', 'S008905'),
('S008905', 'S008146'),
('S008146', 'S008905'),
('S008905', 'S007148'),
('S007148', 'S008905'),
('S008905', 'S008407'),
('S008407', 'S008905'),
('S008905', 'S003842'),
('S003842', 'S008905'),
('S008905', 'S009769'),
('S009769', 'S008905'),
('S008905', 'S003373'),
('S003373', 'S008905'),
('S008905', 'S001146'),
('S001146', 'S008905'),
('S008905', 'S009912'),
('S009912', 'S008905'),
('S008929', 'S001972'),
('S001972', 'S008929'),
('S008929', 'S008774'),
('S008774', 'S008929'),
('S008929', 'S004379'),
('S004379', 'S008929'),
('S008929', 'S006728'),
('S006728', 'S008929'),
('S008929', 'S009809'),
('S009809', 'S008929'),
('S008929', 'S002814'),
('S002814', 'S008929'),
('S008929', 'S001867'),
('S001867', 'S008929'),
('S008929', 'S004070'),
('S004070', 'S008929'),
('S008929', 'S009747'),
('S009747', 'S008929'),
('S008929', 'S004780'),
('S004780', 'S008929'),
('S008929', 'S003079'),
('S003079', 'S008929'),
('S008929', 'S001908'),
('S001908', 'S008929'),
('S008929', 'S005982'),
('S005982', 'S008929'),
('S008929', 'S008407'),
('S008407', 'S008929'),
('S008929', 'S008300'),
('S008300', 'S008929'),
('S008929', 'S002414'),
('S002414', 'S008929'),
('S008940', 'S006198'),
('S006198', 'S008940'),
('S008940', 'S009747'),
('S009747', 'S008940'),
('S008940', 'S007330'),
('S007330', 'S008940'),
('S008940', 'S007813'),
('S007813', 'S008940'),
('S008940', 'S005098'),
('S005098', 'S008940'),
('S008940', 'S004379'),
('S004379', 'S008940'),
('S008940', 'S008369'),
('S008369', 'S008940'),
('S008940', 'S007929'),
('S007929', 'S008940'),
('S008940', 'S008196'),
('S008196', 'S008940'),
('S009155', 'S007050'),
('S007050', 'S009155'),
('S009155', 'S001970'),
('S001970', 'S009155'),
('S009155', 'S004898'),
('S004898', 'S009155'),
('S009155', 'S006728'),
('S006728', 'S009155'),
('S009155', 'S001908'),
('S001908', 'S009155'),
('S009155', 'S004423'),
('S004423', 'S009155'),
('S009155', 'S004309'),
('S004309', 'S009155'),
('S009155', 'S004780'),
('S004780', 'S009155'),
('S009155', 'S008186'),
('S008186', 'S009155'),
('S009227', 'S003865'),
('S003865', 'S009227'),
('S009227', 'S007217'),
('S007217', 'S009227'),
('S009227', 'S007238'),
('S007238', 'S009227'),
('S009227', 'S008905'),
('S008905', 'S009227'),
('S009227', 'S009644'),
('S009644', 'S009227'),
('S009227', 'S005876'),
('S005876', 'S009227'),
('S009227', 'S003475'),
('S003475', 'S009227'),
('S009227', 'S008343'),
('S008343', 'S009227'),
('S009227', 'S006777'),
('S006777', 'S009227'),
('S009227', 'S009809'),
('S009809', 'S009227'),
('S009227', 'S008244'),
('S008244', 'S009227'),
('S009227', 'S006541'),
('S006541', 'S009227'),
('S009296', 'S002238'),
('S002238', 'S009296'),
('S009296', 'S007149'),
('S007149', 'S009296'),
('S009296', 'S004070'),
('S004070', 'S009296'),
('S009296', 'S009227'),
('S009227', 'S009296'),
('S009296', 'S006728'),
('S006728', 'S009296'),
('S009296', 'S009352'),
('S009352', 'S009296'),
('S009296', 'S009322'),
('S009322', 'S009296'),
('S009296', 'S007689'),
('S007689', 'S009296'),
('S009296', 'S001970'),
('S001970', 'S009296'),
('S009296', 'S003052'),
('S003052', 'S009296'),
('S009296', 'S008929'),
('S008929', 'S009296'),
('S009296', 'S003041'),
('S003041', 'S009296'),
('S009296', 'S005696'),
('S005696', 'S009296'),
('S009296', 'S006782'),
('S006782', 'S009296'),
('S009296', 'S004458'),
('S004458', 'S009296'),
('S009296', 'S001352'),
('S001352', 'S009296'),
('S009296', 'S002750'),
('S002750', 'S009296'),
('S009296', 'S003930'),
('S003930', 'S009296'),
('S009296', 'S009644'),
('S009644', 'S009296'),
('S009296', 'S008300'),
('S008300', 'S009296'),
('S009296', 'S005442'),
('S005442', 'S009296'),
('S009296', 'S008196'),
('S008196', 'S009296'),
('S009296', 'S003051'),
('S003051', 'S009296'),
('S009322', 'S001867'),
('S001867', 'S009322'),
('S009322', 'S003865'),
('S003865', 'S009322'),
('S009322', 'S003230'),
('S003230', 'S009322'),
('S009322', 'S009604'),
('S009604', 'S009322'),
('S009322', 'S004458'),
('S004458', 'S009322'),
('S009322', 'S004379'),
('S004379', 'S009322'),
('S009322', 'S008940'),
('S008940', 'S009322'),
('S009322', 'S003842'),
('S003842', 'S009322'),
('S009322', 'S003052'),
('S003052', 'S009322'),
('S009322', 'S007109'),
('S007109', 'S009322'),
('S009322', 'S001996'),
('S001996', 'S009322'),
('S009322', 'S003051'),
('S003051', 'S009322'),
('S009352', 'S001970'),
('S001970', 'S009352'),
('S009352', 'S009322'),
('S009322', 'S009352'),
('S009352', 'S008588'),
('S008588', 'S009352'),
('S009352', 'S007689'),
('S007689', 'S009352'),
('S009352', 'S001525'),
('S001525', 'S009352'),
('S009352', 'S005543'),
('S005543', 'S009352'),
('S009352', 'S009809'),
('S009809', 'S009352'),
('S009352', 'S007813'),
('S007813', 'S009352'),
('S009352', 'S002044'),
('S002044', 'S009352'),
('S009352', 'S001156'),
('S001156', 'S009352'),
('S009352', 'S003230'),
('S003230', 'S009352'),
('S009352', 'S006737'),
('S006737', 'S009352'),
('S009352', 'S007988'),
('S007988', 'S009352'),
('S009352', 'S003475'),
('S003475', 'S009352'),
('S009352', 'S004429'),
('S004429', 'S009352'),
('S009352', 'S005982'),
('S005982', 'S009352'),
('S009352', 'S002750'),
('S002750', 'S009352'),
('S009352', 'S003931'),
('S003931', 'S009352'),
('S009352', 'S009912'),
('S009912', 'S009352'),
('S009352', 'S009632'),
('S009632', 'S009352'),
('S009352', 'S007330'),
('S007330', 'S009352'),
('S009379', 'S001972'),
('S001972', 'S009379'),
('S009379', 'S001970'),
('S001970', 'S009379'),
('S009379', 'S006976'),
('S006976', 'S009379'),
('S009379', 'S003752'),
('S003752', 'S009379'),
('S009379', 'S003079'),
('S003079', 'S009379'),
('S009379', 'S009795'),
('S009795', 'S009379'),
('S009379', 'S009747'),
('S009747', 'S009379'),
('S009379', 'S005098'),
('S005098', 'S009379'),
('S009379', 'S006161'),
('S006161', 'S009379'),
('S009379', 'S008369'),
('S008369', 'S009379'),
('S009379', 'S003051'),
('S003051', 'S009379'),
('S009379', 'S001305'),
('S001305', 'S009379'),
('S009379', 'S002842'),
('S002842', 'S009379'),
('S009379', 'S009155'),
('S009155', 'S009379'),
('S009379', 'S009296'),
('S009296', 'S009379'),
('S009379', 'S004927'),
('S004927', 'S009379'),
('S009379', 'S005982'),
('S005982', 'S009379'),
('S009379', 'S004351'),
('S004351', 'S009379'),
('S009379', 'S005273'),
('S005273', 'S009379'),
('S009379', 'S002044'),
('S002044', 'S009379'),
('S009379', 'S008407'),
('S008407', 'S009379'),
('S009504', 'S002584'),
('S002584', 'S009504'),
('S009504', 'S007934'),
('S007934', 'S009504'),
('S009504', 'S003842'),
('S003842', 'S009504'),
('S009504', 'S007929'),
('S007929', 'S009504'),
('S009504', 'S003977'),
('S003977', 'S009504'),
('S009504', 'S007238'),
('S007238', 'S009504'),
('S009504', 'S004440'),
('S004440', 'S009504'),
('S009504', 'S005273'),
('S005273', 'S009504'),
('S009504', 'S003688'),
('S003688', 'S009504'),
('S009504', 'S004429'),
('S004429', 'S009504'),
('S009504', 'S006161'),
('S006161', 'S009504'),
('S009504', 'S004309'),
('S004309', 'S009504'),
('S009504', 'S001908'),
('S001908', 'S009504'),
('S009504', 'S009839'),
('S009839', 'S009504'),
('S009504', 'S004379'),
('S004379', 'S009504'),
('S009504', 'S004494'),
('S004494', 'S009504'),
('S009601', 'S001867'),
('S001867', 'S009601'),
('S009601', 'S007408'),
('S007408', 'S009601'),
('S009601', 'S008300'),
('S008300', 'S009601'),
('S009601', 'S007148'),
('S007148', 'S009601'),
('S009601', 'S007701'),
('S007701', 'S009601'),
('S009601', 'S003644'),
('S003644', 'S009601'),
('S009601', 'S009912'),
('S009912', 'S009601'),
('S009601', 'S005098'),
('S005098', 'S009601'),
('S009601', 'S006737'),
('S006737', 'S009601'),
('S009601', 'S007330'),
('S007330', 'S009601'),
('S009601', 'S002044'),
('S002044', 'S009601'),
('S009601', 'S002234'),
('S002234', 'S009601'),
('S009601', 'S009809'),
('S009809', 'S009601'),
('S009601', 'S008407'),
('S008407', 'S009601'),
('S009601', 'S006031'),
('S006031', 'S009601'),
('S009601', 'S003842'),
('S003842', 'S009601'),
('S009601', 'S009155'),
('S009155', 'S009601'),
('S009601', 'S007813'),
('S007813', 'S009601'),
('S009601', 'S007238'),
('S007238', 'S009601'),
('S009601', 'S008343'),
('S008343', 'S009601'),
('S009601', 'S005185'),
('S005185', 'S009601'),
('S009601', 'S001525'),
('S001525', 'S009601'),
('S009601', 'S009839'),
('S009839', 'S009601'),
('S009601', 'S002238'),
('S002238', 'S009601'),
('S009601', 'S002213'),
('S002213', 'S009601'),
('S009601', 'S004898'),
('S004898', 'S009601'),
('S009603', 'S003663'),
('S003663', 'S009603'),
('S009603', 'S007813'),
('S007813', 'S009603'),
('S009603', 'S007672'),
('S007672', 'S009603'),
('S009603', 'S008300'),
('S008300', 'S009603'),
('S009603', 'S008361'),
('S008361', 'S009603'),
('S009603', 'S009693'),
('S009693', 'S009603'),
('S009603', 'S009632'),
('S009632', 'S009603'),
('S009603', 'S003014'),
('S003014', 'S009603'),
('S009604', 'S003977'),
('S003977', 'S009604'),
('S009604', 'S003052'),
('S003052', 'S009604'),
('S009604', 'S002213'),
('S002213', 'S009604'),
('S009604', 'S004440'),
('S004440', 'S009604'),
('S009604', 'S009693'),
('S009693', 'S009604'),
('S009604', 'S008085'),
('S008085', 'S009604'),
('S009604', 'S005273'),
('S005273', 'S009604'),
('S009604', 'S009795'),
('S009795', 'S009604'),
('S009604', 'S009912'),
('S009912', 'S009604'),
('S009604', 'S007988'),
('S007988', 'S009604'),
('S009604', 'S003014'),
('S003014', 'S009604'),
('S009604', 'S004913'),
('S004913', 'S009604'),
('S009604', 'S008369'),
('S008369', 'S009604'),
('S009604', 'S004494'),
('S004494', 'S009604'),
('S009604', 'S009809'),
('S009809', 'S009604'),
('S009604', 'S002814'),
('S002814', 'S009604'),
('S009604', 'S003051'),
('S003051', 'S009604'),
('S009604', 'S005876'),
('S005876', 'S009604'),
('S009604', 'S003688'),
('S003688', 'S009604'),
('S009604', 'S007408'),
('S007408', 'S009604'),
('S009604', 'S006147'),
('S006147', 'S009604'),
('S009604', 'S009769'),
('S009769', 'S009604'),
('S009604', 'S004927'),
('S004927', 'S009604'),
('S009604', 'S003644'),
('S003644', 'S009604'),
('S009604', 'S007979'),
('S007979', 'S009604'),
('S009604', 'S004848'),
('S004848', 'S009604'),
('S009604', 'S004809'),
('S004809', 'S009604'),
('S009604', 'S003079'),
('S003079', 'S009604'),
('S009604', 'S007050'),
('S007050', 'S009604'),
('S009604', 'S007330'),
('S007330', 'S009604'),
('S009632', 'S003307'),
('S003307', 'S009632'),
('S009632', 'S006777'),
('S006777', 'S009632'),
('S009632', 'S009839'),
('S009839', 'S009632'),
('S009632', 'S003457'),
('S003457', 'S009632'),
('S009632', 'S007330'),
('S007330', 'S009632'),
('S009632', 'S001970'),
('S001970', 'S009632'),
('S009632', 'S006329'),
('S006329', 'S009632'),
('S009632', 'S009604'),
('S009604', 'S009632'),
('S009632', 'S006003'),
('S006003', 'S009632'),
('S009632', 'S008146'),
('S008146', 'S009632'),
('S009632', 'S007148'),
('S007148', 'S009632'),
('S009632', 'S007408'),
('S007408', 'S009632'),
('S009632', 'S001972'),
('S001972', 'S009632'),
('S009632', 'S008369'),
('S008369', 'S009632'),
('S009632', 'S009912'),
('S009912', 'S009632'),
('S009644', 'S003842'),
('S003842', 'S009644'),
('S009644', 'S002238'),
('S002238', 'S009644'),
('S009644', 'S009769'),
('S009769', 'S009644'),
('S009644', 'S009747'),
('S009747', 'S009644'),
('S009644', 'S001352'),
('S001352', 'S009644'),
('S009693', 'S008343'),
('S008343', 'S009693'),
('S009693', 'S001525'),
('S001525', 'S009693'),
('S009693', 'S003052'),
('S003052', 'S009693'),
('S009693', 'S009352'),
('S009352', 'S009693'),
('S009693', 'S002414'),
('S002414', 'S009693'),
('S009693', 'S005987'),
('S005987', 'S009693'),
('S009693', 'S001996'),
('S001996', 'S009693'),
('S009693', 'S003014'),
('S003014', 'S009693'),
('S009693', 'S007813'),
('S007813', 'S009693'),
('S009693', 'S007672'),
('S007672', 'S009693'),
('S009693', 'S004070'),
('S004070', 'S009693'),
('S009747', 'S006479'),
('S006479', 'S009747'),
('S009747', 'S003752'),
('S003752', 'S009747'),
('S009747', 'S009693'),
('S009693', 'S009747'),
('S009747', 'S004458'),
('S004458', 'S009747'),
('S009747', 'S009839'),
('S009839', 'S009747'),
('S009747', 'S002909'),
('S002909', 'S009747'),
('S009747', 'S009296'),
('S009296', 'S009747'),
('S009747', 'S004070'),
('S004070', 'S009747'),
('S009747', 'S009603'),
('S009603', 'S009747'),
('S009747', 'S003977'),
('S003977', 'S009747'),
('S009747', 'S006782'),
('S006782', 'S009747'),
('S009747', 'S005098'),
('S005098', 'S009747'),
('S009754', 'S002842'),
('S002842', 'S009754'),
('S009754', 'S008302'),
('S008302', 'S009754'),
('S009754', 'S003041'),
('S003041', 'S009754'),
('S009754', 'S002044'),
('S002044', 'S009754'),
('S009754', 'S007148'),
('S007148', 'S009754'),
('S009754', 'S009632'),
('S009632', 'S009754'),
('S009754', 'S004927'),
('S004927', 'S009754'),
('S009754', 'S004429'),
('S004429', 'S009754'),
('S009754', 'S002750'),
('S002750', 'S009754'),
('S009754', 'S001972'),
('S001972', 'S009754'),
('S009754', 'S002281'),
('S002281', 'S009754'),
('S009754', 'S005442'),
('S005442', 'S009754'),
('S009754', 'S003954'),
('S003954', 'S009754'),
('S009754', 'S002909'),
('S002909', 'S009754'),
('S009754', 'S004070'),
('S004070', 'S009754'),
('S009754', 'S008146'),
('S008146', 'S009754'),
('S009754', 'S005543'),
('S005543', 'S009754'),
('S009754', 'S001867'),
('S001867', 'S009754'),
('S009754', 'S007689'),
('S007689', 'S009754'),
('S009754', 'S006270'),
('S006270', 'S009754'),
('S009769', 'S008394'),
('S008394', 'S009769'),
('S009769', 'S007689'),
('S007689', 'S009769'),
('S009769', 'S003014'),
('S003014', 'S009769'),
('S009769', 'S006737'),
('S006737', 'S009769'),
('S009769', 'S003752'),
('S003752', 'S009769'),
('S009769', 'S006003'),
('S006003', 'S009769'),
('S009769', 'S006782'),
('S006782', 'S009769'),
('S009769', 'S007149'),
('S007149', 'S009769'),
('S009769', 'S007934'),
('S007934', 'S009769'),
('S009769', 'S006541'),
('S006541', 'S009769'),
('S009769', 'S005535'),
('S005535', 'S009769'),
('S009769', 'S006976'),
('S006976', 'S009769'),
('S009769', 'S008302'),
('S008302', 'S009769'),
('S009769', 'S008186'),
('S008186', 'S009769'),
('S009769', 'S009795'),
('S009795', 'S009769'),
('S009769', 'S007693'),
('S007693', 'S009769'),
('S009769', 'S004351'),
('S004351', 'S009769'),
('S009769', 'S002414'),
('S002414', 'S009769'),
('S009769', 'S005080'),
('S005080', 'S009769'),
('S009769', 'S009839'),
('S009839', 'S009769'),
('S009769', 'S007672'),
('S007672', 'S009769'),
('S009769', 'S004913'),
('S004913', 'S009769'),
('S009769', 'S004423'),
('S004423', 'S009769'),
('S009795', 'S009296'),
('S009296', 'S009795'),
('S009795', 'S009693'),
('S009693', 'S009795'),
('S009795', 'S009504'),
('S009504', 'S009795'),
('S009795', 'S001525'),
('S001525', 'S009795'),
('S009795', 'S009322'),
('S009322', 'S009795'),
('S009795', 'S007693'),
('S007693', 'S009795'),
('S009795', 'S001970'),
('S001970', 'S009795'),
('S009795', 'S003475'),
('S003475', 'S009795'),
('S009795', 'S003865'),
('S003865', 'S009795'),
('S009795', 'S001146'),
('S001146', 'S009795'),
('S009795', 'S001352'),
('S001352', 'S009795'),
('S009795', 'S003317'),
('S003317', 'S009795'),
('S009795', 'S009912'),
('S009912', 'S009795'),
('S009795', 'S004351'),
('S004351', 'S009795'),
('S009795', 'S009352'),
('S009352', 'S009795'),
('S009795', 'S002071'),
('S002071', 'S009795'),
('S009795', 'S003307'),
('S003307', 'S009795'),
('S009795', 'S006031'),
('S006031', 'S009795'),
('S009795', 'S008905'),
('S008905', 'S009795'),
('S009795', 'S009839'),
('S009839', 'S009795'),
('S009795', 'S008302'),
('S008302', 'S009795'),
('S009795', 'S005982'),
('S005982', 'S009795'),
('S009795', 'S004070'),
('S004070', 'S009795'),
('S009795', 'S009601'),
('S009601', 'S009795'),
('S009795', 'S003977'),
('S003977', 'S009795'),
('S009809', 'S009769'),
('S009769', 'S009809'),
('S009809', 'S001383'),
('S001383', 'S009809'),
('S009809', 'S006460'),
('S006460', 'S009809'),
('S009809', 'S008196'),
('S008196', 'S009809'),
('S009809', 'S006031'),
('S006031', 'S009809'),
('S009809', 'S004780'),
('S004780', 'S009809'),
('S009809', 'S006329'),
('S006329', 'S009809'),
('S009809', 'S009839'),
('S009839', 'S009809'),
('S009809', 'S003688'),
('S003688', 'S009809'),
('S009809', 'S003663'),
('S003663', 'S009809'),
('S009809', 'S005535'),
('S005535', 'S009809'),
('S009809', 'S001525'),
('S001525', 'S009809'),
('S009809', 'S004351'),
('S004351', 'S009809'),
('S009809', 'S003930'),
('S003930', 'S009809'),
('S009809', 'S002044'),
('S002044', 'S009809'),
('S009809', 'S007979'),
('S007979', 'S009809'),
('S009809', 'S003842'),
('S003842', 'S009809'),
('S009809', 'S005098'),
('S005098', 'S009809'),
('S009809', 'S008940'),
('S008940', 'S009809'),
('S009809', 'S006782'),
('S006782', 'S009809'),
('S009809', 'S001305'),
('S001305', 'S009809'),
('S009809', 'S004440'),
('S004440', 'S009809'),
('S009809', 'S002750'),
('S002750', 'S009809'),
('S009839', 'S007149'),
('S007149', 'S009839'),
('S009839', 'S001996'),
('S001996', 'S009839'),
('S009839', 'S007217'),
('S007217', 'S009839'),
('S009839', 'S003231'),
('S003231', 'S009839'),
('S009839', 'S006782'),
('S006782', 'S009839'),
('S009839', 'S003307'),
('S003307', 'S009839'),
('S009839', 'S008343'),
('S008343', 'S009839'),
('S009839', 'S001305'),
('S001305', 'S009839'),
('S009839', 'S009644'),
('S009644', 'S009839'),
('S009839', 'S008940'),
('S008940', 'S009839'),
('S009839', 'S004500'),
('S004500', 'S009839'),
('S009839', 'S004648'),
('S004648', 'S009839'),
('S009839', 'S006976'),
('S006976', 'S009839'),
('S009839', 'S007689'),
('S007689', 'S009839'),
('S009839', 'S004913'),
('S004913', 'S009839'),
('S009839', 'S004351'),
('S004351', 'S009839'),
('S009839', 'S004494'),
('S004494', 'S009839'),
('S009839', 'S005442'),
('S005442', 'S009839'),
('S009912', 'S002414'),
('S002414', 'S009912'),
('S009912', 'S003644'),
('S003644', 'S009912'),
('S009912', 'S004351'),
('S004351', 'S009912'),
('S009912', 'S009747'),
('S009747', 'S009912'),
('S009912', 'S009155'),
('S009155', 'S009912'),
('S009912', 'S001305'),
('S001305', 'S009912'),
('S009912', 'S003847'),
('S003847', 'S009912'),
('S009912', 'S008361'),
('S008361', 'S009912'),
('S009912', 'S002750'),
('S002750', 'S009912'),
('S009912', 'S001146'),
('S001146', 'S009912'),
('S009912', 'S009964'),
('S009964', 'S009912'),
('S009912', 'S006728'),
('S006728', 'S009912'),
('S009912', 'S004648'),
('S004648', 'S009912'),
('S009912', 'S007217'),
('S007217', 'S009912'),
('S009912', 'S005098'),
('S005098', 'S009912'),
('S009912', 'S007149'),
('S007149', 'S009912'),
('S009912', 'S007689'),
('S007689', 'S009912'),
('S009912', 'S008085'),
('S008085', 'S009912'),
('S009912', 'S009322'),
('S009322', 'S009912'),
('S009964', 'S004848'),
('S004848', 'S009964'),
('S009964', 'S004032'),
('S004032', 'S009964'),
('S009964', 'S007934'),
('S007934', 'S009964'),
('S009964', 'S006031'),
('S006031', 'S009964'),
('S009964', 'S001352'),
('S001352', 'S009964'),
('S009964', 'S004440'),
('S004440', 'S009964'),
('S009964', 'S008302'),
('S008302', 'S009964'),
('S009964', 'S003373'),
('S003373', 'S009964'),
('S009964', 'S006479'),
('S006479', 'S009964'),
('S009964', 'S009693'),
('S009693', 'S009964'),
('S009964', 'S003954'),
('S003954', 'S009964'),
('S009964', 'S003842'),
('S003842', 'S009964'),
('S009964', 'S007217'),
('S007217', 'S009964'),
('S009964', 'S009296'),
('S009296', 'S009964'),
('S009964', 'S005535'),
('S005535', 'S009964'),
('S009964', 'S006329'),
('S006329', 'S009964'),
('S009964', 'S007330'),
('S007330', 'S009964'),
('S009964', 'S008940'),
('S008940', 'S009964'),
('S009964', 'S008300'),
('S008300', 'S009964'),
('S009964', 'S005098'),
('S005098', 'S009964'),
('S009964', 'S004927'),
('S004927', 'S009964'),
('S009964', 'S008905'),
('S008905', 'S009964'),
('S009964', 'S002814'),
('S002814', 'S009964');

-- --------------------------------------------------------

--
-- Table structure for table `Messages`
--

CREATE TABLE `Messages` (
  `ID` int(10) NOT NULL,
  `COURSE_ID` varchar(10) NOT NULL,
  `SENDER_ID` varchar(10) NOT NULL,
  `DATE` date NOT NULL,
  `MESSAGE` text NOT NULL
) ENGINE=InnoDB AUTO_INCREMENT=6 DEFAULT CHARSET=latin1;

--
-- Dumping data for table `Messages`
--

INSERT INTO `Messages` (`ID`, `COURSE_ID`, `SENDER_ID`, `DATE`, `MESSAGE`) VALUES
(1, 'BUS118', 'S001146', '2016-11-30', 'Lorem ipsum dolor sit amet, consectetur adipiscing elit. Ut erat augue, tincidunt vitae volutpat eu, rutrum sit amet sem. Praesent vitae nibh egestas dolor cursus.'),
(2, 'BUS118', 'S001146', '2016-11-30', 'Lorem ipsum dolor sit amet, consectetur adipiscing elit. Ut erat augue, tincidunt vitae volutpat eu, rutrum sit amet sem. Praesent vitae nibh egestas dolor cursus.'),
(3, 'BUS158', 'S001352', '2016-11-30', 'Lorem ipsum dolor sit amet, consectetur adipiscing elit. Ut erat augue, tincidunt vitae volutpat eu, rutrum sit amet sem. Praesent vitae nibh egestas dolor cursus.'),
(4, 'BUS158', 'S001352', '2016-11-30', 'Lorem ipsum dolor sit amet, consectetur adipiscing elit. Ut erat augue, tincidunt vitae volutpat eu, rutrum sit amet sem. Praesent vitae nibh egestas dolor cursus.'),
(5, 'BUS158', 'S001352', '2016-11-30', 'Lorem ipsum dolor sit amet, consectetur adipiscing elit. Ut erat augue, tincidunt vitae volutpat eu, rutrum sit amet sem. Praesent vitae nibh egestas dolor cursus.');

-- --------------------------------------------------------

--
-- Table structure for table `Universities`
--

CREATE TABLE `Universities` (
  `ID` int(11) NOT NULL,
  `NAME` varchar(30) NOT NULL,
  `COUNTRY` varchar(20) NOT NULL
) ENGINE=InnoDB AUTO_INCREMENT=2 DEFAULT CHARSET=latin1;

--
-- Dumping data for table `Universities`
--

INSERT INTO `Universities` (`ID`, `NAME`, `COUNTRY`) VALUES
(1, 'Ozyegin University', 'Turkey');

-- --------------------------------------------------------

--
-- Table structure for table `Users`
--

CREATE TABLE `Users` (
  `ID` varchar(10) NOT NULL,
  `FIRST_NAME` varchar(30) NOT NULL,
  `LAST_NAME` varchar(30) NOT NULL,
  `EMAIL` varchar(30) NOT NULL,
  `PASSWORD` varchar(20) NOT NULL,
  `PHONE_NO` varchar(20) NOT NULL,
  `UNIVERSITY_ID` int(11) NOT NULL,
  `HIGH_SCORE` int(11) NOT NULL DEFAULT '0'
) ENGINE=InnoDB DEFAULT CHARSET=latin1;

--
-- Dumping data for table `Users`
--

INSERT INTO `Users` (`ID`, `FIRST_NAME`, `LAST_NAME`, `EMAIL`, `PASSWORD`, `PHONE_NO`, `UNIVERSITY_ID`, `HIGH_SCORE`) VALUES
('S001146', 'Philip', 'James', 'philip.james@ozu.edu.tr', 'DPFBRc', '0543 587 7015', 1, 0),
('S001156', 'Janet', 'Jones', 'janet.jones@ozu.edu.tr', '3n0fydP', '0531 359 9119', 1, 0),
('S001305', 'Charles', 'Knight', 'charles.knight@ozu.edu.tr', '2E0OZXF551K7', '0557 410 1011', 1, 0),
('S001352', 'Margaret', 'George', 'margaret.george@ozu.edu.tr', 'v56cjM3GkcP', '0555 617 2670', 1, 0),
('S001383', 'Nicole', 'Cunningham', 'nicole.cunningham@ozu.edu.tr', 'clkdtMLI', '0552 816 4133', 1, 0),
('S001525', 'Carolyn', 'Andrews', 'carolyn.andrews@ozu.edu.tr', 'WvxGhQc3pfYj', '0537 826 8794', 1, 0),
('S001867', 'Sharon', 'Greene', 'sharon.greene@ozu.edu.tr', 'Eg6Hak2Xx', '0555 282 8276', 1, 0),
('S001908', 'Joan', 'George', 'joan.george@ozu.edu.tr', 'TS8ekwe7f9', '0535 185 6100', 1, 0),
('S001970', 'Jennifer', 'Turner', 'jennifer.turner@ozu.edu.tr', 'RJNreKED1gAv', '0555 200 5870', 1, 0),
('S001972', 'Roger', 'Rogers', 'roger.rogers@ozu.edu.tr', 'hg1gkIL', '0552 912 1575', 1, 0),
('S001996', 'Johnny', 'Gray', 'johnny.gray@ozu.edu.tr', 'B08hSFJzjZoC', '0540 246 2537', 1, 0),
('S002044', 'Jacqueline', 'Jacobs', 'jacqueline.jacobs@ozu.edu.tr', '5nrPOphO4', '0547 441 5221', 1, 0),
('S002071', 'Wanda', 'Murphy', 'wanda.murphy@ozu.edu.tr', 'PHfqkfe0L5', '0553 943 1656', 1, 0),
('S002213', 'Albert', 'Hicks', 'albert.hicks@ozu.edu.tr', '12XtG8ESP', '0553 628 9584', 1, 0),
('S002234', 'Doris', 'Ward', 'doris.ward@ozu.edu.tr', 'ZykZq0omV', '0557 155 3041', 1, 0),
('S002238', 'Carolyn', 'Hicks', 'carolyn.hicks@ozu.edu.tr', 'KC7YXq', '0552 134 1002', 1, 0),
('S002281', 'Timothy', 'Brown', 'timothy.brown@ozu.edu.tr', 'Ju7kMw', '0552 959 5050', 1, 0),
('S002414', 'Matthew', 'Wright', 'matthew.wright@ozu.edu.tr', 'dXAfl0IGf9U2', '0534 456 7960', 1, 0),
('S002460', 'Stephen', 'Jackson', 'stephen.jackson@ozu.edu.tr', 'e7h5WolybvF', '0550 966 3966', 1, 0),
('S002584', 'Jonathan', 'Frazier', 'jonathan.frazier@ozu.edu.tr', 'hDOsDktg', '0552 884 6566', 1, 0),
('S002750', 'Shawn', 'Turner', 'shawn.turner@ozu.edu.tr', 'gQKNgStnT', '0534 579 2708', 1, 0),
('S002814', 'Fred', 'Torres', 'fred.torres@ozu.edu.tr', '46EuVwMsu', '0545 115 2695', 1, 0),
('S002842', 'Dorothy', 'Stanley', 'dorothy.stanley@ozu.edu.tr', 'Zhh0qE', '0536 470 9732', 1, 0),
('S002909', 'Martha', 'Cole', 'martha.cole@ozu.edu.tr', 'ai6A5qTqqF', '0554 704 3007', 1, 0),
('S003014', 'Clarence', 'Carter', 'clarence.carter@ozu.edu.tr', 'nPrw2GDQ', '0542 921 7592', 1, 0),
('S003041', 'Craig', 'Daniels', 'craig.daniels@ozu.edu.tr', 'IKQ0WK77jdPX', '0540 432 1503', 1, 0),
('S003051', 'Judith', 'Cruz', 'judith.cruz@ozu.edu.tr', 'Ypp3V3Hchh', '0551 326 5735', 1, 0),
('S003052', 'Sandra', 'Jenkins', 'sandra.jenkins@ozu.edu.tr', 'v8dD3n7', '0533 454 4790', 1, 0),
('S003079', 'Patrick', 'Patterson', 'patrick.patterson@ozu.edu.tr', 'zbDvQm', '0542 903 9215', 1, 0),
('S003120', 'Dorothy', 'Watson', 'dorothy.watson@ozu.edu.tr', 'RZs6SB', '0538 647 8504', 1, 0),
('S003230', 'Jessica', 'Nguyen', 'jessica.nguyen@ozu.edu.tr', 'rYuv4q', '0538 856 7636', 1, 0),
('S003231', 'Thomas', 'Rice', 'thomas.rice@ozu.edu.tr', 'bkeRLe6', '0539 212 3944', 1, 0),
('S003307', 'Joyce', 'Morales', 'joyce.morales@ozu.edu.tr', 'JHuokB8puca1', '0559 334 1550', 1, 0),
('S003317', 'Brandon', 'Anderson', 'brandon.anderson@ozu.edu.tr', '8F52Xse', '0559 294 3460', 1, 0),
('S003373', 'Frank', 'Chapman', 'frank.chapman@ozu.edu.tr', 'eM7oP9U4o', '0559 929 4506', 1, 0),
('S003457', 'Roger', 'Roberts', 'roger.roberts@ozu.edu.tr', '7iBayGrGPAWi', '0550 973 6700', 1, 0),
('S003475', 'Diane', 'Stanley', 'diane.stanley@ozu.edu.tr', 'Osyxjt', '0532 595 8631', 1, 0),
('S003644', 'Martin', 'Pierce', 'martin.pierce@ozu.edu.tr', '1UoU6yA5HHE', '0540 537 9840', 1, 0),
('S003663', 'Philip', 'Henderson', 'philip.henderson@ozu.edu.tr', 'rf3ArXWD', '0555 508 6282', 1, 0),
('S003688', 'Dennis', 'Ellis', 'dennis.ellis@ozu.edu.tr', 'wBlHdKymYX9Z', '0536 524 1627', 1, 0),
('S003752', 'Bruce', 'Lawrence', 'bruce.lawrence@ozu.edu.tr', 'Ie6jFZ', '0542 127 6018', 1, 0),
('S003842', 'Eric', 'Henderson', 'eric.henderson@ozu.edu.tr', 'Cx7ENnII4h', '0556 674 4114', 1, 0),
('S003847', 'Jonathan', 'Diaz', 'jonathan.diaz@ozu.edu.tr', '9aQVJbdi', '0540 520 2080', 1, 0),
('S003865', 'Joe', 'Flores', 'joe.flores@ozu.edu.tr', 'qyODknO', '0538 142 3657', 1, 0),
('S003930', 'Larry', 'Lawrence', 'larry.lawrence@ozu.edu.tr', 'o33FFgGYmB', '0539 870 6807', 1, 0),
('S003931', 'Wanda', 'Watson', 'wanda.watson@ozu.edu.tr', 'CAVWiBQ7NKSZ', '0558 736 9449', 1, 0),
('S003954', 'Diane', 'Bailey', 'diane.bailey@ozu.edu.tr', 'uXULKdSNSicI', '0535 557 4418', 1, 0),
('S003977', 'Julie', 'Cooper', 'julie.cooper@ozu.edu.tr', 'Xk24Y2iu', '0538 204 1882', 1, 0),
('S004032', 'Mildred', 'Cunningham', 'mildred.cunningham@ozu.edu.tr', '83bElY5NLH', '0546 410 5605', 1, 0),
('S004070', 'Jerry', 'Murray', 'jerry.murray@ozu.edu.tr', 'ZXGOnlicJViH', '0541 787 6178', 1, 0),
('S004309', 'Jeffrey', 'Kelley', 'jeffrey.kelley@ozu.edu.tr', '1Nd9J4YTO', '0557 750 3564', 1, 0),
('S004351', 'Kathy', 'Chapman', 'kathy.chapman@ozu.edu.tr', 'n0SNbGu', '0543 247 5414', 1, 0),
('S004379', 'Heather', 'Nichols', 'heather.nichols@ozu.edu.tr', '4MC5fYO', '0542 949 2262', 1, 0),
('S004423', 'Johnny', 'Morales', 'johnny.morales@ozu.edu.tr', 'mWUJ67J', '0534 765 4594', 1, 0),
('S004429', 'Rose', 'Henderson', 'rose.henderson@ozu.edu.tr', 'Gsh3Aj1inINy', '0544 188 6393', 1, 0),
('S004440', 'Phillip', 'Sullivan', 'phillip.sullivan@ozu.edu.tr', 'lcTDh0W3oLy', '0531 873 4151', 1, 0),
('S004458', 'Joyce', 'Hernandez', 'joyce.hernandez@ozu.edu.tr', 'NzV7HRLW', '0535 142 7361', 1, 0),
('S004494', 'Carolyn', 'Reid', 'carolyn.reid@ozu.edu.tr', 'ZWxLbRGQ1y8', '0554 108 5940', 1, 0),
('S004500', 'Martha', 'Russell', 'martha.russell@ozu.edu.tr', 'BK7C8DAM', '0534 472 4529', 1, 0),
('S004648', 'Aaron', 'Olson', 'aaron.olson@ozu.edu.tr', 'uInDtsSLUP', '0530 814 5235', 1, 0),
('S004780', 'Randy', 'Scott', 'randy.scott@ozu.edu.tr', '7747nzvEL6eO', '0543 751 1957', 1, 0),
('S004809', 'Rebecca', 'Elliott', 'rebecca.elliott@ozu.edu.tr', 'C88oZngB', '0549 818 9497', 1, 0),
('S004848', 'Arthur', 'Hall', 'arthur.hall@ozu.edu.tr', 'k2B6qSWB1eiN', '0544 331 4940', 1, 0),
('S004898', 'Elizabeth', 'Warren', 'elizabeth.warren@ozu.edu.tr', '4KFgRHqRdjW9', '0541 294 9560', 1, 0),
('S004913', 'Walter', 'Matthews', 'walter.matthews@ozu.edu.tr', 'cezZHn74uE', '0532 335 9684', 1, 0),
('S004927', 'Richard', 'Walker', 'richard.walker@ozu.edu.tr', 'G9BtMcRPix', '0554 404 4712', 1, 0),
('S005080', 'Jack', 'Payne', 'jack.payne@ozu.edu.tr', 'DHx7joj', '0552 595 7783', 1, 0),
('S005098', 'Jason', 'Warren', 'jason.warren@ozu.edu.tr', 'yhCrT7v', '0550 410 1143', 1, 0),
('S005185', 'Patrick', 'Daniels', 'patrick.daniels@ozu.edu.tr', 'WGGceJ', '0546 116 1027', 1, 0),
('S005267', 'Ruby', 'Fuller', 'ruby.fuller@ozu.edu.tr', '4PKRJ03H', '0549 703 9475', 1, 0),
('S005273', 'Susan', 'Martinez', 'susan.martinez@ozu.edu.tr', 'jxHizJ4', '0553 137 5649', 1, 0),
('S005442', 'Peter', 'Taylor', 'peter.taylor@ozu.edu.tr', 'oPM3gAI1EMr', '0545 211 6925', 1, 0),
('S005535', 'Carolyn', 'Tucker', 'carolyn.tucker@ozu.edu.tr', '2lyrufFVP', '0538 680 7666', 1, 0),
('S005543', 'Christine', 'Lopez', 'christine.lopez@ozu.edu.tr', 'kYpl97x', '0548 680 4917', 1, 0),
('S005696', 'Timothy', 'Barnes', 'timothy.barnes@ozu.edu.tr', '8wzBZlFX', '0545 610 7480', 1, 0),
('S005876', 'Margaret', 'Williamson', 'margaret.williamson@ozu.edu.tr', 'AWuzKr', '0555 135 4784', 1, 0),
('S005982', 'Nicole', 'Lawrence', 'nicole.lawrence@ozu.edu.tr', 'kunXs3N', '0538 992 1337', 1, 0),
('S005987', 'Stephanie', 'Watkins', 'stephanie.watkins@ozu.edu.tr', 'M7VV4tH', '0539 660 8319', 1, 0),
('S006003', 'Martin', 'Price', 'martin.price@ozu.edu.tr', 'Hf1cs5', '0544 584 3409', 1, 0),
('S006031', 'Charles', 'Murray', 'charles.murray@ozu.edu.tr', 'xxM3rEhZ7', '0532 157 4532', 1, 0),
('S006147', 'Johnny', 'Moore', 'johnny.moore@ozu.edu.tr', '4n0sS8HLWN', '0545 272 4675', 1, 0),
('S006161', 'Arthur', 'Evans', 'arthur.evans@ozu.edu.tr', 'JYiptwtnXY', '0548 265 9614', 1, 0),
('S006198', 'Ann', 'Stevens', 'ann.stevens@ozu.edu.tr', '5w7kRz9DaPw', '0539 379 3966', 1, 0),
('S006270', 'Arthur', 'Graham', 'arthur.graham@ozu.edu.tr', 'IQJpgIvaTS4L', '0557 303 8120', 1, 0),
('S006329', 'Denise', 'Campbell', 'denise.campbell@ozu.edu.tr', 'FfL4aO', '0553 817 7514', 1, 0),
('S006460', 'Jimmy', 'Cruz', 'jimmy.cruz@ozu.edu.tr', 'tsYIBtw4i', '0543 804 1659', 1, 0),
('S006479', 'Jesse', 'Vasquez', 'jesse.vasquez@ozu.edu.tr', 'irk1QcR', '0554 590 8064', 1, 0),
('S006541', 'David', 'Oliver', 'david.oliver@ozu.edu.tr', 'BjQoZk9L', '0534 951 3164', 1, 0),
('S006728', 'Norma', 'Welch', 'norma.welch@ozu.edu.tr', 'fIHLWmiYr8ZA', '0544 144 9413', 1, 0),
('S006737', 'Alice', 'Robinson', 'alice.robinson@ozu.edu.tr', 't43XbeO', '0543 460 9606', 1, 0),
('S006777', 'Samuel', 'Owens', 'samuel.owens@ozu.edu.tr', 'ATzXYZj', '0530 743 7999', 1, 0),
('S006782', 'Julie', 'Spencer', 'julie.spencer@ozu.edu.tr', 'zt60s1dEHvJ', '0555 708 8652', 1, 0),
('S006976', 'Adam', 'Howard', 'adam.howard@ozu.edu.tr', 'jnOksohn', '0552 796 8527', 1, 0),
('S007050', 'Mildred', 'Harvey', 'mildred.harvey@ozu.edu.tr', 'XN9CgoXlqLb', '0550 756 7615', 1, 0),
('S007109', 'Karen', 'Evans', 'karen.evans@ozu.edu.tr', '2kX0HGAAQ39T', '0543 729 5020', 1, 0),
('S007148', 'Russell', 'Moreno', 'russell.moreno@ozu.edu.tr', 'wnichw', '0542 308 2258', 1, 0),
('S007149', 'Edward', 'Frazier', 'edward.frazier@ozu.edu.tr', 'OkukcgMsyprV', '0531 679 6701', 1, 0),
('S007217', 'Jacqueline', 'Rice', 'jacqueline.rice@ozu.edu.tr', 'DNq97N9i', '0556 114 4439', 1, 0),
('S007238', 'Linda', 'Cooper', 'linda.cooper@ozu.edu.tr', 'xvbueOLJ5uG6', '0556 563 5290', 1, 0),
('S007330', 'Aaron', 'Lewis', 'aaron.lewis@ozu.edu.tr', 'CmBpBo9TH1Od', '0557 768 4128', 1, 0),
('S007408', 'Donna', 'Perry', 'donna.perry@ozu.edu.tr', 'm8tjMO', '0547 691 2721', 1, 0),
('S007672', 'Andrew', 'Palmer', 'andrew.palmer@ozu.edu.tr', 's4sZJqUcr', '0559 410 9761', 1, 0),
('S007689', 'Jeremy', 'Sullivan', 'jeremy.sullivan@ozu.edu.tr', 'yqjbFvEvjF', '0544 262 5250', 1, 0),
('S007693', 'Frances', 'Phillips', 'frances.phillips@ozu.edu.tr', 'dCfMg1H3lyl', '0544 916 6698', 1, 0),
('S007701', 'Anthony', 'Burton', 'anthony.burton@ozu.edu.tr', '0aBgjScZDf8s', '0537 694 7308', 1, 0),
('S007813', 'Johnny', 'Mason', 'johnny.mason@ozu.edu.tr', 'wMG7FgyN', '0537 837 5570', 1, 0),
('S007884', 'Stephen', 'Clark', 'stephen.clark@ozu.edu.tr', 'nZRTYtminG0', '0557 329 6642', 1, 0),
('S007928', 'Cheryl', 'Ferguson', 'cheryl.ferguson@ozu.edu.tr', 'PX9rNfjPL', '0548 720 6865', 1, 0),
('S007929', 'Shirley', 'Hansen', 'shirley.hansen@ozu.edu.tr', 'Mc31uzZBBOqa', '0544 419 9350', 1, 0),
('S007934', 'Jerry', 'Reed', 'jerry.reed@ozu.edu.tr', 'RonX0dMz5H', '0548 778 6049', 1, 0),
('S007979', 'Jesse', 'Hamilton', 'jesse.hamilton@ozu.edu.tr', 'sRuJMd264tYO', '0547 790 8441', 1, 0),
('S007988', 'Karen', 'Alexander', 'karen.alexander@ozu.edu.tr', 'd0yDc2Gzr2', '0533 450 5195', 1, 0),
('S008085', 'Kevin', 'Price', 'kevin.price@ozu.edu.tr', 'IZYA3fy1x', '0544 237 3819', 1, 0),
('S008146', 'Michael', 'Garrett', 'michael.garrett@ozu.edu.tr', 'y4VT5B', '0551 811 1835', 1, 0),
('S008186', 'Kenneth', 'Jacobs', 'kenneth.jacobs@ozu.edu.tr', 'aOuTuQbZKZ7', '0538 743 4313', 1, 0),
('S008196', 'Michelle', 'Payne', 'michelle.payne@ozu.edu.tr', 'vVKBsHxV4', '0559 535 3913', 1, 0),
('S008244', 'Joe', 'Nelson', 'joe.nelson@ozu.edu.tr', 'p4wAlCu', '0533 327 5356', 1, 0),
('S008300', 'Deborah', 'Ryan', 'deborah.ryan@ozu.edu.tr', 'o7Udr7pE', '0557 133 3529', 1, 0),
('S008302', 'Norma', 'Patterson', 'norma.patterson@ozu.edu.tr', 'vN48qpkwdl', '0534 283 1428', 1, 0),
('S008343', 'Sean', 'Ortiz', 'sean.ortiz@ozu.edu.tr', 'Dyys1B', '0555 581 5092', 1, 0),
('S008361', 'Maria', 'Long', 'maria.long@ozu.edu.tr', 'fFf8BAfvBwCu', '0559 532 7338', 1, 0),
('S008369', 'Anne', 'Ryan', 'anne.ryan@ozu.edu.tr', 'C2npvDV', '0534 264 5462', 1, 0),
('S008394', 'Louis', 'Harris', 'louis.harris@ozu.edu.tr', '59SyBsx', '0552 455 3821', 1, 0),
('S008407', 'Theresa', 'Davis', 'theresa.davis@ozu.edu.tr', 'jNvWeKJM', '0535 304 8643', 1, 0),
('S008588', 'Michael', 'Moore', 'michael.moore@ozu.edu.tr', 'jcW5JdYh7', '0531 528 9901', 1, 0),
('S008774', 'Joan', 'Murray', 'joan.murray@ozu.edu.tr', 'KYiRjdrJRo', '0559 574 6046', 1, 0),
('S008905', 'Juan', 'Hughes', 'juan.hughes@ozu.edu.tr', 'uhH9194Cj4W', '0559 531 9278', 1, 0),
('S008929', 'Raymond', 'Porter', 'raymond.porter@ozu.edu.tr', 'Pl1so1Q', '0547 631 3135', 1, 0),
('S008940', 'Jesse', 'Ferguson', 'jesse.ferguson@ozu.edu.tr', 'k4hOZ2nSi', '0554 409 6452', 1, 0),
('S009155', 'Bonnie', 'Reynolds', 'bonnie.reynolds@ozu.edu.tr', '9GbmqAB8TOLM', '0544 755 3169', 1, 0),
('S009227', 'Janet', 'Ray', 'janet.ray@ozu.edu.tr', 'dlXU4dmR', '0538 999 5204', 1, 0),
('S009296', 'Judy', 'Martinez', 'judy.martinez@ozu.edu.tr', 'HE97zJN02pw', '0548 147 8287', 1, 0),
('S009322', 'Robin', 'Cunningham', 'robin.cunningham@ozu.edu.tr', 'UD1xTuHqKpU', '0557 264 9956', 1, 0),
('S009352', 'Kenneth', 'Larson', 'kenneth.larson@ozu.edu.tr', 'UaPy4pisB3', '0558 118 5410', 1, 0),
('S009379', 'Jeffrey', 'Burke', 'jeffrey.burke@ozu.edu.tr', 'vKsdGn4VJkq', '0542 902 9841', 1, 0),
('S009504', 'Joan', 'Reid', 'joan.reid@ozu.edu.tr', 'JBgDy9r', '0533 489 8699', 1, 0),
('S009601', 'Fred', 'Kelley', 'fred.kelley@ozu.edu.tr', 'kf4xvsi4DrqG', '0535 103 4663', 1, 0),
('S009603', 'Frances', 'Reynolds', 'frances.reynolds@ozu.edu.tr', 'N034176l', '0530 174 7053', 1, 0),
('S009604', 'Richard', 'Gray', 'richard.gray@ozu.edu.tr', 'piuIKZ', '0531 570 6173', 1, 0),
('S009632', 'Paul', 'Palmer', 'paul.palmer@ozu.edu.tr', 'Ed6IRjbbfh', '0542 732 7347', 1, 0),
('S009644', 'Joan', 'Marshall', 'joan.marshall@ozu.edu.tr', 'vgtnDlX', '0545 521 6834', 1, 0),
('S009693', 'Albert', 'Cooper', 'albert.cooper@ozu.edu.tr', 'alb160', '0532 454 9554', 1, 0),
('S009747', 'Ralph', 'Gordon', 'ralph.gordon@ozu.edu.tr', 'wQv53I', '0538 113 1635', 1, 0),
('S009754', 'Diana', 'Henry', 'diana.henry@ozu.edu.tr', 'IMe4zaU3Y', '0549 493 3474', 1, 0),
('S009769', 'Carolyn', 'Mendoza', 'carolyn.mendoza@ozu.edu.tr', 'XxcuRL0fGx', '0530 197 8600', 1, 0),
('S009795', 'Theresa', 'Chavez', 'theresa.chavez@ozu.edu.tr', 'KnT0RgmGa', '0547 436 8128', 1, 0),
('S009809', 'Marie', 'Evans', 'marie.evans@ozu.edu.tr', '3omwrDU', '0539 286 9854', 1, 0),
('S009839', 'Julie', 'Russell', 'julie.russell@ozu.edu.tr', 'YlaDUxF', '0558 790 9109', 1, 0),
('S009912', 'Larry', 'Ross', 'larry.ross@ozu.edu.tr', 'WaxyjWWKJV7', '0541 714 6622', 1, 0),
('S009964', 'Andrea', 'Powell', 'andrea.powell@ozu.edu.tr', 'BZK3W9CWZ5', '0531 804 9171', 1, 0);

--
-- Indexes for dumped tables
--

--
-- Indexes for table `Courses`
--
ALTER TABLE `Courses`
  ADD PRIMARY KEY (`ID`),
  ADD UNIQUE KEY `ID` (`ID`);

--
-- Indexes for table `Messages`
--
ALTER TABLE `Messages`
  ADD PRIMARY KEY (`ID`);

--
-- Indexes for table `Universities`
--
ALTER TABLE `Universities`
  ADD PRIMARY KEY (`ID`),
  ADD UNIQUE KEY `ID` (`ID`),
  ADD UNIQUE KEY `NAME` (`NAME`);

--
-- Indexes for table `Users`
--
ALTER TABLE `Users`
  ADD PRIMARY KEY (`ID`),
  ADD UNIQUE KEY `USER_ID` (`ID`,`EMAIL`,`PHONE_NO`),
  ADD UNIQUE KEY `USER_ID_2` (`ID`);

--
-- AUTO_INCREMENT for dumped tables
--

--
-- AUTO_INCREMENT for table `Messages`
--
ALTER TABLE `Messages`
  MODIFY `ID` int(10) NOT NULL AUTO_INCREMENT,AUTO_INCREMENT=6;
--
-- AUTO_INCREMENT for table `Universities`
--
ALTER TABLE `Universities`
  MODIFY `ID` int(11) NOT NULL AUTO_INCREMENT,AUTO_INCREMENT=2;
