SET SQL_MODE = "NO_AUTO_VALUE_ON_ZERO";
SET time_zone = "+00:00";

--
-- Database: `credume`
--

-- --------------------------------------------------------

--
-- Table structure for table `Courses`
--

CREATE TABLE `Courses` (
  `ID` varchar(10) NOT NULL,
  `CREDITS` smallint(6) NOT NULL,
  `INSTRUCTOR` varchar(40) NOT NULL,
  `UNIVERSITY_ID` int(11) NOT NULL
) ENGINE=InnoDB DEFAULT CHARSET=latin1;

--
-- Dumping data for table `Courses`
--

INSERT INTO `Courses` (`ID`, `CREDITS`, `INSTRUCTOR`, `UNIVERSITY_ID`) VALUES
('BUS118', 3, 'Phyllis Hicks', 1),
('BUS138', 2, 'Russell Morales', 1),
('BUS158', 3, 'Christina Simpson', 1),
('BUS171', 6, 'Harold Reyes', 1),
('BUS175', 5, 'Paula Cook', 1),
('BUS188', 2, 'Brenda Lee', 1),
('BUS198', 2, 'Gloria Rice', 1),
('BUS199', 5, 'Christina Greene', 1),
('BUS200', 5, 'Susan Scott', 1),
('BUS207', 3, 'Anthony Moreno', 1),
('BUS209', 6, 'Robin Garza', 1),
('BUS243', 6, 'Lawrence Chapman', 1),
('BUS254', 6, 'Carlos Carter', 1),
('BUS288', 6, 'Ruby Medina', 1),
('BUS340', 6, 'Lisa Larson', 1),
('BUS374', 4, 'Dennis Hunt', 1),
('BUS377', 3, 'Randy Kelly', 1),
('BUS381', 3, 'Cheryl Peters', 1),
('BUS391', 3, 'Willie Jones', 1),
('BUS394', 5, 'Paula Barnes', 1),
('BUS419', 2, 'Bruce Nguyen', 1),
('BUS479', 6, 'Anne Kelly', 1),
('BUS487', 5, 'Kelly Coleman', 1),
('BUS491', 5, 'Lois Ray', 1),
('BUS496', 4, 'Amy Morrison', 1),
('CE101', 6, 'Evelyn Coleman', 1),
('CE126', 2, 'Joe Cunningham', 1),
('CE131', 3, 'Patrick Perez', 1),
('CE153', 6, 'Fred Hunter', 1),
('CE189', 6, 'Daniel Matthews', 1),
('CE192', 5, 'Walter Brooks', 1),
('CE254', 5, 'Kevin Simpson', 1),
('CE256', 2, 'Paul Willis', 1),
('CE268', 5, 'Brian Harrison', 1),
('CE329', 2, 'Nicole Peters', 1),
('CE340', 4, 'Shawn Rivera', 1),
('CE343', 6, 'Stephanie Adams', 1),
('CE354', 4, 'Michelle Carpenter', 1),
('CE359', 4, 'Ashley Romero', 1),
('CE400', 4, 'Lois Ellis', 1),
('CE416', 5, 'Larry Gray', 1),
('CE420', 2, 'Carolyn Warren', 1),
('CE431', 3, 'Alan White', 1),
('CE440', 4, 'Jesse King', 1),
('CE463', 2, 'George Kennedy', 1),
('CE491', 3, 'Pamela Martinez', 1),
('CS101', 5, 'Stephanie Burns', 1),
('CS154', 2, 'Sara Russell', 1),
('CS158', 4, 'Susan Kelley', 1),
('CS167', 2, 'Stephanie Martin', 1),
('CS177', 5, 'Patrick Evans', 1),
('CS183', 4, 'Samuel Dunn', 1),
('CS199', 2, 'Kimberly Carr', 1),
('CS201', 3, 'Pamela Gonzales', 1),
('CS225', 5, 'Bobby Gilbert', 1),
('CS230', 6, 'Ashley Adams', 1),
('CS256', 5, 'Walter Ramirez', 1),
('CS272', 6, 'Emily Walker', 1),
('CS285', 2, 'Carlos Walker', 1),
('CS301', 2, 'Judith Wallace', 1),
('CS324', 6, 'Jeffrey Wallace', 1),
('CS340', 2, 'Kimberly Dean', 1),
('CS342', 6, 'Sarah Thompson', 1),
('CS348', 4, 'Martin Williams', 1),
('CS361', 6, 'Jack Williamson', 1),
('CS382', 5, 'Bobby Hamilton', 1),
('CS387', 3, 'Janet Miller', 1),
('CS391', 6, 'Margaret Ferguson', 1),
('CS392', 6, 'Sara Fuller', 1),
('CS399', 3, 'Harold Sims', 1),
('CS424', 6, 'Marilyn Foster', 1),
('CS432', 2, 'Barbara Johnson', 1),
('CS459', 6, 'Sandra Jenkins', 1),
('ECON107', 6, 'James Lane', 1),
('ECON186', 4, 'Mildred Webb', 1),
('ECON187', 2, 'Timothy Gonzalez', 1),
('ECON189', 5, 'Michelle Long', 1),
('ECON204', 6, 'Jesse Diaz', 1),
('ECON213', 3, 'Sarah King', 1),
('ECON281', 5, 'Robert Turner', 1),
('ECON294', 6, 'Sharon Bryant', 1),
('ECON311', 3, 'Jennifer Nelson', 1),
('ECON332', 5, 'Matthew Frazier', 1),
('ECON337', 4, 'Kathleen Romero', 1),
('ECON348', 3, 'Lois Bell', 1),
('ECON365', 5, 'Dorothy Bradley', 1),
('ECON390', 6, 'Mildred Knight', 1),
('ECON391', 4, 'Steve Elliott', 1),
('ECON399', 2, 'Amanda Daniels', 1),
('ECON462', 4, 'Tammy Hall', 1),
('ECON474', 2, 'Kevin Ferguson', 1),
('ECON485', 5, 'Evelyn Powell', 1),
('EE109', 4, 'Susan Stewart', 1),
('EE125', 5, 'Anne Ramirez', 1),
('EE133', 2, 'Amanda Ramirez', 1),
('EE137', 3, 'Eugene Woods', 1),
('EE153', 2, 'Phyllis Mitchell', 1),
('EE164', 3, 'Randy Chapman', 1),
('EE210', 2, 'Susan Mccoy', 1),
('EE230', 3, 'Roy Owens', 1),
('EE234', 6, 'Martha Snyder', 1),
('EE244', 6, 'Christine Larson', 1),
('EE248', 3, 'Joseph Hudson', 1),
('EE256', 3, 'Clarence Kelly', 1),
('EE258', 2, 'Patrick Grant', 1),
('EE272', 4, 'Jimmy Edwards', 1),
('EE273', 3, 'Betty Larson', 1),
('EE277', 3, 'Kathy Murphy', 1),
('EE342', 6, 'Janice Walker', 1),
('EE351', 4, 'Jennifer George', 1),
('EE393', 2, 'Patrick Taylor', 1),
('EE426', 4, 'Craig Holmes', 1),
('EE459', 2, 'Evelyn Barnes', 1),
('EE460', 4, 'Albert Young', 1),
('EE465', 5, 'Wayne Woods', 1),
('EE483', 2, 'Jason Ross', 1),
('EE488', 5, 'Virginia Fernandez', 1),
('ENG228', 4, 'Elizabeth Bennett', 1),
('ENG233', 4, 'Scott Myers', 1),
('ENG236', 2, 'Anna Johnson', 1),
('ENG258', 2, 'Walter Pierce', 1),
('ENG285', 3, 'Ralph Jones', 1),
('ENG292', 4, 'Aaron Lopez', 1),
('ENG300', 5, 'Lori Fields', 1),
('ENG330', 3, 'Linda Moreno', 1),
('ENG359', 2, 'Sarah Chavez', 1),
('ENG366', 6, 'Ernest Griffin', 1),
('ENG368', 5, 'Anne Powell', 1),
('ENG374', 6, 'Edward Little', 1),
('ENG377', 2, 'Louise Cunningham', 1),
('ENG413', 3, 'Alice Thompson', 1),
('ENG444', 3, 'Theresa Burke', 1),
('ENG455', 5, 'Paul Banks', 1),
('HIST114', 2, 'Willie Grant', 1),
('HIST148', 6, 'Stephanie Tucker', 1),
('HIST166', 3, 'Gregory White', 1),
('HIST178', 5, 'Wanda Marshall', 1),
('HIST187', 6, 'Emily Richardson', 1),
('HIST205', 5, 'Jesse Kim', 1),
('HIST227', 5, 'Frances Ortiz', 1),
('HIST241', 6, 'Betty Alvarez', 1),
('HIST259', 4, 'Helen Barnes', 1),
('HIST277', 2, 'Ronald Harrison', 1),
('HIST282', 4, 'Christopher Andrews', 1),
('HIST331', 6, 'Kathleen Peterson', 1),
('HIST332', 6, 'Jennifer Perez', 1),
('HIST342', 3, 'Laura Adams', 1),
('HIST357', 3, 'Fred Griffin', 1),
('HIST367', 3, 'Martin Cunningham', 1),
('HIST377', 4, 'Judy Kim', 1),
('HIST400', 3, 'William Myers', 1),
('HIST420', 6, 'Sean Thompson', 1),
('HIST465', 2, 'Patrick Stevens', 1),
('IE108', 2, 'Annie Welch', 1),
('IE116', 2, 'Kathleen Hansen', 1),
('IE136', 3, 'Christopher Hudson', 1),
('IE139', 2, 'Dorothy Berry', 1),
('IE196', 6, 'Jerry Dixon', 1),
('IE229', 2, 'Albert Richards', 1),
('IE255', 5, 'Gregory Sanchez', 1),
('IE269', 3, 'Willie Burns', 1),
('IE335', 5, 'Phyllis Griffin', 1),
('IE348', 6, 'Howard Payne', 1),
('IE357', 2, 'Maria Graham', 1),
('IE376', 2, 'Barbara Stewart', 1),
('IE412', 6, 'Brandon Mccoy', 1),
('IE422', 3, 'James Weaver', 1),
('IE454', 4, 'Dorothy Willis', 1),
('IE455', 3, 'Nicholas Ross', 1),
('IE457', 6, 'Walter Alexander', 1),
('IE460', 5, 'Phillip Morris', 1),
('IE463', 2, 'Jason Williamson', 1),
('IE466', 6, 'Walter Wilson', 1),
('IE493', 6, 'Shawn Howell', 1),
('IR101', 2, 'Christina Owens', 1),
('IR115', 2, 'Annie Meyer', 1),
('IR117', 6, 'Joseph Willis', 1),
('IR133', 5, 'Alan Ryan', 1),
('IR167', 5, 'Douglas Burton', 1),
('IR171', 3, 'Roger Arnold', 1),
('IR185', 5, 'Joan Griffin', 1),
('IR187', 2, 'Russell Wallace', 1),
('IR188', 5, 'Jeremy Gonzales', 1),
('IR222', 3, 'Janice Crawford', 1),
('IR225', 2, 'Gerald Adams', 1),
('IR247', 6, 'Amanda King', 1),
('IR268', 3, 'Dorothy Gilbert', 1),
('IR313', 2, 'Peter Barnes', 1),
('IR371', 6, 'Ernest Hamilton', 1),
('IR383', 3, 'Kathryn Turner', 1),
('IR399', 5, 'Karen Clark', 1),
('IR407', 3, 'Bruce Burton', 1),
('IR408', 3, 'Eugene Hernandez', 1),
('IR447', 5, 'Brenda Reynolds', 1),
('IR454', 4, 'Debra Tucker', 1),
('IR495', 3, 'Diana Duncan', 1),
('MATH131', 4, 'Bobby Jackson', 1),
('MATH156', 2, 'Ruby Spencer', 1),
('MATH216', 5, 'Doris Richards', 1),
('MATH235', 6, 'Margaret Grant', 1),
('MATH256', 5, 'Shawn Bailey', 1),
('MATH283', 4, 'Howard Russell', 1),
('MATH300', 5, 'Stephanie Weaver', 1),
('MATH315', 2, 'Kimberly West', 1),
('MATH336', 6, 'Amanda Torres', 1),
('MATH400', 4, 'Edward Richards', 1),
('MATH421', 2, 'Joan Diaz', 1),
('MATH432', 2, 'Benjamin Green', 1),
('MATH437', 3, 'Ryan Wells', 1),
('MATH442', 3, 'Nancy Medina', 1),
('MATH463', 5, 'Jeremy Martinez', 1),
('ME107', 3, 'Laura Turner', 1),
('ME136', 5, 'Edward Jenkins', 1),
('ME199', 4, 'Mildred Cox', 1),
('ME246', 4, 'Jacqueline Watkins', 1),
('ME337', 5, 'Bobby Fisher', 1),
('ME345', 6, 'Louis Ruiz', 1),
('ME453', 6, 'Fred Stephens', 1),
('ME460', 2, 'Roger Day', 1),
('ME466', 2, 'Louise Foster', 1),
('ME494', 5, 'Deborah Fuller', 1),
('ME498', 5, 'Albert Morris', 1),
('MGMT105', 4, 'Brenda Dunn', 1),
('MGMT108', 5, 'Louis Ferguson', 1),
('MGMT112', 6, 'David Ray', 1),
('MGMT114', 3, 'Mark Mills', 1),
('MGMT117', 5, 'Harold Alvarez', 1),
('MGMT147', 5, 'Harry Lynch', 1),
('MGMT161', 6, 'Steve Ford', 1),
('MGMT174', 3, 'Helen Burke', 1),
('MGMT220', 5, 'Marilyn Perry', 1),
('MGMT272', 4, 'Benjamin Larson', 1),
('MGMT282', 6, 'Gregory Carter', 1),
('MGMT288', 6, 'Clarence Stone', 1),
('MGMT292', 2, 'Kathryn Carroll', 1),
('MGMT329', 4, 'Kathryn Bowman', 1),
('MGMT348', 6, 'Stephanie Chavez', 1),
('MGMT358', 6, 'Brandon Graham', 1),
('MGMT397', 5, 'Raymond Dixon', 1),
('MGMT428', 2, 'Steven Vasquez', 1),
('MGMT497', 4, 'Debra Burke', 1),
('PHYS102', 6, 'Wayne Hart', 1),
('PHYS114', 2, 'Beverly Bryant', 1),
('PHYS122', 4, 'Jennifer Woods', 1),
('PHYS137', 2, 'Kathryn Hernandez', 1),
('PHYS152', 6, 'Kelly Wood', 1),
('PHYS169', 6, 'Charles Gutierrez', 1),
('PHYS193', 4, 'Katherine Wheeler', 1),
('PHYS200', 6, 'Sarah Moore', 1),
('PHYS206', 2, 'Diana Gilbert', 1),
('PHYS246', 2, 'Randy Holmes', 1),
('PHYS248', 4, 'Elizabeth Baker', 1),
('PHYS249', 5, 'Randy Vasquez', 1),
('PHYS251', 5, 'Tammy Jacobs', 1),
('PHYS292', 3, 'Evelyn Morales', 1),
('PHYS313', 3, 'Jessica Gardner', 1),
('PHYS356', 5, 'Carolyn Davis', 1),
('PHYS359', 2, 'Michael Mason', 1),
('PHYS379', 6, 'Nicole Ellis', 1),
('PHYS405', 6, 'Diana Elliott', 1),
('PHYS413', 5, 'Jose Greene', 1),
('PHYS464', 2, 'Larry Nichols', 1),
('PHYS471', 6, 'Michael Foster', 1),
('SOC118', 3, 'Jesse Nichols', 1),
('SOC148', 6, 'Rebecca Ortiz', 1),
('SOC150', 2, 'Gloria Mccoy', 1),
('SOC163', 2, 'William Garrett', 1),
('SOC173', 5, 'Shirley Reed', 1),
('SOC182', 3, 'Mark Lane', 1),
('SOC192', 6, 'Louis Taylor', 1),
('SOC196', 3, 'Jesse Payne', 1),
('SOC269', 2, 'Martin Castillo', 1),
('SOC298', 2, 'Melissa Butler', 1),
('SOC299', 4, 'Wanda Woods', 1),
('SOC323', 2, 'Timothy Rice', 1),
('SOC343', 5, 'Mary Bryant', 1),
('SOC364', 2, 'Kimberly Henry', 1),
('SOC367', 5, 'Amanda Wallace', 1),
('SOC374', 3, 'Annie Moore', 1),
('SOC391', 4, 'Jennifer Snyder', 1),
('SOC410', 4, 'Patrick Green', 1),
('SOC415', 5, 'Jane Davis', 1),
('TLL109', 2, 'Sara Banks', 1),
('TLL131', 5, 'Virginia Ramos', 1),
('TLL195', 5, 'Antonio Crawford', 1),
('TLL215', 6, 'Jose Harvey', 1),
('TLL235', 2, 'Ronald Wells', 1),
('TLL243', 2, 'William Coleman', 1),
('TLL276', 2, 'Diana Hernandez', 1),
('TLL343', 2, 'Kenneth Washington', 1),
('TLL345', 4, 'Denise Baker', 1),
('TLL369', 2, 'Willie Gray', 1),
('TLL396', 3, 'Jean Armstrong', 1),
('TLL411', 3, 'Jeremy Larson', 1),
('TLL420', 2, 'Larry Hall', 1),
('TLL435', 4, 'Jesse Marshall', 1),
('TLL450', 5, 'Eugene Cruz', 1),
('TLL451', 4, 'Rachel Thomas', 1),
('TLL473', 3, 'Benjamin Medina', 1);

-- --------------------------------------------------------

--
-- Table structure for table `CoursesTaken`
--

CREATE TABLE `CoursesTaken` (
  `ID` int(11) NOT NULL,
  `USER_ID` varchar(10) NOT NULL,
  `COURSE_ID` varchar(10) NOT NULL
) ENGINE=InnoDB AUTO_INCREMENT=749 DEFAULT CHARSET=latin1;

--
-- Dumping data for table `CoursesTaken`
--

INSERT INTO `CoursesTaken` (`ID`, `USER_ID`, `COURSE_ID`) VALUES
(1, 'S001146', 'PHYS200'),
(2, 'S001146', 'CS348'),
(3, 'S001146', 'EE244'),
(4, 'S001146', 'IR115'),
(5, 'S001146', 'HIST166'),
(6, 'S001146', 'CS432'),
(7, 'S001146', 'ENG444'),
(8, 'S001156', 'HIST342'),
(9, 'S001156', 'IE466'),
(10, 'S001156', 'HIST400'),
(11, 'S001156', 'CE440'),
(12, 'S001305', 'MGMT329'),
(13, 'S001305', 'ECON281'),
(14, 'S001305', 'SOC192'),
(15, 'S001305', 'ENG413'),
(16, 'S001305', 'TLL451'),
(17, 'S001352', 'EE133'),
(18, 'S001352', 'SOC364'),
(19, 'S001352', 'ENG300'),
(20, 'S001352', 'EE234'),
(21, 'S001383', 'MATH421'),
(22, 'S001383', 'MGMT497'),
(23, 'S001383', 'IE108'),
(24, 'S001525', 'ME136'),
(25, 'S001525', 'SOC148'),
(26, 'S001525', 'HIST114'),
(27, 'S001525', 'IE376'),
(28, 'S001525', 'IE493'),
(29, 'S001525', 'MATH421'),
(30, 'S001867', 'MATH283'),
(31, 'S001867', 'SOC374'),
(32, 'S001867', 'ENG236'),
(33, 'S001867', 'ECON332'),
(34, 'S001867', 'MATH256'),
(35, 'S001867', 'TLL109'),
(36, 'S001908', 'SOC182'),
(37, 'S001908', 'PHYS249'),
(38, 'S001908', 'CS158'),
(39, 'S001908', 'CS183'),
(40, 'S001908', 'BUS419'),
(41, 'S001908', 'CS101'),
(42, 'S001908', 'IE376'),
(43, 'S001970', 'BUS491'),
(44, 'S001970', 'EE258'),
(45, 'S001970', 'TLL345'),
(46, 'S001970', 'ECON189'),
(47, 'S001970', 'TLL109'),
(48, 'S001970', 'MATH131'),
(49, 'S001972', 'PHYS251'),
(50, 'S001972', 'IR171'),
(51, 'S001972', 'IR495'),
(52, 'S001972', 'BUS200'),
(53, 'S001996', 'CE343'),
(54, 'S001996', 'CS230'),
(55, 'S001996', 'SOC182'),
(56, 'S001996', 'MGMT348'),
(57, 'S001996', 'BUS207'),
(58, 'S001996', 'ENG258'),
(59, 'S002044', 'IE229'),
(60, 'S002044', 'IR185'),
(61, 'S002044', 'EE342'),
(62, 'S002044', 'TLL131'),
(63, 'S002044', 'MGMT288'),
(64, 'S002044', 'IR408'),
(65, 'S002071', 'IE460'),
(66, 'S002071', 'HIST357'),
(67, 'S002071', 'IR371'),
(68, 'S002071', 'TLL473'),
(69, 'S002213', 'SOC182'),
(70, 'S002213', 'ENG413'),
(71, 'S002213', 'PHYS249'),
(72, 'S002234', 'ECON399'),
(73, 'S002234', 'CE359'),
(74, 'S002234', 'CS199'),
(75, 'S002234', 'HIST357'),
(76, 'S002234', 'CS340'),
(77, 'S002234', 'EE273'),
(78, 'S002238', 'PHYS200'),
(79, 'S002238', 'CS324'),
(80, 'S002238', 'EE137'),
(81, 'S002238', 'EE459'),
(82, 'S002281', 'HIST241'),
(83, 'S002281', 'HIST377'),
(84, 'S002281', 'PHYS464'),
(85, 'S002281', 'PHYS379'),
(86, 'S002281', 'BUS288'),
(87, 'S002281', 'BUS158'),
(88, 'S002414', 'SOC299'),
(89, 'S002414', 'ENG455'),
(90, 'S002414', 'SOC415'),
(91, 'S002460', 'EE125'),
(92, 'S002460', 'TLL131'),
(93, 'S002460', 'MATH421'),
(94, 'S002460', 'PHYS200'),
(95, 'S002460', 'IE116'),
(96, 'S002584', 'IR313'),
(97, 'S002584', 'BUS198'),
(98, 'S002584', 'CE126'),
(99, 'S002750', 'CE359'),
(100, 'S002750', 'CS391'),
(101, 'S002750', 'ECON337'),
(102, 'S002750', 'PHYS356'),
(103, 'S002814', 'HIST259'),
(104, 'S002814', 'ECON186'),
(105, 'S002814', 'TLL420'),
(106, 'S002814', 'HIST377'),
(107, 'S002814', 'BUS288'),
(108, 'S002842', 'MATH300'),
(109, 'S002842', 'BUS188'),
(110, 'S002842', 'TLL243'),
(111, 'S002909', 'EE256'),
(112, 'S002909', 'IR408'),
(113, 'S002909', 'CE491'),
(114, 'S003014', 'ECON474'),
(115, 'S003014', 'EE230'),
(116, 'S003014', 'IE457'),
(117, 'S003014', 'BUS200'),
(118, 'S003014', 'CS101'),
(119, 'S003014', 'TLL473'),
(120, 'S003041', 'SOC410'),
(121, 'S003041', 'BUS377'),
(122, 'S003041', 'BUS138'),
(123, 'S003041', 'TLL343'),
(124, 'S003041', 'MATH400'),
(125, 'S003051', 'PHYS249'),
(126, 'S003051', 'IR133'),
(127, 'S003051', 'CS392'),
(128, 'S003051', 'ECON281'),
(129, 'S003052', 'CS230'),
(130, 'S003052', 'MGMT497'),
(131, 'S003052', 'MATH131'),
(132, 'S003079', 'HIST367'),
(133, 'S003079', 'CS382'),
(134, 'S003079', 'IR371'),
(135, 'S003079', 'SOC374'),
(136, 'S003079', 'IR313'),
(137, 'S003120', 'ME199'),
(138, 'S003120', 'MATH336'),
(139, 'S003120', 'MGMT220'),
(140, 'S003120', 'SOC182'),
(141, 'S003120', 'ECON294'),
(142, 'S003120', 'MGMT329'),
(143, 'S003230', 'PHYS193'),
(144, 'S003230', 'CS177'),
(145, 'S003230', 'IR371'),
(146, 'S003230', 'CS285'),
(147, 'S003230', 'ME494'),
(148, 'S003231', 'MGMT220'),
(149, 'S003231', 'CS154'),
(150, 'S003231', 'BUS487'),
(151, 'S003231', 'EE351'),
(152, 'S003231', 'IR371'),
(153, 'S003231', 'BUS209'),
(154, 'S003307', 'ENG444'),
(155, 'S003307', 'PHYS249'),
(156, 'S003307', 'CS340'),
(157, 'S003317', 'CS158'),
(158, 'S003317', 'IR101'),
(159, 'S003317', 'IR185'),
(160, 'S003317', 'CS183'),
(161, 'S003373', 'HIST331'),
(162, 'S003373', 'IR313'),
(163, 'S003373', 'IR447'),
(164, 'S003373', 'BUS175'),
(165, 'S003457', 'ME460'),
(166, 'S003457', 'CS101'),
(167, 'S003457', 'MATH437'),
(168, 'S003457', 'IE460'),
(169, 'S003475', 'EE210'),
(170, 'S003475', 'BUS118'),
(171, 'S003475', 'IE255'),
(172, 'S003475', 'CS387'),
(173, 'S003475', 'BUS198'),
(174, 'S003475', 'ME494'),
(175, 'S003475', 'MGMT358'),
(176, 'S003644', 'MATH442'),
(177, 'S003644', 'IR495'),
(178, 'S003644', 'CS342'),
(179, 'S003644', 'PHYS405'),
(180, 'S003644', 'IR115'),
(181, 'S003644', 'PHYS356'),
(182, 'S003644', 'ECON337'),
(183, 'S003663', 'EE133'),
(184, 'S003663', 'TLL411'),
(185, 'S003663', 'PHYS379'),
(186, 'S003688', 'ECON189'),
(187, 'S003688', 'CE463'),
(188, 'S003688', 'HIST400'),
(189, 'S003688', 'ECON311'),
(190, 'S003688', 'ME337'),
(191, 'S003688', 'CE343'),
(192, 'S003752', 'HIST357'),
(193, 'S003752', 'IR171'),
(194, 'S003752', 'HIST166'),
(195, 'S003842', 'ME246'),
(196, 'S003842', 'SOC415'),
(197, 'S003842', 'IE357'),
(198, 'S003842', 'CS392'),
(199, 'S003842', 'TLL235'),
(200, 'S003842', 'PHYS206'),
(201, 'S003847', 'TLL411'),
(202, 'S003847', 'TLL473'),
(203, 'S003847', 'HIST282'),
(204, 'S003847', 'MGMT108'),
(205, 'S003847', 'CE354'),
(206, 'S003865', 'IR171'),
(207, 'S003865', 'CE463'),
(208, 'S003865', 'BUS377'),
(209, 'S003865', 'ECON485'),
(210, 'S003865', 'SOC299'),
(211, 'S003865', 'MGMT161'),
(212, 'S003865', 'SOC150'),
(213, 'S003931', 'EE109'),
(214, 'S003931', 'TLL131'),
(215, 'S003931', 'CS424'),
(216, 'S003930', 'SOC118'),
(217, 'S003930', 'IE229'),
(218, 'S003930', 'IR407'),
(219, 'S003930', 'ECON294'),
(220, 'S003930', 'PHYS122'),
(221, 'S003930', 'CS399'),
(222, 'S003954', 'CS424'),
(223, 'S003954', 'TLL109'),
(224, 'S003954', 'IR454'),
(225, 'S003954', 'SOC192'),
(226, 'S003954', 'IE463'),
(227, 'S003977', 'TLL411'),
(228, 'S003977', 'MGMT397'),
(229, 'S003977', 'SOC148'),
(230, 'S004032', 'IE466'),
(231, 'S004032', 'PHYS471'),
(232, 'S004032', 'CS324'),
(233, 'S004032', 'PHYS379'),
(234, 'S004032', 'MATH400'),
(235, 'S004032', 'TLL369'),
(236, 'S004032', 'CS101'),
(237, 'S004070', 'MGMT397'),
(238, 'S004070', 'EE244'),
(239, 'S004070', 'IR447'),
(240, 'S004309', 'BUS391'),
(241, 'S004309', 'BUS288'),
(242, 'S004309', 'SOC192'),
(243, 'S004351', 'SOC196'),
(244, 'S004351', 'PHYS193'),
(245, 'S004351', 'IE422'),
(246, 'S004351', 'HIST114'),
(247, 'S004351', 'ENG377'),
(248, 'S004379', 'ENG366'),
(249, 'S004379', 'TLL369'),
(250, 'S004379', 'BUS243'),
(251, 'S004423', 'PHYS206'),
(252, 'S004423', 'ENG228'),
(253, 'S004423', 'CE192'),
(254, 'S004429', 'EE426'),
(255, 'S004429', 'PHYS206'),
(256, 'S004429', 'EE133'),
(257, 'S004429', 'CS424'),
(258, 'S004429', 'CE153'),
(259, 'S004429', 'MATH432'),
(260, 'S004440', 'EE210'),
(261, 'S004440', 'PHYS405'),
(262, 'S004440', 'CE189'),
(263, 'S004458', 'PHYS292'),
(264, 'S004458', 'IE255'),
(265, 'S004458', 'EE393'),
(266, 'S004458', 'EE109'),
(267, 'S004458', 'SOC298'),
(268, 'S004458', 'ECON189'),
(269, 'S004494', 'ENG330'),
(270, 'S004494', 'MATH216'),
(271, 'S004494', 'ENG300'),
(272, 'S004494', 'CS391'),
(273, 'S004500', 'ECON189'),
(274, 'S004500', 'CE268'),
(275, 'S004500', 'TLL109'),
(276, 'S004500', 'HIST367'),
(277, 'S004500', 'ME345'),
(278, 'S004500', 'ECON399'),
(279, 'S004648', 'ME460'),
(280, 'S004648', 'EE125'),
(281, 'S004648', 'ME498'),
(282, 'S004648', 'BUS171'),
(283, 'S004780', 'IE454'),
(284, 'S004780', 'PHYS379'),
(285, 'S004780', 'EE393'),
(286, 'S004780', 'ENG444'),
(287, 'S004780', 'MGMT292'),
(288, 'S004809', 'CE268'),
(289, 'S004809', 'ME453'),
(290, 'S004809', 'IR247'),
(291, 'S004809', 'IR454'),
(292, 'S004848', 'ENG233'),
(293, 'S004848', 'CS101'),
(294, 'S004848', 'ME466'),
(295, 'S004848', 'PHYS313'),
(296, 'S004848', 'CS324'),
(297, 'S004848', 'CE329'),
(298, 'S004898', 'MATH235'),
(299, 'S004898', 'CE254'),
(300, 'S004898', 'BUS188'),
(301, 'S004898', 'TLL343'),
(302, 'S004898', 'BUS496'),
(303, 'S004913', 'PHYS356'),
(304, 'S004913', 'PHYS152'),
(305, 'S004913', 'IE136'),
(306, 'S004913', 'MATH437'),
(307, 'S004913', 'ECON187'),
(308, 'S004927', 'TLL369'),
(309, 'S004927', 'EE153'),
(310, 'S004927', 'TLL343'),
(311, 'S004927', 'CS348'),
(312, 'S004927', 'CE268'),
(313, 'S004927', 'PHYS248'),
(314, 'S004927', 'MATH283'),
(315, 'S005080', 'MATH432'),
(316, 'S005080', 'IE335'),
(317, 'S005080', 'PHYS169'),
(318, 'S005080', 'MGMT348'),
(319, 'S005080', 'PHYS122'),
(320, 'S005080', 'CS177'),
(321, 'S005098', 'IR222'),
(322, 'S005098', 'CE192'),
(323, 'S005098', 'IE255'),
(324, 'S005098', 'IE136'),
(325, 'S005098', 'BUS394'),
(326, 'S005098', 'IR115'),
(327, 'S005098', 'PHYS206'),
(328, 'S005185', 'HIST114'),
(329, 'S005185', 'EE258'),
(330, 'S005185', 'ECON281'),
(331, 'S005267', 'TLL411'),
(332, 'S005267', 'IR185'),
(333, 'S005267', 'PHYS292'),
(334, 'S005267', 'ENG377'),
(335, 'S005267', 'MATH400'),
(336, 'S005267', 'PHYS246'),
(337, 'S005273', 'SOC391'),
(338, 'S005273', 'MATH156'),
(339, 'S005273', 'PHYS471'),
(340, 'S005273', 'BUS207'),
(341, 'S005273', 'EE230'),
(342, 'S005273', 'HIST367'),
(343, 'S005442', 'CS201'),
(344, 'S005442', 'HIST282'),
(345, 'S005442', 'IE357'),
(346, 'S005442', 'IR187'),
(347, 'S005442', 'EE426'),
(348, 'S005442', 'EE230'),
(349, 'S005442', 'ENG366'),
(350, 'S005535', 'HIST367'),
(351, 'S005535', 'EE483'),
(352, 'S005535', 'IE196'),
(353, 'S005535', 'CS348'),
(354, 'S005535', 'ME498'),
(355, 'S005543', 'ECON107'),
(356, 'S005543', 'CS230'),
(357, 'S005543', 'IE422'),
(358, 'S005543', 'SOC410'),
(359, 'S005543', 'IE136'),
(360, 'S005543', 'CS387'),
(361, 'S005696', 'ENG236'),
(362, 'S005696', 'MGMT220'),
(363, 'S005696', 'CS432'),
(364, 'S005696', 'CS272'),
(365, 'S005696', 'CE192'),
(366, 'S005696', 'ENG377'),
(367, 'S005876', 'MGMT117'),
(368, 'S005876', 'HIST205'),
(369, 'S005876', 'MATH442'),
(370, 'S005876', 'MGMT292'),
(371, 'S005876', 'SOC410'),
(372, 'S005876', 'ECON391'),
(373, 'S005982', 'PHYS251'),
(374, 'S005982', 'SOC150'),
(375, 'S005982', 'ECON337'),
(376, 'S005982', 'IE255'),
(377, 'S005982', 'PHYS200'),
(378, 'S005982', 'CS230'),
(379, 'S005987', 'SOC343'),
(380, 'S005987', 'CS340'),
(381, 'S005987', 'PHYS471'),
(382, 'S005987', 'TLL345'),
(383, 'S005987', 'ECON462'),
(384, 'S006003', 'BUS171'),
(385, 'S006003', 'SOC415'),
(386, 'S006003', 'CS391'),
(387, 'S006003', 'HIST465'),
(388, 'S006003', 'MATH421'),
(389, 'S006031', 'IR225'),
(390, 'S006031', 'SOC391'),
(391, 'S006031', 'CE463'),
(392, 'S006031', 'MGMT292'),
(393, 'S006031', 'ME246'),
(394, 'S006031', 'HIST277'),
(395, 'S006031', 'HIST178'),
(396, 'S006147', 'ME494'),
(397, 'S006147', 'CE416'),
(398, 'S006147', 'ENG368'),
(399, 'S006147', 'IR187'),
(400, 'S006147', 'CS225'),
(401, 'S006161', 'IE108'),
(402, 'S006161', 'PHYS413'),
(403, 'S006161', 'BUS243'),
(404, 'S006161', 'SOC182'),
(405, 'S006198', 'CE268'),
(406, 'S006198', 'MGMT292'),
(407, 'S006198', 'CE416'),
(408, 'S006198', 'SOC163'),
(409, 'S006270', 'SOC298'),
(410, 'S006270', 'CS201'),
(411, 'S006270', 'TLL195'),
(412, 'S006270', 'MATH315'),
(413, 'S006270', 'IR225'),
(414, 'S006270', 'ENG236'),
(415, 'S006270', 'BUS381'),
(416, 'S006329', 'ECON189'),
(417, 'S006329', 'HIST148'),
(418, 'S006329', 'SOC374'),
(419, 'S006329', 'BUS199'),
(420, 'S006329', 'IR115'),
(421, 'S006460', 'HIST166'),
(422, 'S006460', 'ECON390'),
(423, 'S006460', 'TLL195'),
(424, 'S006460', 'MGMT282'),
(425, 'S006460', 'HIST342'),
(426, 'S006460', 'IR171'),
(427, 'S006479', 'PHYS359'),
(428, 'S006479', 'CS382'),
(429, 'S006479', 'HIST241'),
(430, 'S006479', 'ENG300'),
(431, 'S006479', 'CS183'),
(432, 'S006541', 'HIST241'),
(433, 'S006541', 'ME246'),
(434, 'S006541', 'IE139'),
(435, 'S006541', 'ECON462'),
(436, 'S006541', 'BUS391'),
(437, 'S006541', 'PHYS114'),
(438, 'S006728', 'EE272'),
(439, 'S006728', 'ECON332'),
(440, 'S006728', 'PHYS200'),
(441, 'S006737', 'BUS118'),
(442, 'S006737', 'SOC298'),
(443, 'S006737', 'TLL451'),
(444, 'S006737', 'TLL243'),
(445, 'S006777', 'HIST187'),
(446, 'S006777', 'CS340'),
(447, 'S006777', 'CS199'),
(448, 'S006777', 'IE455'),
(449, 'S006777', 'IE348'),
(450, 'S006777', 'ECON294'),
(451, 'S006777', 'IR447'),
(452, 'S006782', 'MGMT105'),
(453, 'S006782', 'IE255'),
(454, 'S006782', 'PHYS292'),
(455, 'S006782', 'IR454'),
(456, 'S006976', 'EE230'),
(457, 'S006976', 'MATH256'),
(458, 'S006976', 'SOC192'),
(459, 'S006976', 'TLL215'),
(460, 'S006976', 'IR407'),
(461, 'S007050', 'PHYS313'),
(462, 'S007050', 'BUS377'),
(463, 'S007050', 'PHYS102'),
(464, 'S007109', 'HIST331'),
(465, 'S007109', 'MATH400'),
(466, 'S007109', 'TLL451'),
(467, 'S007109', 'SOC299'),
(468, 'S007109', 'IR268'),
(469, 'S007148', 'BUS374'),
(470, 'S007148', 'IR454'),
(471, 'S007148', 'CS183'),
(472, 'S007148', 'MGMT114'),
(473, 'S007149', 'BUS199'),
(474, 'S007149', 'SOC364'),
(475, 'S007149', 'ME498'),
(476, 'S007149', 'CS177'),
(477, 'S007149', 'IE229'),
(478, 'S007149', 'ECON186'),
(479, 'S007149', 'ECON485'),
(480, 'S007217', 'CE189'),
(481, 'S007217', 'BUS200'),
(482, 'S007217', 'IR313'),
(483, 'S007217', 'ECON391'),
(484, 'S007217', 'PHYS102'),
(485, 'S007217', 'PHYS249'),
(486, 'S007238', 'EE459'),
(487, 'S007238', 'TLL345'),
(488, 'S007238', 'CE354'),
(489, 'S007330', 'ME345'),
(490, 'S007330', 'MATH421'),
(491, 'S007330', 'SOC415'),
(492, 'S007408', 'TLL343'),
(493, 'S007408', 'CS158'),
(494, 'S007408', 'MATH442'),
(495, 'S007408', 'CS225'),
(496, 'S007408', 'IR225'),
(497, 'S007408', 'IE463'),
(498, 'S007408', 'PHYS114'),
(499, 'S007672', 'MGMT105'),
(500, 'S007672', 'IR225'),
(501, 'S007672', 'MATH437'),
(502, 'S007672', 'IE457'),
(503, 'S007672', 'CS324'),
(504, 'S007672', 'MGMT358'),
(505, 'S007689', 'ENG236'),
(506, 'S007689', 'TLL276'),
(507, 'S007689', 'HIST357'),
(508, 'S007689', 'TLL343'),
(509, 'S007693', 'PHYS251'),
(510, 'S007693', 'CE329'),
(511, 'S007693', 'MGMT147'),
(512, 'S007693', 'TLL420'),
(513, 'S007693', 'EE244'),
(514, 'S007701', 'IR408'),
(515, 'S007701', 'ECON474'),
(516, 'S007701', 'MATH437'),
(517, 'S007701', 'CS342'),
(518, 'S007813', 'ENG377'),
(519, 'S007813', 'EE133'),
(520, 'S007813', 'CE329'),
(521, 'S007813', 'ENG455'),
(522, 'S007813', 'CE431'),
(523, 'S007813', 'ECON187'),
(524, 'S007884', 'HIST148'),
(525, 'S007884', 'PHYS206'),
(526, 'S007884', 'CE153'),
(527, 'S007884', 'ME107'),
(528, 'S007884', 'SOC192'),
(529, 'S007884', 'HIST114'),
(530, 'S007884', 'ENG300'),
(531, 'S007928', 'BUS374'),
(532, 'S007928', 'CS101'),
(533, 'S007928', 'IE108'),
(534, 'S007928', 'PHYS102'),
(535, 'S007928', 'BUS198'),
(536, 'S007928', 'HIST282'),
(537, 'S007929', 'ENG233'),
(538, 'S007929', 'BUS138'),
(539, 'S007929', 'CE131'),
(540, 'S007929', 'EE483'),
(541, 'S007929', 'ENG359'),
(542, 'S007929', 'ECON311'),
(543, 'S007934', 'CE192'),
(544, 'S007934', 'CE491'),
(545, 'S007934', 'PHYS200'),
(546, 'S007934', 'ENG374'),
(547, 'S007934', 'TLL243'),
(548, 'S007934', 'PHYS292'),
(549, 'S007979', 'ENG258'),
(550, 'S007979', 'CS285'),
(551, 'S007979', 'CE431'),
(552, 'S007988', 'BUS118'),
(553, 'S007988', 'CE400'),
(554, 'S007988', 'ME107'),
(555, 'S008085', 'ECON189'),
(556, 'S008085', 'SOC364'),
(557, 'S008085', 'ENG413'),
(558, 'S008085', 'CS432'),
(559, 'S008085', 'CE416'),
(560, 'S008085', 'EE488'),
(561, 'S008085', 'CS361'),
(562, 'S008146', 'IR185'),
(563, 'S008146', 'PHYS359'),
(564, 'S008146', 'BUS171'),
(565, 'S008146', 'TLL243'),
(566, 'S008146', 'PHYS152'),
(567, 'S008146', 'HIST187'),
(568, 'S008146', 'EE342'),
(569, 'S008186', 'MATH216'),
(570, 'S008186', 'IR188'),
(571, 'S008186', 'MATH283'),
(572, 'S008196', 'EE460'),
(573, 'S008196', 'EE109'),
(574, 'S008196', 'ECON474'),
(575, 'S008196', 'SOC410'),
(576, 'S008196', 'MGMT497'),
(577, 'S008244', 'SOC148'),
(578, 'S008244', 'ME199'),
(579, 'S008244', 'BUS158'),
(580, 'S008244', 'ENG233'),
(581, 'S008244', 'EE277'),
(582, 'S008244', 'CE463'),
(583, 'S008244', 'SOC150'),
(584, 'S008300', 'IE454'),
(585, 'S008300', 'EE465'),
(586, 'S008300', 'PHYS152'),
(587, 'S008300', 'IR115'),
(588, 'S008300', 'MGMT358'),
(589, 'S008300', 'TLL109'),
(590, 'S008302', 'PHYS114'),
(591, 'S008302', 'MATH216'),
(592, 'S008302', 'SOC118'),
(593, 'S008302', 'CS432'),
(594, 'S008302', 'BUS200'),
(595, 'S008343', 'MGMT292'),
(596, 'S008343', 'PHYS102'),
(597, 'S008343', 'IE422'),
(598, 'S008343', 'HIST241'),
(599, 'S008343', 'ENG236'),
(600, 'S008361', 'ME246'),
(601, 'S008361', 'CS158'),
(602, 'S008361', 'EE258'),
(603, 'S008369', 'ME498'),
(604, 'S008369', 'MGMT105'),
(605, 'S008369', 'PHYS313'),
(606, 'S008369', 'BUS381'),
(607, 'S008369', 'ENG292'),
(608, 'S008394', 'ECON187'),
(609, 'S008394', 'CE491'),
(610, 'S008394', 'BUS175'),
(611, 'S008394', 'IR117'),
(612, 'S008407', 'SOC391'),
(613, 'S008407', 'ECON337'),
(614, 'S008407', 'IE357'),
(615, 'S008407', 'BUS496'),
(616, 'S008407', 'MGMT348'),
(617, 'S008407', 'HIST178'),
(618, 'S008407', 'TLL131'),
(619, 'S008588', 'BUS207'),
(620, 'S008588', 'SOC118'),
(621, 'S008588', 'SOC192'),
(622, 'S008588', 'IR115'),
(623, 'S008588', 'IR185'),
(624, 'S008774', 'ME136'),
(625, 'S008774', 'IR407'),
(626, 'S008774', 'HIST114'),
(627, 'S008774', 'ECON107'),
(628, 'S008905', 'BUS377'),
(629, 'S008905', 'PHYS356'),
(630, 'S008905', 'BUS487'),
(631, 'S008905', 'MATH400'),
(632, 'S008929', 'BUS254'),
(633, 'S008929', 'SOC269'),
(634, 'S008929', 'CE268'),
(635, 'S008929', 'CS424'),
(636, 'S008940', 'TLL131'),
(637, 'S008940', 'BUS198'),
(638, 'S008940', 'IE116'),
(639, 'S008940', 'ECON462'),
(640, 'S009155', 'CE491'),
(641, 'S009155', 'IE454'),
(642, 'S009155', 'IR188'),
(643, 'S009155', 'IR399'),
(644, 'S009155', 'MATH437'),
(645, 'S009155', 'EE258'),
(646, 'S009155', 'CS225'),
(647, 'S009227', 'SOC196'),
(648, 'S009227', 'BUS198'),
(649, 'S009227', 'EE351'),
(650, 'S009227', 'CS392'),
(651, 'S009227', 'EE256'),
(652, 'S009227', 'IE269'),
(653, 'S009227', 'BUS391'),
(654, 'S009296', 'PHYS356'),
(655, 'S009296', 'CE343'),
(656, 'S009296', 'EE483'),
(657, 'S009296', 'IE463'),
(658, 'S009296', 'CS177'),
(659, 'S009296', 'PHYS248'),
(660, 'S009296', 'IR115'),
(661, 'S009322', 'SOC163'),
(662, 'S009322', 'SOC367'),
(663, 'S009322', 'CE463'),
(664, 'S009352', 'MATH300'),
(665, 'S009352', 'CS340'),
(666, 'S009352', 'IE255'),
(667, 'S009352', 'BUS381'),
(668, 'S009352', 'SOC343'),
(669, 'S009352', 'IE457'),
(670, 'S009352', 'IE116'),
(671, 'S009379', 'IE457'),
(672, 'S009379', 'BUS209'),
(673, 'S009379', 'BUS175'),
(674, 'S009504', 'ME337'),
(675, 'S009504', 'CE440'),
(676, 'S009504', 'IE460'),
(677, 'S009504', 'HIST400'),
(678, 'S009504', 'TLL435'),
(679, 'S009601', 'HIST148'),
(680, 'S009601', 'IE460'),
(681, 'S009601', 'HIST400'),
(682, 'S009601', 'EE351'),
(683, 'S009601', 'SOC299'),
(684, 'S009601', 'BUS200'),
(685, 'S009601', 'EE153'),
(686, 'S009603', 'CE440'),
(687, 'S009603', 'SOC298'),
(688, 'S009603', 'EE258'),
(689, 'S009603', 'EE273'),
(690, 'S009603', 'ME466'),
(691, 'S009604', 'ME199'),
(692, 'S009604', 'CE463'),
(693, 'S009604', 'SOC323'),
(694, 'S009632', 'ECON462'),
(695, 'S009632', 'BUS288'),
(696, 'S009632', 'IR187'),
(697, 'S009632', 'CS158'),
(698, 'S009632', 'ME246'),
(699, 'S009632', 'ME107'),
(700, 'S009632', 'MGMT292'),
(701, 'S009644', 'PHYS193'),
(702, 'S009644', 'SOC163'),
(703, 'S009644', 'PHYS464'),
(704, 'S009693', 'IE457'),
(705, 'S009693', 'CS256'),
(706, 'S009693', 'MATH336'),
(707, 'S009747', 'EE234'),
(708, 'S009747', 'HIST187'),
(709, 'S009747', 'HIST227'),
(710, 'S009747', 'PHYS152'),
(711, 'S009747', 'IE108'),
(712, 'S009754', 'BUS391'),
(713, 'S009754', 'ECON189'),
(714, 'S009754', 'HIST178'),
(715, 'S009754', 'SOC374'),
(716, 'S009769', 'CE192'),
(717, 'S009769', 'BUS200'),
(718, 'S009769', 'EE465'),
(719, 'S009769', 'ECON390'),
(720, 'S009769', 'CE189'),
(721, 'S009769', 'MGMT117'),
(722, 'S009769', 'MGMT108'),
(723, 'S009795', 'CS199'),
(724, 'S009795', 'MATH442'),
(725, 'S009795', 'EE248'),
(726, 'S009795', 'TLL109'),
(727, 'S009809', 'MATH156'),
(728, 'S009809', 'MGMT428'),
(729, 'S009809', 'EE230'),
(730, 'S009809', 'MATH463'),
(731, 'S009809', 'IR188'),
(732, 'S009809', 'ECON462'),
(733, 'S009839', 'CS158'),
(734, 'S009839', 'PHYS356'),
(735, 'S009839', 'PHYS413'),
(736, 'S009839', 'CE400'),
(737, 'S009839', 'EE272'),
(738, 'S009912', 'PHYS292'),
(739, 'S009912', 'MGMT288'),
(740, 'S009912', 'ECON281'),
(741, 'S009912', 'ENG374'),
(742, 'S009912', 'TLL451'),
(743, 'S009912', 'MGMT117'),
(744, 'S009964', 'MATH156'),
(745, 'S009964', 'MGMT428'),
(746, 'S009964', 'EE460'),
(747, 'S009964', 'TLL215'),
(748, 'S009964', 'CE153');

-- --------------------------------------------------------

--
-- Table structure for table `Friendship`
--

CREATE TABLE `Friendship` (
  `ID` int(11) NOT NULL,
  `FIRST_USER_ID` varchar(10) NOT NULL,
  `SECOND_USER_ID` varchar(10) NOT NULL,
  `MESSAGE` text NOT NULL
) ENGINE=InnoDB AUTO_INCREMENT=5538 DEFAULT CHARSET=latin1;

--
-- Dumping data for table `Friendship`
--

INSERT INTO `Friendship` (`ID`, `FIRST_USER_ID`, `SECOND_USER_ID`, `MESSAGE`) VALUES
(1, 'S001146', 'S004429', ''),
(2, 'S004429', 'S001146', ''),
(3, 'S001146', 'S004898', ''),
(4, 'S004898', 'S001146', ''),
(5, 'S001146', 'S003457', ''),
(6, 'S003457', 'S001146', ''),
(7, 'S001146', 'S003475', ''),
(8, 'S003475', 'S001146', ''),
(9, 'S001146', 'S009296', ''),
(10, 'S009296', 'S001146', ''),
(11, 'S001146', 'S007238', ''),
(12, 'S007238', 'S001146', ''),
(13, 'S001146', 'S004309', ''),
(14, 'S004309', 'S001146', ''),
(15, 'S001146', 'S009379', ''),
(16, 'S009379', 'S001146', ''),
(17, 'S001146', 'S005185', ''),
(18, 'S005185', 'S001146', ''),
(19, 'S001146', 'S006161', ''),
(20, 'S006161', 'S001146', ''),
(21, 'S001146', 'S004780', ''),
(22, 'S004780', 'S001146', ''),
(23, 'S001146', 'S004070', ''),
(24, 'S004070', 'S001146', ''),
(25, 'S001146', 'S005098', ''),
(26, 'S005098', 'S001146', ''),
(27, 'S001146', 'S003847', ''),
(28, 'S003847', 'S001146', ''),
(29, 'S001146', 'S006031', ''),
(30, 'S006031', 'S001146', ''),
(31, 'S001146', 'S005987', ''),
(32, 'S005987', 'S001146', ''),
(33, 'S001146', 'S009644', ''),
(34, 'S009644', 'S001146', ''),
(35, 'S001146', 'S007884', ''),
(36, 'S007884', 'S001146', ''),
(37, 'S001146', 'S002044', ''),
(38, 'S002044', 'S001146', ''),
(39, 'S001146', 'S006728', ''),
(40, 'S006728', 'S001146', ''),
(41, 'S001146', 'S002238', ''),
(42, 'S002238', 'S001146', ''),
(43, 'S001146', 'S008300', ''),
(44, 'S008300', 'S001146', ''),
(45, 'S001146', 'S007979', ''),
(46, 'S007979', 'S001146', ''),
(47, 'S001146', 'S003842', ''),
(48, 'S003842', 'S001146', ''),
(49, 'S001146', 'S007149', ''),
(50, 'S007149', 'S001146', ''),
(51, 'S001146', 'S009632', ''),
(52, 'S009632', 'S001146', ''),
(53, 'S001146', 'S002842', ''),
(54, 'S002842', 'S001146', ''),
(55, 'S001156', 'S006976', ''),
(56, 'S006976', 'S001156', ''),
(57, 'S001156', 'S007988', ''),
(58, 'S007988', 'S001156', ''),
(59, 'S001156', 'S007148', ''),
(60, 'S007148', 'S001156', ''),
(61, 'S001156', 'S005696', ''),
(62, 'S005696', 'S001156', ''),
(63, 'S001156', 'S003663', ''),
(64, 'S003663', 'S001156', ''),
(65, 'S001156', 'S003865', ''),
(66, 'S003865', 'S001156', ''),
(67, 'S001156', 'S002584', ''),
(68, 'S002584', 'S001156', ''),
(69, 'S001156', 'S008929', ''),
(70, 'S008929', 'S001156', ''),
(71, 'S001156', 'S008186', ''),
(72, 'S008186', 'S001156', ''),
(73, 'S001156', 'S003041', ''),
(74, 'S003041', 'S001156', ''),
(75, 'S001156', 'S009296', ''),
(76, 'S009296', 'S001156', ''),
(77, 'S001156', 'S003051', ''),
(78, 'S003051', 'S001156', ''),
(79, 'S001156', 'S008196', ''),
(80, 'S008196', 'S001156', ''),
(81, 'S001156', 'S002414', ''),
(82, 'S002414', 'S001156', ''),
(83, 'S001156', 'S005080', ''),
(84, 'S005080', 'S001156', ''),
(85, 'S001156', 'S006003', ''),
(86, 'S006003', 'S001156', ''),
(87, 'S001156', 'S007408', ''),
(88, 'S007408', 'S001156', ''),
(89, 'S001305', 'S007988', ''),
(90, 'S007988', 'S001305', ''),
(91, 'S001305', 'S008244', ''),
(92, 'S008244', 'S001305', ''),
(93, 'S001305', 'S001383', ''),
(94, 'S001383', 'S001305', ''),
(95, 'S001305', 'S006479', ''),
(96, 'S006479', 'S001305', ''),
(97, 'S001305', 'S004898', ''),
(98, 'S004898', 'S001305', ''),
(99, 'S001305', 'S003230', ''),
(100, 'S003230', 'S001305', ''),
(101, 'S001305', 'S005080', ''),
(102, 'S005080', 'S001305', ''),
(103, 'S001305', 'S009632', ''),
(104, 'S009632', 'S001305', ''),
(105, 'S001305', 'S005543', ''),
(106, 'S005543', 'S001305', ''),
(107, 'S001305', 'S007929', ''),
(108, 'S007929', 'S001305', ''),
(109, 'S001305', 'S008146', ''),
(110, 'S008146', 'S001305', ''),
(111, 'S001305', 'S004780', ''),
(112, 'S004780', 'S001305', ''),
(113, 'S001305', 'S008085', ''),
(114, 'S008085', 'S001305', ''),
(115, 'S001305', 'S008394', ''),
(116, 'S008394', 'S001305', ''),
(117, 'S001305', 'S003842', ''),
(118, 'S003842', 'S001305', ''),
(119, 'S001305', 'S009352', ''),
(120, 'S009352', 'S001305', ''),
(121, 'S001305', 'S002071', ''),
(122, 'S002071', 'S001305', ''),
(123, 'S001305', 'S006460', ''),
(124, 'S006460', 'S001305', ''),
(125, 'S001305', 'S003307', ''),
(126, 'S003307', 'S001305', ''),
(127, 'S001305', 'S001996', ''),
(128, 'S001996', 'S001305', ''),
(129, 'S001305', 'S006270', ''),
(130, 'S006270', 'S001305', ''),
(131, 'S001305', 'S007238', ''),
(132, 'S007238', 'S001305', ''),
(133, 'S001305', 'S001352', 'Hello world!! Mars is nothing but good :) I love being here, I hate you not being here.. I am studying.. I am working, testing this to work efficiently :('),
(134, 'S001352', 'S001305', 'Hey magaret'),
(135, 'S001352', 'S004927', ''),
(136, 'S004927', 'S001352', ''),
(137, 'S001352', 'S003644', ''),
(138, 'S003644', 'S001352', ''),
(139, 'S001352', 'S007928', ''),
(140, 'S007928', 'S001352', ''),
(141, 'S001352', 'S002842', ''),
(142, 'S002842', 'S001352', ''),
(143, 'S001352', 'S006737', ''),
(144, 'S006737', 'S001352', ''),
(145, 'S001383', 'S001996', ''),
(146, 'S001996', 'S001383', ''),
(147, 'S001383', 'S004927', ''),
(148, 'S004927', 'S001383', ''),
(149, 'S001383', 'S006782', ''),
(150, 'S006782', 'S001383', ''),
(151, 'S001383', 'S007813', ''),
(152, 'S007813', 'S001383', ''),
(153, 'S001383', 'S009322', ''),
(154, 'S009322', 'S001383', ''),
(155, 'S001383', 'S004351', ''),
(156, 'S004351', 'S001383', ''),
(157, 'S001383', 'S004780', ''),
(158, 'S004780', 'S001383', ''),
(159, 'S001383', 'S008407', ''),
(160, 'S008407', 'S001383', ''),
(161, 'S001383', 'S004440', ''),
(162, 'S004440', 'S001383', ''),
(163, 'S001383', 'S007217', ''),
(164, 'S007217', 'S001383', ''),
(165, 'S001383', 'S004429', ''),
(166, 'S004429', 'S001383', ''),
(167, 'S001383', 'S001146', ''),
(168, 'S001146', 'S001383', ''),
(169, 'S001383', 'S003317', ''),
(170, 'S003317', 'S001383', ''),
(171, 'S001383', 'S002234', ''),
(172, 'S002234', 'S001383', ''),
(173, 'S001383', 'S005535', ''),
(174, 'S005535', 'S001383', ''),
(175, 'S001383', 'S005185', ''),
(176, 'S005185', 'S001383', ''),
(177, 'S001383', 'S004898', ''),
(178, 'S004898', 'S001383', ''),
(179, 'S001383', 'S003663', ''),
(180, 'S003663', 'S001383', ''),
(181, 'S001383', 'S008369', ''),
(182, 'S008369', 'S001383', ''),
(183, 'S001383', 'S002842', ''),
(184, 'S002842', 'S001383', ''),
(185, 'S001383', 'S003041', ''),
(186, 'S003041', 'S001383', ''),
(187, 'S001383', 'S006147', ''),
(188, 'S006147', 'S001383', ''),
(189, 'S001383', 'S008146', ''),
(190, 'S008146', 'S001383', ''),
(191, 'S001383', 'S009352', ''),
(192, 'S009352', 'S001383', ''),
(193, 'S001383', 'S006479', ''),
(194, 'S006479', 'S001383', ''),
(195, 'S001383', 'S008940', ''),
(196, 'S008940', 'S001383', ''),
(197, 'S001383', 'S009912', ''),
(198, 'S009912', 'S001383', ''),
(199, 'S001525', 'S002460', ''),
(200, 'S002460', 'S001525', ''),
(201, 'S001525', 'S008085', ''),
(202, 'S008085', 'S001525', ''),
(203, 'S001525', 'S009912', ''),
(204, 'S009912', 'S001525', ''),
(205, 'S001525', 'S005535', ''),
(206, 'S005535', 'S001525', ''),
(207, 'S001525', 'S008146', ''),
(208, 'S008146', 'S001525', ''),
(209, 'S001525', 'S005098', ''),
(210, 'S005098', 'S001525', ''),
(211, 'S001525', 'S009155', ''),
(212, 'S009155', 'S001525', ''),
(213, 'S001525', 'S007050', ''),
(214, 'S007050', 'S001525', ''),
(215, 'S001525', 'S008407', ''),
(216, 'S008407', 'S001525', ''),
(217, 'S001525', 'S008361', ''),
(218, 'S008361', 'S001525', ''),
(219, 'S001525', 'S003931', ''),
(220, 'S003931', 'S001525', ''),
(221, 'S001525', 'S009604', ''),
(222, 'S009604', 'S001525', ''),
(223, 'S001525', 'S008343', ''),
(224, 'S008343', 'S001525', ''),
(225, 'S001525', 'S002750', ''),
(226, 'S002750', 'S001525', ''),
(227, 'S001525', 'S002842', ''),
(228, 'S002842', 'S001525', ''),
(229, 'S001525', 'S003373', ''),
(230, 'S003373', 'S001525', ''),
(231, 'S001525', 'S001352', ''),
(232, 'S001352', 'S001525', ''),
(233, 'S001525', 'S004648', ''),
(234, 'S004648', 'S001525', ''),
(235, 'S001525', 'S009747', ''),
(236, 'S009747', 'S001525', ''),
(237, 'S001525', 'S006541', ''),
(238, 'S006541', 'S001525', ''),
(239, 'S001525', 'S007330', ''),
(240, 'S007330', 'S001525', ''),
(241, 'S001867', 'S009296', ''),
(242, 'S009296', 'S001867', ''),
(243, 'S001867', 'S005543', ''),
(244, 'S005543', 'S001867', ''),
(245, 'S001867', 'S006728', ''),
(246, 'S006728', 'S001867', ''),
(247, 'S001867', 'S006270', ''),
(248, 'S006270', 'S001867', ''),
(249, 'S001867', 'S001305', ''),
(250, 'S001305', 'S001867', ''),
(251, 'S001867', 'S008407', ''),
(252, 'S008407', 'S001867', ''),
(253, 'S001867', 'S003688', ''),
(254, 'S003688', 'S001867', ''),
(255, 'S001867', 'S009632', ''),
(256, 'S009632', 'S001867', ''),
(257, 'S001867', 'S009693', ''),
(258, 'S009693', 'S001867', ''),
(259, 'S001867', 'S009912', ''),
(260, 'S009912', 'S001867', ''),
(261, 'S001867', 'S001525', ''),
(262, 'S001525', 'S001867', ''),
(263, 'S001867', 'S005267', ''),
(264, 'S005267', 'S001867', ''),
(265, 'S001867', 'S007217', ''),
(266, 'S007217', 'S001867', ''),
(267, 'S001867', 'S009747', ''),
(268, 'S009747', 'S001867', ''),
(269, 'S001867', 'S006976', ''),
(270, 'S006976', 'S001867', ''),
(271, 'S001867', 'S004440', ''),
(272, 'S004440', 'S001867', ''),
(273, 'S001867', 'S009644', ''),
(274, 'S009644', 'S001867', ''),
(275, 'S001867', 'S008186', ''),
(276, 'S008186', 'S001867', ''),
(277, 'S001867', 'S003079', ''),
(278, 'S003079', 'S001867', ''),
(279, 'S001867', 'S002044', ''),
(280, 'S002044', 'S001867', ''),
(281, 'S001867', 'S007693', ''),
(282, 'S007693', 'S001867', ''),
(283, 'S001867', 'S002814', ''),
(284, 'S002814', 'S001867', ''),
(285, 'S001867', 'S003865', ''),
(286, 'S003865', 'S001867', ''),
(287, 'S001867', 'S009604', ''),
(288, 'S009604', 'S001867', ''),
(289, 'S001867', 'S009155', ''),
(290, 'S009155', 'S001867', ''),
(291, 'S001867', 'S004423', ''),
(292, 'S004423', 'S001867', ''),
(293, 'S001908', 'S003977', ''),
(294, 'S003977', 'S001908', ''),
(295, 'S001908', 'S007238', ''),
(296, 'S007238', 'S001908', ''),
(297, 'S001908', 'S007148', ''),
(298, 'S007148', 'S001908', ''),
(299, 'S001908', 'S009747', ''),
(300, 'S009747', 'S001908', ''),
(301, 'S001908', 'S009379', ''),
(302, 'S009379', 'S001908', ''),
(303, 'S001908', 'S009912', ''),
(304, 'S009912', 'S001908', ''),
(305, 'S001908', 'S005987', ''),
(306, 'S005987', 'S001908', ''),
(307, 'S001908', 'S001305', ''),
(308, 'S001305', 'S001908', ''),
(309, 'S001908', 'S003373', ''),
(310, 'S003373', 'S001908', ''),
(311, 'S001908', 'S002414', ''),
(312, 'S002414', 'S001908', ''),
(313, 'S001908', 'S007929', ''),
(314, 'S007929', 'S001908', ''),
(315, 'S001908', 'S002460', ''),
(316, 'S002460', 'S001908', ''),
(317, 'S001970', 'S003977', ''),
(318, 'S003977', 'S001970', ''),
(319, 'S001970', 'S001156', ''),
(320, 'S001156', 'S001970', ''),
(321, 'S001970', 'S004927', ''),
(322, 'S004927', 'S001970', ''),
(323, 'S001970', 'S001908', ''),
(324, 'S001908', 'S001970', ''),
(325, 'S001970', 'S007149', ''),
(326, 'S007149', 'S001970', ''),
(327, 'S001970', 'S009227', ''),
(328, 'S009227', 'S001970', ''),
(329, 'S001970', 'S009769', ''),
(330, 'S009769', 'S001970', ''),
(331, 'S001970', 'S004809', ''),
(332, 'S004809', 'S001970', ''),
(333, 'S001970', 'S006976', ''),
(334, 'S006976', 'S001970', ''),
(335, 'S001970', 'S005696', ''),
(336, 'S005696', 'S001970', ''),
(337, 'S001970', 'S005273', ''),
(338, 'S005273', 'S001970', ''),
(339, 'S001970', 'S006031', ''),
(340, 'S006031', 'S001970', ''),
(341, 'S001970', 'S005098', ''),
(342, 'S005098', 'S001970', ''),
(343, 'S001970', 'S006198', ''),
(344, 'S006198', 'S001970', ''),
(345, 'S001970', 'S004648', ''),
(346, 'S004648', 'S001970', ''),
(347, 'S001970', 'S004913', ''),
(348, 'S004913', 'S001970', ''),
(349, 'S001970', 'S003120', ''),
(350, 'S003120', 'S001970', ''),
(351, 'S001970', 'S003842', ''),
(352, 'S003842', 'S001970', ''),
(353, 'S001970', 'S002234', ''),
(354, 'S002234', 'S001970', ''),
(355, 'S001970', 'S003231', ''),
(356, 'S003231', 'S001970', ''),
(357, 'S001970', 'S006782', ''),
(358, 'S006782', 'S001970', ''),
(359, 'S001970', 'S008369', ''),
(360, 'S008369', 'S001970', ''),
(361, 'S001970', 'S002281', ''),
(362, 'S002281', 'S001970', ''),
(363, 'S001970', 'S008774', ''),
(364, 'S008774', 'S001970', ''),
(365, 'S001970', 'S007928', ''),
(366, 'S007928', 'S001970', ''),
(367, 'S001972', 'S007813', ''),
(368, 'S007813', 'S001972', ''),
(369, 'S001972', 'S009322', ''),
(370, 'S009322', 'S001972', ''),
(371, 'S001972', 'S004351', ''),
(372, 'S004351', 'S001972', ''),
(373, 'S001972', 'S003317', ''),
(374, 'S003317', 'S001972', ''),
(375, 'S001972', 'S009155', ''),
(376, 'S009155', 'S001972', ''),
(377, 'S001972', 'S007979', ''),
(378, 'S007979', 'S001972', ''),
(379, 'S001996', 'S003307', ''),
(380, 'S003307', 'S001996', ''),
(381, 'S001996', 'S009296', ''),
(382, 'S009296', 'S001996', ''),
(383, 'S001996', 'S004440', ''),
(384, 'S004440', 'S001996', ''),
(385, 'S001996', 'S003954', ''),
(386, 'S003954', 'S001996', ''),
(387, 'S001996', 'S009155', ''),
(388, 'S009155', 'S001996', ''),
(389, 'S001996', 'S009604', ''),
(390, 'S009604', 'S001996', ''),
(391, 'S001996', 'S009912', ''),
(392, 'S009912', 'S001996', ''),
(393, 'S001996', 'S003079', ''),
(394, 'S003079', 'S001996', ''),
(395, 'S001996', 'S007109', ''),
(396, 'S007109', 'S001996', ''),
(397, 'S001996', 'S008300', ''),
(398, 'S008300', 'S001996', ''),
(399, 'S001996', 'S008407', ''),
(400, 'S008407', 'S001996', ''),
(401, 'S001996', 'S004898', ''),
(402, 'S004898', 'S001996', ''),
(403, 'S001996', 'S007148', ''),
(404, 'S007148', 'S001996', ''),
(405, 'S001996', 'S006728', ''),
(406, 'S006728', 'S001996', ''),
(407, 'S001996', 'S006147', ''),
(408, 'S006147', 'S001996', ''),
(409, 'S001996', 'S009227', ''),
(410, 'S009227', 'S001996', ''),
(411, 'S001996', 'S004070', ''),
(412, 'S004070', 'S001996', ''),
(413, 'S001996', 'S006976', ''),
(414, 'S006976', 'S001996', ''),
(415, 'S001996', 'S007238', ''),
(416, 'S007238', 'S001996', ''),
(417, 'S001996', 'S004429', ''),
(418, 'S004429', 'S001996', ''),
(419, 'S001996', 'S009809', ''),
(420, 'S009809', 'S001996', ''),
(421, 'S001996', 'S001156', ''),
(422, 'S001156', 'S001996', ''),
(423, 'S001996', 'S002238', ''),
(424, 'S002238', 'S001996', ''),
(425, 'S001996', 'S008361', ''),
(426, 'S008361', 'S001996', ''),
(427, 'S001996', 'S006541', ''),
(428, 'S006541', 'S001996', ''),
(429, 'S001996', 'S002750', ''),
(430, 'S002750', 'S001996', ''),
(431, 'S001996', 'S005982', ''),
(432, 'S005982', 'S001996', ''),
(433, 'S002044', 'S004848', ''),
(434, 'S004848', 'S002044', ''),
(435, 'S002044', 'S002584', ''),
(436, 'S002584', 'S002044', ''),
(437, 'S002044', 'S008588', ''),
(438, 'S008588', 'S002044', ''),
(439, 'S002044', 'S009227', ''),
(440, 'S009227', 'S002044', ''),
(441, 'S002044', 'S007408', ''),
(442, 'S007408', 'S002044', ''),
(443, 'S002044', 'S005543', ''),
(444, 'S005543', 'S002044', ''),
(445, 'S002044', 'S004809', ''),
(446, 'S004809', 'S002044', ''),
(447, 'S002044', 'S006460', ''),
(448, 'S006460', 'S002044', ''),
(449, 'S002044', 'S002238', ''),
(450, 'S002238', 'S002044', ''),
(451, 'S002044', 'S008940', ''),
(452, 'S008940', 'S002044', ''),
(453, 'S002044', 'S001908', ''),
(454, 'S001908', 'S002044', ''),
(455, 'S002044', 'S006541', ''),
(456, 'S006541', 'S002044', ''),
(457, 'S002044', 'S005267', ''),
(458, 'S005267', 'S002044', ''),
(459, 'S002044', 'S007149', ''),
(460, 'S007149', 'S002044', 'Hello jacobs'),
(461, 'S002044', 'S001970', ''),
(462, 'S001970', 'S002044', ''),
(463, 'S002044', 'S002814', ''),
(464, 'S002814', 'S002044', ''),
(465, 'S002044', 'S005876', ''),
(466, 'S005876', 'S002044', ''),
(467, 'S002044', 'S009769', ''),
(468, 'S009769', 'S002044', ''),
(469, 'S002044', 'S008302', ''),
(470, 'S008302', 'S002044', ''),
(471, 'S002044', 'S008407', ''),
(472, 'S008407', 'S002044', ''),
(473, 'S002044', 'S004429', ''),
(474, 'S004429', 'S002044', ''),
(475, 'S002044', 'S007988', ''),
(476, 'S007988', 'S002044', ''),
(477, 'S002071', 'S007689', ''),
(478, 'S007689', 'S002071', ''),
(479, 'S002071', 'S003930', ''),
(480, 'S003930', 'S002071', ''),
(481, 'S002071', 'S005442', ''),
(482, 'S005442', 'S002071', ''),
(483, 'S002071', 'S009912', ''),
(484, 'S009912', 'S002071', ''),
(485, 'S002071', 'S003644', ''),
(486, 'S003644', 'S002071', ''),
(487, 'S002071', 'S003307', ''),
(488, 'S003307', 'S002071', ''),
(489, 'S002071', 'S008369', ''),
(490, 'S008369', 'S002071', ''),
(491, 'S002071', 'S006031', ''),
(492, 'S006031', 'S002071', ''),
(493, 'S002071', 'S008244', ''),
(494, 'S008244', 'S002071', ''),
(495, 'S002071', 'S004070', ''),
(496, 'S004070', 'S002071', ''),
(497, 'S002071', 'S004440', ''),
(498, 'S004440', 'S002071', ''),
(499, 'S002071', 'S002044', ''),
(500, 'S002044', 'S002071', ''),
(501, 'S002071', 'S007928', ''),
(502, 'S007928', 'S002071', ''),
(503, 'S002071', 'S005185', ''),
(504, 'S005185', 'S002071', ''),
(505, 'S002071', 'S003079', ''),
(506, 'S003079', 'S002071', ''),
(507, 'S002071', 'S009603', ''),
(508, 'S009603', 'S002071', ''),
(509, 'S002071', 'S009964', ''),
(510, 'S009964', 'S002071', ''),
(511, 'S002071', 'S006147', ''),
(512, 'S006147', 'S002071', ''),
(513, 'S002071', 'S003317', ''),
(514, 'S003317', 'S002071', ''),
(515, 'S002213', 'S004351', ''),
(516, 'S004351', 'S002213', ''),
(517, 'S002213', 'S003120', ''),
(518, 'S003120', 'S002213', ''),
(519, 'S002213', 'S009964', ''),
(520, 'S009964', 'S002213', ''),
(521, 'S002213', 'S006737', ''),
(522, 'S006737', 'S002213', ''),
(523, 'S002213', 'S009379', ''),
(524, 'S009379', 'S002213', ''),
(525, 'S002213', 'S009754', ''),
(526, 'S009754', 'S002213', ''),
(527, 'S002213', 'S006460', ''),
(528, 'S006460', 'S002213', ''),
(529, 'S002213', 'S003847', ''),
(530, 'S003847', 'S002213', ''),
(531, 'S002213', 'S004494', ''),
(532, 'S004494', 'S002213', ''),
(533, 'S002213', 'S001867', ''),
(534, 'S001867', 'S002213', ''),
(535, 'S002213', 'S004780', ''),
(536, 'S004780', 'S002213', ''),
(537, 'S002213', 'S006003', ''),
(538, 'S006003', 'S002213', ''),
(539, 'S002213', 'S007238', ''),
(540, 'S007238', 'S002213', ''),
(541, 'S002213', 'S008300', ''),
(542, 'S008300', 'S002213', ''),
(543, 'S002213', 'S002281', ''),
(544, 'S002281', 'S002213', ''),
(545, 'S002213', 'S008588', ''),
(546, 'S008588', 'S002213', ''),
(547, 'S002213', 'S003079', ''),
(548, 'S003079', 'S002213', ''),
(549, 'S002213', 'S003663', ''),
(550, 'S003663', 'S002213', ''),
(551, 'S002213', 'S004309', ''),
(552, 'S004309', 'S002213', ''),
(553, 'S002213', 'S003041', ''),
(554, 'S003041', 'S002213', ''),
(555, 'S002213', 'S005442', ''),
(556, 'S005442', 'S002213', ''),
(557, 'S002213', 'S005273', ''),
(558, 'S005273', 'S002213', ''),
(559, 'S002213', 'S007330', ''),
(560, 'S007330', 'S002213', ''),
(561, 'S002213', 'S003231', ''),
(562, 'S003231', 'S002213', ''),
(563, 'S002234', 'S009296', ''),
(564, 'S009296', 'S002234', ''),
(565, 'S002234', 'S001352', ''),
(566, 'S001352', 'S002234', ''),
(567, 'S002234', 'S009155', ''),
(568, 'S009155', 'S002234', ''),
(569, 'S002234', 'S001525', ''),
(570, 'S001525', 'S002234', ''),
(571, 'S002234', 'S002584', ''),
(572, 'S002584', 'S002234', ''),
(573, 'S002234', 'S004648', ''),
(574, 'S004648', 'S002234', ''),
(575, 'S002234', 'S006728', ''),
(576, 'S006728', 'S002234', ''),
(577, 'S002234', 'S007408', ''),
(578, 'S007408', 'S002234', ''),
(579, 'S002238', 'S009795', ''),
(580, 'S009795', 'S002238', ''),
(581, 'S002238', 'S003231', ''),
(582, 'S003231', 'S002238', ''),
(583, 'S002238', 'S009604', ''),
(584, 'S009604', 'S002238', ''),
(585, 'S002238', 'S003977', ''),
(586, 'S003977', 'S002238', ''),
(587, 'S002238', 'S008343', ''),
(588, 'S008343', 'S002238', ''),
(589, 'S002238', 'S006198', ''),
(590, 'S006198', 'S002238', ''),
(591, 'S002238', 'S001156', ''),
(592, 'S001156', 'S002238', ''),
(593, 'S002238', 'S008300', ''),
(594, 'S008300', 'S002238', ''),
(595, 'S002238', 'S008407', ''),
(596, 'S008407', 'S002238', ''),
(597, 'S002238', 'S009352', ''),
(598, 'S009352', 'S002238', ''),
(599, 'S002238', 'S005543', ''),
(600, 'S005543', 'S002238', ''),
(601, 'S002238', 'S005080', ''),
(602, 'S005080', 'S002238', ''),
(603, 'S002238', 'S006460', ''),
(604, 'S006460', 'S002238', ''),
(605, 'S002238', 'S003373', ''),
(606, 'S003373', 'S002238', ''),
(607, 'S002238', 'S006270', ''),
(608, 'S006270', 'S002238', ''),
(609, 'S002238', 'S004898', ''),
(610, 'S004898', 'S002238', ''),
(611, 'S002238', 'S006777', ''),
(612, 'S006777', 'S002238', ''),
(613, 'S002238', 'S002281', ''),
(614, 'S002281', 'S002238', ''),
(615, 'S002238', 'S009769', ''),
(616, 'S009769', 'S002238', ''),
(617, 'S002238', 'S009839', ''),
(618, 'S009839', 'S002238', ''),
(619, 'S002238', 'S004070', ''),
(620, 'S004070', 'S002238', ''),
(621, 'S002238', 'S006541', ''),
(622, 'S006541', 'S002238', ''),
(623, 'S002238', 'S003052', ''),
(624, 'S003052', 'S002238', ''),
(625, 'S002238', 'S006479', ''),
(626, 'S006479', 'S002238', ''),
(627, 'S002238', 'S009747', ''),
(628, 'S009747', 'S002238', ''),
(629, 'S002238', 'S007408', ''),
(630, 'S007408', 'S002238', ''),
(631, 'S002238', 'S005696', ''),
(632, 'S005696', 'S002238', ''),
(633, 'S002238', 'S001867', ''),
(634, 'S001867', 'S002238', ''),
(635, 'S002281', 'S009964', ''),
(636, 'S009964', 'S002281', ''),
(637, 'S002281', 'S003230', ''),
(638, 'S003230', 'S002281', ''),
(639, 'S002281', 'S004423', ''),
(640, 'S004423', 'S002281', ''),
(641, 'S002281', 'S003079', ''),
(642, 'S003079', 'S002281', ''),
(643, 'S002281', 'S008905', ''),
(644, 'S008905', 'S002281', ''),
(645, 'S002281', 'S007813', ''),
(646, 'S007813', 'S002281', ''),
(647, 'S002281', 'S003865', ''),
(648, 'S003865', 'S002281', ''),
(649, 'S002281', 'S008394', ''),
(650, 'S008394', 'S002281', ''),
(651, 'S002281', 'S004440', ''),
(652, 'S004440', 'S002281', ''),
(653, 'S002281', 'S003041', ''),
(654, 'S003041', 'S002281', ''),
(655, 'S002281', 'S007928', ''),
(656, 'S007928', 'S002281', ''),
(657, 'S002281', 'S006777', ''),
(658, 'S006777', 'S002281', ''),
(659, 'S002414', 'S003842', ''),
(660, 'S003842', 'S002414', ''),
(661, 'S002414', 'S004440', ''),
(662, 'S004440', 'S002414', ''),
(663, 'S002414', 'S001525', ''),
(664, 'S001525', 'S002414', ''),
(665, 'S002414', 'S008196', ''),
(666, 'S008196', 'S002414', ''),
(667, 'S002414', 'S007330', ''),
(668, 'S007330', 'S002414', ''),
(669, 'S002414', 'S007050', ''),
(670, 'S007050', 'S002414', ''),
(671, 'S002414', 'S005987', ''),
(672, 'S005987', 'S002414', ''),
(673, 'S002414', 'S003307', ''),
(674, 'S003307', 'S002414', ''),
(675, 'S002414', 'S003041', ''),
(676, 'S003041', 'S002414', ''),
(677, 'S002414', 'S003931', ''),
(678, 'S003931', 'S002414', ''),
(679, 'S002414', 'S009603', ''),
(680, 'S009603', 'S002414', ''),
(681, 'S002414', 'S009644', ''),
(682, 'S009644', 'S002414', ''),
(683, 'S002414', 'S009155', ''),
(684, 'S009155', 'S002414', ''),
(685, 'S002414', 'S004351', ''),
(686, 'S004351', 'S002414', ''),
(687, 'S002414', 'S005098', ''),
(688, 'S005098', 'S002414', ''),
(689, 'S002414', 'S005543', ''),
(690, 'S005543', 'S002414', ''),
(691, 'S002460', 'S006329', ''),
(692, 'S006329', 'S002460', ''),
(693, 'S002460', 'S006976', ''),
(694, 'S006976', 'S002460', ''),
(695, 'S002460', 'S004809', ''),
(696, 'S004809', 'S002460', ''),
(697, 'S002460', 'S004429', ''),
(698, 'S004429', 'S002460', ''),
(699, 'S002460', 'S001996', ''),
(700, 'S001996', 'S002460', ''),
(701, 'S002460', 'S007050', ''),
(702, 'S007050', 'S002460', ''),
(703, 'S002460', 'S009227', ''),
(704, 'S009227', 'S002460', ''),
(705, 'S002460', 'S009352', ''),
(706, 'S009352', 'S002460', ''),
(707, 'S002460', 'S002584', ''),
(708, 'S002584', 'S002460', ''),
(709, 'S002460', 'S004309', ''),
(710, 'S004309', 'S002460', ''),
(711, 'S002460', 'S009504', ''),
(712, 'S009504', 'S002460', ''),
(713, 'S002460', 'S006728', ''),
(714, 'S006728', 'S002460', ''),
(715, 'S002460', 'S005080', ''),
(716, 'S005080', 'S002460', ''),
(717, 'S002460', 'S003079', ''),
(718, 'S003079', 'S002460', ''),
(719, 'S002460', 'S003041', ''),
(720, 'S003041', 'S002460', ''),
(721, 'S002460', 'S009964', ''),
(722, 'S009964', 'S002460', ''),
(723, 'S002460', 'S009644', ''),
(724, 'S009644', 'S002460', ''),
(725, 'S002460', 'S003014', ''),
(726, 'S003014', 'S002460', ''),
(727, 'S002460', 'S006737', ''),
(728, 'S006737', 'S002460', ''),
(729, 'S002460', 'S007928', ''),
(730, 'S007928', 'S002460', ''),
(731, 'S002460', 'S007109', ''),
(732, 'S007109', 'S002460', ''),
(733, 'S002584', 'S008085', ''),
(734, 'S008085', 'S002584', ''),
(735, 'S002584', 'S008302', ''),
(736, 'S008302', 'S002584', ''),
(737, 'S002584', 'S003079', ''),
(738, 'S003079', 'S002584', ''),
(739, 'S002584', 'S007929', ''),
(740, 'S007929', 'S002584', ''),
(741, 'S002584', 'S002071', ''),
(742, 'S002071', 'S002584', ''),
(743, 'S002584', 'S008186', ''),
(744, 'S008186', 'S002584', ''),
(745, 'S002584', 'S009632', ''),
(746, 'S009632', 'S002584', ''),
(747, 'S002584', 'S002842', ''),
(748, 'S002842', 'S002584', ''),
(749, 'S002584', 'S004848', ''),
(750, 'S004848', 'S002584', ''),
(751, 'S002584', 'S006541', ''),
(752, 'S006541', 'S002584', ''),
(753, 'S002584', 'S004898', ''),
(754, 'S004898', 'S002584', ''),
(755, 'S002584', 'S005876', ''),
(756, 'S005876', 'S002584', ''),
(757, 'S002584', 'S002814', ''),
(758, 'S002814', 'S002584', ''),
(759, 'S002584', 'S007408', ''),
(760, 'S007408', 'S002584', ''),
(761, 'S002584', 'S009644', ''),
(762, 'S009644', 'S002584', ''),
(763, 'S002584', 'S005080', ''),
(764, 'S005080', 'S002584', ''),
(765, 'S002584', 'S006270', ''),
(766, 'S006270', 'S002584', ''),
(767, 'S002584', 'S009754', ''),
(768, 'S009754', 'S002584', ''),
(769, 'S002584', 'S006031', ''),
(770, 'S006031', 'S002584', ''),
(771, 'S002584', 'S004913', ''),
(772, 'S004913', 'S002584', ''),
(773, 'S002584', 'S007928', ''),
(774, 'S007928', 'S002584', ''),
(775, 'S002584', 'S002414', ''),
(776, 'S002414', 'S002584', ''),
(777, 'S002750', 'S001972', ''),
(778, 'S001972', 'S002750', ''),
(779, 'S002750', 'S006003', ''),
(780, 'S006003', 'S002750', ''),
(781, 'S002750', 'S009964', ''),
(782, 'S009964', 'S002750', ''),
(783, 'S002750', 'S007149', ''),
(784, 'S007149', 'S002750', ''),
(785, 'S002750', 'S005876', ''),
(786, 'S005876', 'S002750', ''),
(787, 'S002750', 'S003373', ''),
(788, 'S003373', 'S002750', ''),
(789, 'S002750', 'S007693', ''),
(790, 'S007693', 'S002750', ''),
(791, 'S002750', 'S003847', ''),
(792, 'S003847', 'S002750', ''),
(793, 'S002750', 'S004648', ''),
(794, 'S004648', 'S002750', ''),
(795, 'S002750', 'S001305', ''),
(796, 'S001305', 'S002750', ''),
(797, 'S002750', 'S009644', ''),
(798, 'S009644', 'S002750', ''),
(799, 'S002750', 'S008196', ''),
(800, 'S008196', 'S002750', ''),
(801, 'S002750', 'S009747', ''),
(802, 'S009747', 'S002750', ''),
(803, 'S002814', 'S009912', ''),
(804, 'S009912', 'S002814', ''),
(805, 'S002814', 'S004351', ''),
(806, 'S004351', 'S002814', ''),
(807, 'S002814', 'S009227', ''),
(808, 'S009227', 'S002814', ''),
(809, 'S002814', 'S008085', ''),
(810, 'S008085', 'S002814', ''),
(811, 'S002814', 'S004032', ''),
(812, 'S004032', 'S002814', ''),
(813, 'S002814', 'S003644', ''),
(814, 'S003644', 'S002814', ''),
(815, 'S002814', 'S009504', ''),
(816, 'S009504', 'S002814', ''),
(817, 'S002814', 'S007928', ''),
(818, 'S007928', 'S002814', ''),
(819, 'S002814', 'S006329', ''),
(820, 'S006329', 'S002814', ''),
(821, 'S002814', 'S008186', ''),
(822, 'S008186', 'S002814', ''),
(823, 'S002814', 'S003231', ''),
(824, 'S003231', 'S002814', ''),
(825, 'S002814', 'S006777', ''),
(826, 'S006777', 'S002814', ''),
(827, 'S002814', 'S006161', ''),
(828, 'S006161', 'S002814', ''),
(829, 'S002814', 'S009747', ''),
(830, 'S009747', 'S002814', ''),
(831, 'S002814', 'S005185', ''),
(832, 'S005185', 'S002814', ''),
(833, 'S002814', 'S004429', ''),
(834, 'S004429', 'S002814', ''),
(835, 'S002814', 'S008146', ''),
(836, 'S008146', 'S002814', ''),
(837, 'S002814', 'S004440', ''),
(838, 'S004440', 'S002814', ''),
(839, 'S002814', 'S001908', ''),
(840, 'S001908', 'S002814', ''),
(841, 'S002814', 'S003688', ''),
(842, 'S003688', 'S002814', ''),
(843, 'S002814', 'S009644', ''),
(844, 'S009644', 'S002814', ''),
(845, 'S002814', 'S009693', ''),
(846, 'S009693', 'S002814', ''),
(847, 'S002814', 'S007884', ''),
(848, 'S007884', 'S002814', ''),
(849, 'S002814', 'S004423', ''),
(850, 'S004423', 'S002814', ''),
(851, 'S002814', 'S008369', ''),
(852, 'S008369', 'S002814', ''),
(853, 'S002814', 'S009754', ''),
(854, 'S009754', 'S002814', ''),
(855, 'S002814', 'S007988', ''),
(856, 'S007988', 'S002814', ''),
(857, 'S002814', 'S003014', ''),
(858, 'S003014', 'S002814', ''),
(859, 'S002814', 'S004898', ''),
(860, 'S004898', 'S002814', ''),
(861, 'S002842', 'S005098', ''),
(862, 'S005098', 'S002842', ''),
(863, 'S002842', 'S008302', ''),
(864, 'S008302', 'S002842', ''),
(865, 'S002842', 'S009603', ''),
(866, 'S009603', 'S002842', ''),
(867, 'S002842', 'S003317', ''),
(868, 'S003317', 'S002842', ''),
(869, 'S002842', 'S002281', ''),
(870, 'S002281', 'S002842', ''),
(871, 'S002842', 'S009839', ''),
(872, 'S009839', 'S002842', ''),
(873, 'S002842', 'S003051', ''),
(874, 'S003051', 'S002842', ''),
(875, 'S002842', 'S004648', ''),
(876, 'S004648', 'S002842', ''),
(877, 'S002842', 'S003842', ''),
(878, 'S003842', 'S002842', ''),
(879, 'S002842', 'S003663', ''),
(880, 'S003663', 'S002842', ''),
(881, 'S002842', 'S004032', ''),
(882, 'S004032', 'S002842', ''),
(883, 'S002842', 'S003475', ''),
(884, 'S003475', 'S002842', ''),
(885, 'S002842', 'S009601', ''),
(886, 'S009601', 'S002842', ''),
(887, 'S002842', 'S005987', ''),
(888, 'S005987', 'S002842', ''),
(889, 'S002842', 'S003865', ''),
(890, 'S003865', 'S002842', ''),
(891, 'S002842', 'S009504', ''),
(892, 'S009504', 'S002842', ''),
(893, 'S002842', 'S006728', ''),
(894, 'S006728', 'S002842', ''),
(895, 'S002842', 'S009227', ''),
(896, 'S009227', 'S002842', ''),
(897, 'S002842', 'S003644', ''),
(898, 'S003644', 'S002842', ''),
(899, 'S002842', 'S004780', ''),
(900, 'S004780', 'S002842', ''),
(901, 'S002842', 'S006198', ''),
(902, 'S006198', 'S002842', ''),
(903, 'S002909', 'S007330', ''),
(904, 'S007330', 'S002909', ''),
(905, 'S002909', 'S009912', ''),
(906, 'S009912', 'S002909', ''),
(907, 'S002909', 'S005185', ''),
(908, 'S005185', 'S002909', ''),
(909, 'S002909', 'S008905', ''),
(910, 'S008905', 'S002909', ''),
(911, 'S002909', 'S004780', ''),
(912, 'S004780', 'S002909', ''),
(913, 'S002909', 'S002044', ''),
(914, 'S002044', 'S002909', ''),
(915, 'S002909', 'S007928', ''),
(916, 'S007928', 'S002909', ''),
(917, 'S002909', 'S005535', ''),
(918, 'S005535', 'S002909', ''),
(919, 'S002909', 'S003865', ''),
(920, 'S003865', 'S002909', ''),
(921, 'S002909', 'S004070', ''),
(922, 'S004070', 'S002909', ''),
(923, 'S002909', 'S006147', ''),
(924, 'S006147', 'S002909', ''),
(925, 'S002909', 'S007050', ''),
(926, 'S007050', 'S002909', ''),
(927, 'S002909', 'S006479', ''),
(928, 'S006479', 'S002909', ''),
(929, 'S002909', 'S003688', ''),
(930, 'S003688', 'S002909', ''),
(931, 'S002909', 'S005876', ''),
(932, 'S005876', 'S002909', ''),
(933, 'S002909', 'S009227', ''),
(934, 'S009227', 'S002909', ''),
(935, 'S002909', 'S009693', ''),
(936, 'S009693', 'S002909', ''),
(937, 'S002909', 'S001352', ''),
(938, 'S001352', 'S002909', ''),
(939, 'S002909', 'S004351', ''),
(940, 'S004351', 'S002909', ''),
(941, 'S003014', 'S004309', ''),
(942, 'S004309', 'S003014', ''),
(943, 'S003014', 'S003120', ''),
(944, 'S003120', 'S003014', ''),
(945, 'S003014', 'S007929', ''),
(946, 'S007929', 'S003014', ''),
(947, 'S003014', 'S003752', ''),
(948, 'S003752', 'S003014', ''),
(949, 'S003014', 'S002213', ''),
(950, 'S002213', 'S003014', ''),
(951, 'S003014', 'S004927', ''),
(952, 'S004927', 'S003014', ''),
(953, 'S003014', 'S008929', ''),
(954, 'S008929', 'S003014', ''),
(955, 'S003014', 'S005876', ''),
(956, 'S005876', 'S003014', ''),
(957, 'S003014', 'S005267', ''),
(958, 'S005267', 'S003014', ''),
(959, 'S003014', 'S001908', ''),
(960, 'S001908', 'S003014', ''),
(961, 'S003014', 'S009644', ''),
(962, 'S009644', 'S003014', ''),
(963, 'S003014', 'S004780', ''),
(964, 'S004780', 'S003014', ''),
(965, 'S003014', 'S004351', ''),
(966, 'S004351', 'S003014', ''),
(967, 'S003014', 'S004032', ''),
(968, 'S004032', 'S003014', ''),
(969, 'S003014', 'S004458', ''),
(970, 'S004458', 'S003014', ''),
(971, 'S003014', 'S002909', ''),
(972, 'S002909', 'S003014', ''),
(973, 'S003014', 'S004848', ''),
(974, 'S004848', 'S003014', ''),
(975, 'S003014', 'S005987', ''),
(976, 'S005987', 'S003014', ''),
(977, 'S003014', 'S002842', ''),
(978, 'S002842', 'S003014', ''),
(979, 'S003014', 'S004494', ''),
(980, 'S004494', 'S003014', ''),
(981, 'S003014', 'S001996', ''),
(982, 'S001996', 'S003014', ''),
(983, 'S003014', 'S003051', ''),
(984, 'S003051', 'S003014', ''),
(985, 'S003014', 'S008343', ''),
(986, 'S008343', 'S003014', ''),
(987, 'S003014', 'S003644', ''),
(988, 'S003644', 'S003014', ''),
(989, 'S003014', 'S005098', ''),
(990, 'S005098', 'S003014', ''),
(991, 'S003014', 'S007979', ''),
(992, 'S007979', 'S003014', ''),
(993, 'S003041', 'S003865', ''),
(994, 'S003865', 'S003041', ''),
(995, 'S003041', 'S009809', ''),
(996, 'S009809', 'S003041', ''),
(997, 'S003041', 'S002071', ''),
(998, 'S002071', 'S003041', ''),
(999, 'S003041', 'S003930', ''),
(1000, 'S003930', 'S003041', ''),
(1001, 'S003041', 'S006541', ''),
(1002, 'S006541', 'S003041', ''),
(1003, 'S003041', 'S002814', ''),
(1004, 'S002814', 'S003041', ''),
(1005, 'S003041', 'S006976', ''),
(1006, 'S006976', 'S003041', ''),
(1007, 'S003041', 'S002238', ''),
(1008, 'S002238', 'S003041', ''),
(1009, 'S003041', 'S001908', ''),
(1010, 'S001908', 'S003041', ''),
(1011, 'S003051', 'S005987', ''),
(1012, 'S005987', 'S003051', ''),
(1013, 'S003051', 'S007979', ''),
(1014, 'S007979', 'S003051', ''),
(1015, 'S003051', 'S007330', ''),
(1016, 'S007330', 'S003051', ''),
(1017, 'S003051', 'S005876', ''),
(1018, 'S005876', 'S003051', ''),
(1019, 'S003051', 'S007929', ''),
(1020, 'S007929', 'S003051', ''),
(1021, 'S003051', 'S001525', ''),
(1022, 'S001525', 'S003051', ''),
(1023, 'S003051', 'S007148', ''),
(1024, 'S007148', 'S003051', ''),
(1025, 'S003051', 'S001996', ''),
(1026, 'S001996', 'S003051', ''),
(1027, 'S003051', 'S005273', ''),
(1028, 'S005273', 'S003051', ''),
(1029, 'S003051', 'S003231', ''),
(1030, 'S003231', 'S003051', ''),
(1031, 'S003051', 'S004070', ''),
(1032, 'S004070', 'S003051', ''),
(1033, 'S003051', 'S004500', ''),
(1034, 'S004500', 'S003051', ''),
(1035, 'S003051', 'S006198', ''),
(1036, 'S006198', 'S003051', ''),
(1037, 'S003051', 'S002814', ''),
(1038, 'S002814', 'S003051', ''),
(1039, 'S003051', 'S009912', ''),
(1040, 'S009912', 'S003051', ''),
(1041, 'S003051', 'S007408', ''),
(1042, 'S007408', 'S003051', ''),
(1043, 'S003051', 'S004927', ''),
(1044, 'S004927', 'S003051', ''),
(1045, 'S003051', 'S003688', ''),
(1046, 'S003688', 'S003051', ''),
(1047, 'S003051', 'S006728', ''),
(1048, 'S006728', 'S003051', ''),
(1049, 'S003051', 'S003663', ''),
(1050, 'S003663', 'S003051', ''),
(1051, 'S003051', 'S006270', ''),
(1052, 'S006270', 'S003051', ''),
(1053, 'S003051', 'S006329', ''),
(1054, 'S006329', 'S003051', ''),
(1055, 'S003051', 'S006541', ''),
(1056, 'S006541', 'S003051', ''),
(1057, 'S003051', 'S004648', ''),
(1058, 'S004648', 'S003051', ''),
(1059, 'S003051', 'S001908', ''),
(1060, 'S001908', 'S003051', ''),
(1061, 'S003051', 'S008588', ''),
(1062, 'S008588', 'S003051', ''),
(1063, 'S003052', 'S002281', ''),
(1064, 'S002281', 'S003052', ''),
(1065, 'S003052', 'S008186', ''),
(1066, 'S008186', 'S003052', ''),
(1067, 'S003052', 'S008361', ''),
(1068, 'S008361', 'S003052', ''),
(1069, 'S003052', 'S003644', ''),
(1070, 'S003644', 'S003052', ''),
(1071, 'S003052', 'S001352', ''),
(1072, 'S001352', 'S003052', ''),
(1073, 'S003052', 'S006270', ''),
(1074, 'S006270', 'S003052', ''),
(1075, 'S003079', 'S003307', ''),
(1076, 'S003307', 'S003079', ''),
(1077, 'S003079', 'S006777', ''),
(1078, 'S006777', 'S003079', ''),
(1079, 'S003079', 'S007689', ''),
(1080, 'S007689', 'S003079', ''),
(1081, 'S003079', 'S009754', ''),
(1082, 'S009754', 'S003079', ''),
(1083, 'S003079', 'S005543', ''),
(1084, 'S005543', 'S003079', ''),
(1085, 'S003079', 'S008407', ''),
(1086, 'S008407', 'S003079', ''),
(1087, 'S003079', 'S005982', ''),
(1088, 'S005982', 'S003079', ''),
(1089, 'S003079', 'S005987', ''),
(1090, 'S005987', 'S003079', ''),
(1091, 'S003079', 'S008940', ''),
(1092, 'S008940', 'S003079', ''),
(1093, 'S003079', 'S008186', ''),
(1094, 'S008186', 'S003079', ''),
(1095, 'S003079', 'S005080', ''),
(1096, 'S005080', 'S003079', ''),
(1097, 'S003079', 'S004070', ''),
(1098, 'S004070', 'S003079', ''),
(1099, 'S003079', 'S007693', ''),
(1100, 'S007693', 'S003079', ''),
(1101, 'S003079', 'S003120', ''),
(1102, 'S003120', 'S003079', ''),
(1103, 'S003079', 'S008300', ''),
(1104, 'S008300', 'S003079', ''),
(1105, 'S003079', 'S006270', ''),
(1106, 'S006270', 'S003079', ''),
(1107, 'S003079', 'S003457', ''),
(1108, 'S003457', 'S003079', ''),
(1109, 'S003079', 'S004848', ''),
(1110, 'S004848', 'S003079', ''),
(1111, 'S003079', 'S006031', ''),
(1112, 'S006031', 'S003079', ''),
(1113, 'S003079', 'S008343', ''),
(1114, 'S008343', 'S003079', ''),
(1115, 'S003079', 'S004494', ''),
(1116, 'S004494', 'S003079', ''),
(1117, 'S003079', 'S003317', ''),
(1118, 'S003317', 'S003079', ''),
(1119, 'S003079', 'S009322', ''),
(1120, 'S009322', 'S003079', ''),
(1121, 'S003079', 'S003041', ''),
(1122, 'S003041', 'S003079', ''),
(1123, 'S003079', 'S002044', ''),
(1124, 'S002044', 'S003079', ''),
(1125, 'S003079', 'S006329', ''),
(1126, 'S006329', 'S003079', ''),
(1127, 'S003079', 'S007934', ''),
(1128, 'S007934', 'S003079', ''),
(1129, 'S003079', 'S009769', ''),
(1130, 'S009769', 'S003079', ''),
(1131, 'S003079', 'S008774', ''),
(1132, 'S008774', 'S003079', ''),
(1133, 'S003120', 'S009693', ''),
(1134, 'S009693', 'S003120', ''),
(1135, 'S003120', 'S005080', ''),
(1136, 'S005080', 'S003120', ''),
(1137, 'S003120', 'S009632', ''),
(1138, 'S009632', 'S003120', ''),
(1139, 'S003120', 'S008186', ''),
(1140, 'S008186', 'S003120', ''),
(1141, 'S003120', 'S007689', ''),
(1142, 'S007689', 'S003120', ''),
(1143, 'S003120', 'S009912', ''),
(1144, 'S009912', 'S003120', ''),
(1145, 'S003120', 'S004809', ''),
(1146, 'S004809', 'S003120', ''),
(1147, 'S003120', 'S009227', ''),
(1148, 'S009227', 'S003120', ''),
(1149, 'S003120', 'S008407', ''),
(1150, 'S008407', 'S003120', ''),
(1151, 'S003120', 'S007988', ''),
(1152, 'S007988', 'S003120', ''),
(1153, 'S003120', 'S008588', ''),
(1154, 'S008588', 'S003120', ''),
(1155, 'S003120', 'S004032', ''),
(1156, 'S004032', 'S003120', ''),
(1157, 'S003120', 'S004423', ''),
(1158, 'S004423', 'S003120', ''),
(1159, 'S003120', 'S007672', ''),
(1160, 'S007672', 'S003120', ''),
(1161, 'S003120', 'S008146', ''),
(1162, 'S008146', 'S003120', ''),
(1163, 'S003120', 'S009155', ''),
(1164, 'S009155', 'S003120', ''),
(1165, 'S003120', 'S003475', ''),
(1166, 'S003475', 'S003120', ''),
(1167, 'S003230', 'S003931', ''),
(1168, 'S003931', 'S003230', ''),
(1169, 'S003230', 'S008244', ''),
(1170, 'S008244', 'S003230', ''),
(1171, 'S003230', 'S006728', ''),
(1172, 'S006728', 'S003230', ''),
(1173, 'S003230', 'S001996', ''),
(1174, 'S001996', 'S003230', ''),
(1175, 'S003230', 'S007929', ''),
(1176, 'S007929', 'S003230', ''),
(1177, 'S003230', 'S003051', ''),
(1178, 'S003051', 'S003230', ''),
(1179, 'S003230', 'S002842', ''),
(1180, 'S002842', 'S003230', ''),
(1181, 'S003230', 'S005987', ''),
(1182, 'S005987', 'S003230', ''),
(1183, 'S003230', 'S008146', ''),
(1184, 'S008146', 'S003230', ''),
(1185, 'S003230', 'S001867', ''),
(1186, 'S001867', 'S003230', ''),
(1187, 'S003230', 'S006460', ''),
(1188, 'S006460', 'S003230', ''),
(1189, 'S003230', 'S008369', ''),
(1190, 'S008369', 'S003230', ''),
(1191, 'S003230', 'S003231', ''),
(1192, 'S003231', 'S003230', ''),
(1193, 'S003230', 'S003052', ''),
(1194, 'S003052', 'S003230', ''),
(1195, 'S003230', 'S008940', ''),
(1196, 'S008940', 'S003230', ''),
(1197, 'S003230', 'S005080', ''),
(1198, 'S005080', 'S003230', ''),
(1199, 'S003231', 'S008361', ''),
(1200, 'S008361', 'S003231', ''),
(1201, 'S003231', 'S004429', ''),
(1202, 'S004429', 'S003231', ''),
(1203, 'S003231', 'S008244', ''),
(1204, 'S008244', 'S003231', ''),
(1205, 'S003231', 'S009754', ''),
(1206, 'S009754', 'S003231', ''),
(1207, 'S003231', 'S001305', ''),
(1208, 'S001305', 'S003231', ''),
(1209, 'S003231', 'S008302', ''),
(1210, 'S008302', 'S003231', ''),
(1211, 'S003231', 'S005535', ''),
(1212, 'S005535', 'S003231', ''),
(1213, 'S003231', 'S007238', ''),
(1214, 'S007238', 'S003231', ''),
(1215, 'S003231', 'S003457', ''),
(1216, 'S003457', 'S003231', ''),
(1217, 'S003231', 'S008588', ''),
(1218, 'S008588', 'S003231', ''),
(1219, 'S003231', 'S007929', ''),
(1220, 'S007929', 'S003231', ''),
(1221, 'S003231', 'S008407', ''),
(1222, 'S008407', 'S003231', ''),
(1223, 'S003231', 'S007928', ''),
(1224, 'S007928', 'S003231', ''),
(1225, 'S003231', 'S001383', ''),
(1226, 'S001383', 'S003231', ''),
(1227, 'S003231', 'S007408', ''),
(1228, 'S007408', 'S003231', ''),
(1229, 'S003231', 'S009795', ''),
(1230, 'S009795', 'S003231', ''),
(1231, 'S003231', 'S004927', ''),
(1232, 'S004927', 'S003231', ''),
(1233, 'S003307', 'S003930', ''),
(1234, 'S003930', 'S003307', ''),
(1235, 'S003307', 'S002044', ''),
(1236, 'S002044', 'S003307', ''),
(1237, 'S003307', 'S002842', ''),
(1238, 'S002842', 'S003307', ''),
(1239, 'S003307', 'S009693', ''),
(1240, 'S009693', 'S003307', ''),
(1241, 'S003307', 'S006460', ''),
(1242, 'S006460', 'S003307', ''),
(1243, 'S003307', 'S005273', ''),
(1244, 'S005273', 'S003307', ''),
(1245, 'S003307', 'S007217', ''),
(1246, 'S007217', 'S003307', ''),
(1247, 'S003307', 'S004379', ''),
(1248, 'S004379', 'S003307', ''),
(1249, 'S003307', 'S003954', ''),
(1250, 'S003954', 'S003307', ''),
(1251, 'S003307', 'S004648', ''),
(1252, 'S004648', 'S003307', ''),
(1253, 'S003307', 'S008394', ''),
(1254, 'S008394', 'S003307', ''),
(1255, 'S003307', 'S006541', ''),
(1256, 'S006541', 'S003307', ''),
(1257, 'S003307', 'S006031', ''),
(1258, 'S006031', 'S003307', ''),
(1259, 'S003307', 'S006198', ''),
(1260, 'S006198', 'S003307', ''),
(1261, 'S003307', 'S005987', ''),
(1262, 'S005987', 'S003307', ''),
(1263, 'S003307', 'S007693', ''),
(1264, 'S007693', 'S003307', ''),
(1265, 'S003307', 'S006270', ''),
(1266, 'S006270', 'S003307', ''),
(1267, 'S003307', 'S008186', ''),
(1268, 'S008186', 'S003307', ''),
(1269, 'S003307', 'S008905', ''),
(1270, 'S008905', 'S003307', ''),
(1271, 'S003317', 'S004351', ''),
(1272, 'S004351', 'S003317', ''),
(1273, 'S003317', 'S005267', ''),
(1274, 'S005267', 'S003317', ''),
(1275, 'S003317', 'S003977', ''),
(1276, 'S003977', 'S003317', ''),
(1277, 'S003317', 'S001970', ''),
(1278, 'S001970', 'S003317', ''),
(1279, 'S003317', 'S009155', ''),
(1280, 'S009155', 'S003317', ''),
(1281, 'S003317', 'S009754', ''),
(1282, 'S009754', 'S003317', ''),
(1283, 'S003317', 'S002814', ''),
(1284, 'S002814', 'S003317', ''),
(1285, 'S003317', 'S004379', ''),
(1286, 'S004379', 'S003317', ''),
(1287, 'S003317', 'S007934', ''),
(1288, 'S007934', 'S003317', ''),
(1289, 'S003317', 'S002234', ''),
(1290, 'S002234', 'S003317', ''),
(1291, 'S003317', 'S007330', ''),
(1292, 'S007330', 'S003317', ''),
(1293, 'S003317', 'S006270', ''),
(1294, 'S006270', 'S003317', ''),
(1295, 'S003317', 'S006782', ''),
(1296, 'S006782', 'S003317', ''),
(1297, 'S003317', 'S003663', ''),
(1298, 'S003663', 'S003317', ''),
(1299, 'S003317', 'S009352', ''),
(1300, 'S009352', 'S003317', ''),
(1301, 'S003317', 'S001525', ''),
(1302, 'S001525', 'S003317', ''),
(1303, 'S003317', 'S002750', ''),
(1304, 'S002750', 'S003317', ''),
(1305, 'S003373', 'S006541', ''),
(1306, 'S006541', 'S003373', ''),
(1307, 'S003373', 'S005876', ''),
(1308, 'S005876', 'S003373', ''),
(1309, 'S003373', 'S009603', ''),
(1310, 'S009603', 'S003373', ''),
(1311, 'S003373', 'S004500', ''),
(1312, 'S004500', 'S003373', ''),
(1313, 'S003373', 'S005442', ''),
(1314, 'S005442', 'S003373', ''),
(1315, 'S003373', 'S009504', ''),
(1316, 'S009504', 'S003373', ''),
(1317, 'S003373', 'S001972', ''),
(1318, 'S001972', 'S003373', ''),
(1319, 'S003373', 'S005987', ''),
(1320, 'S005987', 'S003373', ''),
(1321, 'S003373', 'S003079', ''),
(1322, 'S003079', 'S003373', ''),
(1323, 'S003373', 'S004379', ''),
(1324, 'S004379', 'S003373', ''),
(1325, 'S003373', 'S008302', ''),
(1326, 'S008302', 'S003373', ''),
(1327, 'S003373', 'S008146', ''),
(1328, 'S008146', 'S003373', ''),
(1329, 'S003373', 'S005185', ''),
(1330, 'S005185', 'S003373', ''),
(1331, 'S003373', 'S003041', ''),
(1332, 'S003041', 'S003373', ''),
(1333, 'S003373', 'S007217', ''),
(1334, 'S007217', 'S003373', ''),
(1335, 'S003373', 'S001146', ''),
(1336, 'S001146', 'S003373', ''),
(1337, 'S003373', 'S005535', ''),
(1338, 'S005535', 'S003373', ''),
(1339, 'S003457', 'S003644', ''),
(1340, 'S003644', 'S003457', ''),
(1341, 'S003457', 'S001972', ''),
(1342, 'S001972', 'S003457', ''),
(1343, 'S003457', 'S007979', ''),
(1344, 'S007979', 'S003457', ''),
(1345, 'S003457', 'S004379', ''),
(1346, 'S004379', 'S003457', ''),
(1347, 'S003457', 'S002281', ''),
(1348, 'S002281', 'S003457', ''),
(1349, 'S003457', 'S006198', ''),
(1350, 'S006198', 'S003457', ''),
(1351, 'S003457', 'S007408', ''),
(1352, 'S007408', 'S003457', ''),
(1353, 'S003457', 'S007109', ''),
(1354, 'S007109', 'S003457', ''),
(1355, 'S003457', 'S002460', ''),
(1356, 'S002460', 'S003457', ''),
(1357, 'S003457', 'S009604', ''),
(1358, 'S009604', 'S003457', ''),
(1359, 'S003457', 'S008940', ''),
(1360, 'S008940', 'S003457', ''),
(1361, 'S003457', 'S006460', ''),
(1362, 'S006460', 'S003457', ''),
(1363, 'S003457', 'S007149', ''),
(1364, 'S007149', 'S003457', ''),
(1365, 'S003457', 'S006777', ''),
(1366, 'S006777', 'S003457', ''),
(1367, 'S003457', 'S008905', ''),
(1368, 'S008905', 'S003457', ''),
(1369, 'S003457', 'S004780', ''),
(1370, 'S004780', 'S003457', ''),
(1371, 'S003457', 'S007693', ''),
(1372, 'S007693', 'S003457', ''),
(1373, 'S003457', 'S004848', ''),
(1374, 'S004848', 'S003457', ''),
(1375, 'S003457', 'S003120', ''),
(1376, 'S003120', 'S003457', ''),
(1377, 'S003457', 'S009693', ''),
(1378, 'S009693', 'S003457', ''),
(1379, 'S003457', 'S005185', ''),
(1380, 'S005185', 'S003457', ''),
(1381, 'S003457', 'S003931', ''),
(1382, 'S003931', 'S003457', ''),
(1383, 'S003457', 'S001867', ''),
(1384, 'S001867', 'S003457', ''),
(1385, 'S003457', 'S004429', ''),
(1386, 'S004429', 'S003457', ''),
(1387, 'S003457', 'S005696', ''),
(1388, 'S005696', 'S003457', ''),
(1389, 'S003457', 'S002414', ''),
(1390, 'S002414', 'S003457', ''),
(1391, 'S003475', 'S006003', ''),
(1392, 'S006003', 'S003475', ''),
(1393, 'S003475', 'S003317', ''),
(1394, 'S003317', 'S003475', ''),
(1395, 'S003475', 'S002414', ''),
(1396, 'S002414', 'S003475', ''),
(1397, 'S003475', 'S003842', ''),
(1398, 'S003842', 'S003475', ''),
(1399, 'S003475', 'S007050', ''),
(1400, 'S007050', 'S003475', ''),
(1401, 'S003475', 'S005273', ''),
(1402, 'S005273', 'S003475', ''),
(1403, 'S003475', 'S007813', ''),
(1404, 'S007813', 'S003475', ''),
(1405, 'S003475', 'S008300', ''),
(1406, 'S008300', 'S003475', ''),
(1407, 'S003475', 'S003457', ''),
(1408, 'S003457', 'S003475', ''),
(1409, 'S003475', 'S007884', ''),
(1410, 'S007884', 'S003475', ''),
(1411, 'S003475', 'S005098', ''),
(1412, 'S005098', 'S003475', ''),
(1413, 'S003644', 'S006541', ''),
(1414, 'S006541', 'S003644', ''),
(1415, 'S003644', 'S004809', ''),
(1416, 'S004809', 'S003644', ''),
(1417, 'S003644', 'S007408', ''),
(1418, 'S007408', 'S003644', ''),
(1419, 'S003644', 'S009379', ''),
(1420, 'S009379', 'S003644', ''),
(1421, 'S003644', 'S003752', ''),
(1422, 'S003752', 'S003644', ''),
(1423, 'S003644', 'S009644', ''),
(1424, 'S009644', 'S003644', ''),
(1425, 'S003644', 'S007149', ''),
(1426, 'S007149', 'S003644', ''),
(1427, 'S003644', 'S004913', ''),
(1428, 'S004913', 'S003644', ''),
(1429, 'S003644', 'S005543', ''),
(1430, 'S005543', 'S003644', ''),
(1431, 'S003644', 'S008343', ''),
(1432, 'S008343', 'S003644', ''),
(1433, 'S003644', 'S002909', ''),
(1434, 'S002909', 'S003644', ''),
(1435, 'S003663', 'S009601', ''),
(1436, 'S009601', 'S003663', ''),
(1437, 'S003663', 'S003688', ''),
(1438, 'S003688', 'S003663', ''),
(1439, 'S003663', 'S006728', ''),
(1440, 'S006728', 'S003663', ''),
(1441, 'S003663', 'S002044', ''),
(1442, 'S002044', 'S003663', ''),
(1443, 'S003663', 'S001972', ''),
(1444, 'S001972', 'S003663', ''),
(1445, 'S003663', 'S001146', ''),
(1446, 'S001146', 'S003663', ''),
(1447, 'S003663', 'S002414', ''),
(1448, 'S002414', 'S003663', ''),
(1449, 'S003663', 'S008196', ''),
(1450, 'S008196', 'S003663', ''),
(1451, 'S003663', 'S001970', ''),
(1452, 'S001970', 'S003663', ''),
(1453, 'S003663', 'S006031', ''),
(1454, 'S006031', 'S003663', ''),
(1455, 'S003663', 'S009322', ''),
(1456, 'S009322', 'S003663', ''),
(1457, 'S003663', 'S007330', ''),
(1458, 'S007330', 'S003663', ''),
(1459, 'S003663', 'S004848', ''),
(1460, 'S004848', 'S003663', ''),
(1461, 'S003663', 'S005696', ''),
(1462, 'S005696', 'S003663', ''),
(1463, 'S003663', 'S003079', ''),
(1464, 'S003079', 'S003663', ''),
(1465, 'S003663', 'S009839', ''),
(1466, 'S009839', 'S003663', ''),
(1467, 'S003663', 'S009964', ''),
(1468, 'S009964', 'S003663', ''),
(1469, 'S003663', 'S005535', ''),
(1470, 'S005535', 'S003663', ''),
(1471, 'S003663', 'S004648', ''),
(1472, 'S004648', 'S003663', ''),
(1473, 'S003663', 'S008244', ''),
(1474, 'S008244', 'S003663', ''),
(1475, 'S003663', 'S006782', ''),
(1476, 'S006782', 'S003663', ''),
(1477, 'S003663', 'S009644', ''),
(1478, 'S009644', 'S003663', ''),
(1479, 'S003663', 'S008394', ''),
(1480, 'S008394', 'S003663', ''),
(1481, 'S003663', 'S009604', ''),
(1482, 'S009604', 'S003663', ''),
(1483, 'S003663', 'S008369', ''),
(1484, 'S008369', 'S003663', ''),
(1485, 'S003688', 'S009296', ''),
(1486, 'S009296', 'S003688', ''),
(1487, 'S003688', 'S006728', ''),
(1488, 'S006728', 'S003688', ''),
(1489, 'S003688', 'S004070', ''),
(1490, 'S004070', 'S003688', ''),
(1491, 'S003688', 'S006031', ''),
(1492, 'S006031', 'S003688', ''),
(1493, 'S003688', 'S001383', ''),
(1494, 'S001383', 'S003688', ''),
(1495, 'S003688', 'S001352', ''),
(1496, 'S001352', 'S003688', ''),
(1497, 'S003688', 'S009795', ''),
(1498, 'S009795', 'S003688', ''),
(1499, 'S003688', 'S003954', ''),
(1500, 'S003954', 'S003688', ''),
(1501, 'S003688', 'S005442', ''),
(1502, 'S005442', 'S003688', ''),
(1503, 'S003688', 'S003307', ''),
(1504, 'S003307', 'S003688', ''),
(1505, 'S003688', 'S007672', ''),
(1506, 'S007672', 'S003688', ''),
(1507, 'S003688', 'S009352', ''),
(1508, 'S009352', 'S003688', ''),
(1509, 'S003688', 'S009912', ''),
(1510, 'S009912', 'S003688', ''),
(1511, 'S003688', 'S006198', ''),
(1512, 'S006198', 'S003688', ''),
(1513, 'S003688', 'S005535', ''),
(1514, 'S005535', 'S003688', ''),
(1515, 'S003688', 'S006003', ''),
(1516, 'S006003', 'S003688', ''),
(1517, 'S003688', 'S004309', ''),
(1518, 'S004309', 'S003688', ''),
(1519, 'S003688', 'S007330', ''),
(1520, 'S007330', 'S003688', ''),
(1521, 'S003688', 'S003014', ''),
(1522, 'S003014', 'S003688', ''),
(1523, 'S003688', 'S003231', ''),
(1524, 'S003231', 'S003688', ''),
(1525, 'S003688', 'S009155', ''),
(1526, 'S009155', 'S003688', ''),
(1527, 'S003688', 'S001156', ''),
(1528, 'S001156', 'S003688', ''),
(1529, 'S003688', 'S005987', ''),
(1530, 'S005987', 'S003688', ''),
(1531, 'S003688', 'S004648', ''),
(1532, 'S004648', 'S003688', ''),
(1533, 'S003688', 'S009227', ''),
(1534, 'S009227', 'S003688', ''),
(1535, 'S003688', 'S007701', ''),
(1536, 'S007701', 'S003688', ''),
(1537, 'S003688', 'S008196', ''),
(1538, 'S008196', 'S003688', ''),
(1539, 'S003752', 'S003688', ''),
(1540, 'S003688', 'S003752', ''),
(1541, 'S003752', 'S008343', ''),
(1542, 'S008343', 'S003752', ''),
(1543, 'S003752', 'S009603', ''),
(1544, 'S009603', 'S003752', ''),
(1545, 'S003752', 'S006147', ''),
(1546, 'S006147', 'S003752', ''),
(1547, 'S003752', 'S003120', ''),
(1548, 'S003120', 'S003752', ''),
(1549, 'S003752', 'S006728', ''),
(1550, 'S006728', 'S003752', ''),
(1551, 'S003752', 'S007148', ''),
(1552, 'S007148', 'S003752', ''),
(1553, 'S003752', 'S008085', ''),
(1554, 'S008085', 'S003752', ''),
(1555, 'S003752', 'S003307', ''),
(1556, 'S003307', 'S003752', ''),
(1557, 'S003752', 'S003663', ''),
(1558, 'S003663', 'S003752', ''),
(1559, 'S003752', 'S002281', ''),
(1560, 'S002281', 'S003752', ''),
(1561, 'S003752', 'S004500', ''),
(1562, 'S004500', 'S003752', ''),
(1563, 'S003752', 'S004898', ''),
(1564, 'S004898', 'S003752', ''),
(1565, 'S003842', 'S007928', ''),
(1566, 'S007928', 'S003842', ''),
(1567, 'S003842', 'S004780', ''),
(1568, 'S004780', 'S003842', ''),
(1569, 'S003842', 'S003954', ''),
(1570, 'S003954', 'S003842', ''),
(1571, 'S003842', 'S002234', ''),
(1572, 'S002234', 'S003842', ''),
(1573, 'S003842', 'S009769', ''),
(1574, 'S009769', 'S003842', ''),
(1575, 'S003842', 'S005982', ''),
(1576, 'S005982', 'S003842', ''),
(1577, 'S003842', 'S003373', ''),
(1578, 'S003373', 'S003842', ''),
(1579, 'S003842', 'S008407', ''),
(1580, 'S008407', 'S003842', ''),
(1581, 'S003842', 'S001156', ''),
(1582, 'S001156', 'S003842', ''),
(1583, 'S003842', 'S007701', ''),
(1584, 'S007701', 'S003842', ''),
(1585, 'S003842', 'S005535', ''),
(1586, 'S005535', 'S003842', ''),
(1587, 'S003842', 'S007689', ''),
(1588, 'S007689', 'S003842', '');
INSERT INTO `Friendship` (`ID`, `FIRST_USER_ID`, `SECOND_USER_ID`, `MESSAGE`) VALUES
(1589, 'S003842', 'S008146', ''),
(1590, 'S008146', 'S003842', ''),
(1591, 'S003842', 'S006737', ''),
(1592, 'S006737', 'S003842', ''),
(1593, 'S003842', 'S008302', ''),
(1594, 'S008302', 'S003842', ''),
(1595, 'S003842', 'S005098', ''),
(1596, 'S005098', 'S003842', ''),
(1597, 'S003842', 'S006161', ''),
(1598, 'S006161', 'S003842', ''),
(1599, 'S003842', 'S004913', ''),
(1600, 'S004913', 'S003842', ''),
(1601, 'S003847', 'S004070', ''),
(1602, 'S004070', 'S003847', ''),
(1603, 'S003847', 'S003230', ''),
(1604, 'S003230', 'S003847', ''),
(1605, 'S003847', 'S009964', ''),
(1606, 'S009964', 'S003847', ''),
(1607, 'S003847', 'S004927', ''),
(1608, 'S004927', 'S003847', ''),
(1609, 'S003847', 'S009322', ''),
(1610, 'S009322', 'S003847', ''),
(1611, 'S003847', 'S004848', ''),
(1612, 'S004848', 'S003847', ''),
(1613, 'S003847', 'S003373', ''),
(1614, 'S003373', 'S003847', ''),
(1615, 'S003847', 'S004423', ''),
(1616, 'S004423', 'S003847', ''),
(1617, 'S003847', 'S004898', ''),
(1618, 'S004898', 'S003847', ''),
(1619, 'S003847', 'S002071', ''),
(1620, 'S002071', 'S003847', ''),
(1621, 'S003847', 'S009379', ''),
(1622, 'S009379', 'S003847', ''),
(1623, 'S003847', 'S003307', ''),
(1624, 'S003307', 'S003847', ''),
(1625, 'S003847', 'S001972', ''),
(1626, 'S001972', 'S003847', ''),
(1627, 'S003847', 'S001525', ''),
(1628, 'S001525', 'S003847', ''),
(1629, 'S003847', 'S009795', ''),
(1630, 'S009795', 'S003847', ''),
(1631, 'S003847', 'S005987', ''),
(1632, 'S005987', 'S003847', ''),
(1633, 'S003847', 'S008244', ''),
(1634, 'S008244', 'S003847', ''),
(1635, 'S003847', 'S004458', ''),
(1636, 'S004458', 'S003847', ''),
(1637, 'S003847', 'S007934', ''),
(1638, 'S007934', 'S003847', ''),
(1639, 'S003847', 'S007672', ''),
(1640, 'S007672', 'S003847', ''),
(1641, 'S003847', 'S005442', ''),
(1642, 'S005442', 'S003847', ''),
(1643, 'S003847', 'S002238', ''),
(1644, 'S002238', 'S003847', ''),
(1645, 'S003847', 'S009809', ''),
(1646, 'S009809', 'S003847', ''),
(1647, 'S003847', 'S003457', ''),
(1648, 'S003457', 'S003847', ''),
(1649, 'S003847', 'S005535', ''),
(1650, 'S005535', 'S003847', ''),
(1651, 'S003847', 'S009604', ''),
(1652, 'S009604', 'S003847', ''),
(1653, 'S003847', 'S003688', ''),
(1654, 'S003688', 'S003847', ''),
(1655, 'S003847', 'S001305', ''),
(1656, 'S001305', 'S003847', ''),
(1657, 'S003847', 'S003079', ''),
(1658, 'S003079', 'S003847', ''),
(1659, 'S003865', 'S004458', ''),
(1660, 'S004458', 'S003865', ''),
(1661, 'S003865', 'S006031', ''),
(1662, 'S006031', 'S003865', ''),
(1663, 'S003865', 'S009379', ''),
(1664, 'S009379', 'S003865', ''),
(1665, 'S003865', 'S004429', ''),
(1666, 'S004429', 'S003865', ''),
(1667, 'S003865', 'S007148', ''),
(1668, 'S007148', 'S003865', ''),
(1669, 'S003865', 'S008905', ''),
(1670, 'S008905', 'S003865', ''),
(1671, 'S003865', 'S004440', ''),
(1672, 'S004440', 'S003865', ''),
(1673, 'S003865', 'S002584', ''),
(1674, 'S002584', 'S003865', ''),
(1675, 'S003865', 'S007928', ''),
(1676, 'S007928', 'S003865', ''),
(1677, 'S003865', 'S003052', ''),
(1678, 'S003052', 'S003865', ''),
(1679, 'S003865', 'S007408', ''),
(1680, 'S007408', 'S003865', ''),
(1681, 'S003865', 'S004070', ''),
(1682, 'S004070', 'S003865', ''),
(1683, 'S003865', 'S006198', ''),
(1684, 'S006198', 'S003865', ''),
(1685, 'S003865', 'S005535', ''),
(1686, 'S005535', 'S003865', ''),
(1687, 'S003865', 'S009769', ''),
(1688, 'S009769', 'S003865', ''),
(1689, 'S003865', 'S009601', ''),
(1690, 'S009601', 'S003865', ''),
(1691, 'S003865', 'S005876', ''),
(1692, 'S005876', 'S003865', ''),
(1693, 'S003865', 'S003120', ''),
(1694, 'S003120', 'S003865', ''),
(1695, 'S003865', 'S007149', ''),
(1696, 'S007149', 'S003865', ''),
(1697, 'S003865', 'S009504', ''),
(1698, 'S009504', 'S003865', ''),
(1699, 'S003931', 'S004848', ''),
(1700, 'S004848', 'S003931', ''),
(1701, 'S003931', 'S001908', ''),
(1702, 'S001908', 'S003931', ''),
(1703, 'S003931', 'S004494', ''),
(1704, 'S004494', 'S003931', ''),
(1705, 'S003931', 'S005267', ''),
(1706, 'S005267', 'S003931', ''),
(1707, 'S003931', 'S007217', ''),
(1708, 'S007217', 'S003931', ''),
(1709, 'S003931', 'S005185', ''),
(1710, 'S005185', 'S003931', ''),
(1711, 'S003931', 'S008940', ''),
(1712, 'S008940', 'S003931', ''),
(1713, 'S003931', 'S001146', ''),
(1714, 'S001146', 'S003931', ''),
(1715, 'S003931', 'S004070', ''),
(1716, 'S004070', 'S003931', ''),
(1717, 'S003931', 'S009769', ''),
(1718, 'S009769', 'S003931', ''),
(1719, 'S003931', 'S008905', ''),
(1720, 'S008905', 'S003931', ''),
(1721, 'S003931', 'S006737', ''),
(1722, 'S006737', 'S003931', ''),
(1723, 'S003931', 'S009296', ''),
(1724, 'S009296', 'S003931', ''),
(1725, 'S003931', 'S007109', ''),
(1726, 'S007109', 'S003931', ''),
(1727, 'S003931', 'S004809', ''),
(1728, 'S004809', 'S003931', ''),
(1729, 'S003931', 'S004423', ''),
(1730, 'S004423', 'S003931', ''),
(1731, 'S003931', 'S002044', ''),
(1732, 'S002044', 'S003931', ''),
(1733, 'S003931', 'S008407', ''),
(1734, 'S008407', 'S003931', ''),
(1735, 'S003930', 'S008394', ''),
(1736, 'S008394', 'S003930', ''),
(1737, 'S003930', 'S003752', ''),
(1738, 'S003752', 'S003930', ''),
(1739, 'S003930', 'S004913', ''),
(1740, 'S004913', 'S003930', ''),
(1741, 'S003930', 'S006031', ''),
(1742, 'S006031', 'S003930', ''),
(1743, 'S003930', 'S003051', ''),
(1744, 'S003051', 'S003930', ''),
(1745, 'S003930', 'S006270', ''),
(1746, 'S006270', 'S003930', ''),
(1747, 'S003930', 'S005987', ''),
(1748, 'S005987', 'S003930', ''),
(1749, 'S003930', 'S009601', ''),
(1750, 'S009601', 'S003930', ''),
(1751, 'S003930', 'S007813', ''),
(1752, 'S007813', 'S003930', ''),
(1753, 'S003930', 'S002281', ''),
(1754, 'S002281', 'S003930', ''),
(1755, 'S003954', 'S009352', ''),
(1756, 'S009352', 'S003954', ''),
(1757, 'S003954', 'S007929', ''),
(1758, 'S007929', 'S003954', ''),
(1759, 'S003954', 'S008394', ''),
(1760, 'S008394', 'S003954', ''),
(1761, 'S003954', 'S009227', ''),
(1762, 'S009227', 'S003954', ''),
(1763, 'S003954', 'S004648', ''),
(1764, 'S004648', 'S003954', ''),
(1765, 'S003954', 'S004809', ''),
(1766, 'S004809', 'S003954', ''),
(1767, 'S003977', 'S002750', ''),
(1768, 'S002750', 'S003977', ''),
(1769, 'S003977', 'S002044', ''),
(1770, 'S002044', 'S003977', ''),
(1771, 'S003977', 'S001996', ''),
(1772, 'S001996', 'S003977', ''),
(1773, 'S003977', 'S001156', ''),
(1774, 'S001156', 'S003977', ''),
(1775, 'S003977', 'S008196', ''),
(1776, 'S008196', 'S003977', ''),
(1777, 'S003977', 'S007238', ''),
(1778, 'S007238', 'S003977', ''),
(1779, 'S003977', 'S007109', ''),
(1780, 'S007109', 'S003977', ''),
(1781, 'S003977', 'S003079', ''),
(1782, 'S003079', 'S003977', ''),
(1783, 'S003977', 'S003373', ''),
(1784, 'S003373', 'S003977', ''),
(1785, 'S003977', 'S005987', ''),
(1786, 'S005987', 'S003977', ''),
(1787, 'S003977', 'S003120', ''),
(1788, 'S003120', 'S003977', ''),
(1789, 'S003977', 'S009352', ''),
(1790, 'S009352', 'S003977', ''),
(1791, 'S003977', 'S003842', ''),
(1792, 'S003842', 'S003977', ''),
(1793, 'S003977', 'S005273', ''),
(1794, 'S005273', 'S003977', ''),
(1795, 'S003977', 'S004927', ''),
(1796, 'S004927', 'S003977', ''),
(1797, 'S003977', 'S009912', ''),
(1798, 'S009912', 'S003977', ''),
(1799, 'S003977', 'S008407', ''),
(1800, 'S008407', 'S003977', ''),
(1801, 'S003977', 'S008300', ''),
(1802, 'S008300', 'S003977', ''),
(1803, 'S003977', 'S002842', ''),
(1804, 'S002842', 'S003977', ''),
(1805, 'S003977', 'S007330', ''),
(1806, 'S007330', 'S003977', ''),
(1807, 'S003977', 'S009322', ''),
(1808, 'S009322', 'S003977', ''),
(1809, 'S003977', 'S009964', ''),
(1810, 'S009964', 'S003977', ''),
(1811, 'S003977', 'S004440', ''),
(1812, 'S004440', 'S003977', ''),
(1813, 'S003977', 'S007689', ''),
(1814, 'S007689', 'S003977', ''),
(1815, 'S003977', 'S004458', ''),
(1816, 'S004458', 'S003977', ''),
(1817, 'S003977', 'S005267', ''),
(1818, 'S005267', 'S003977', ''),
(1819, 'S003977', 'S003954', ''),
(1820, 'S003954', 'S003977', ''),
(1821, 'S004032', 'S006976', ''),
(1822, 'S006976', 'S004032', ''),
(1823, 'S004032', 'S006777', ''),
(1824, 'S006777', 'S004032', ''),
(1825, 'S004032', 'S004648', ''),
(1826, 'S004648', 'S004032', ''),
(1827, 'S004032', 'S003865', ''),
(1828, 'S003865', 'S004032', ''),
(1829, 'S004032', 'S009693', ''),
(1830, 'S009693', 'S004032', ''),
(1831, 'S004032', 'S007884', ''),
(1832, 'S007884', 'S004032', ''),
(1833, 'S004032', 'S006270', ''),
(1834, 'S006270', 'S004032', ''),
(1835, 'S004032', 'S005185', ''),
(1836, 'S005185', 'S004032', ''),
(1837, 'S004032', 'S001908', ''),
(1838, 'S001908', 'S004032', ''),
(1839, 'S004032', 'S007693', ''),
(1840, 'S007693', 'S004032', ''),
(1841, 'S004032', 'S008940', ''),
(1842, 'S008940', 'S004032', ''),
(1843, 'S004032', 'S009632', ''),
(1844, 'S009632', 'S004032', ''),
(1845, 'S004032', 'S004898', ''),
(1846, 'S004898', 'S004032', ''),
(1847, 'S004032', 'S007813', ''),
(1848, 'S007813', 'S004032', ''),
(1849, 'S004032', 'S004848', ''),
(1850, 'S004848', 'S004032', ''),
(1851, 'S004032', 'S003307', ''),
(1852, 'S003307', 'S004032', ''),
(1853, 'S004032', 'S002909', ''),
(1854, 'S002909', 'S004032', ''),
(1855, 'S004032', 'S007050', ''),
(1856, 'S007050', 'S004032', ''),
(1857, 'S004032', 'S008407', ''),
(1858, 'S008407', 'S004032', ''),
(1859, 'S004032', 'S007238', ''),
(1860, 'S007238', 'S004032', ''),
(1861, 'S004032', 'S004500', ''),
(1862, 'S004500', 'S004032', ''),
(1863, 'S004032', 'S009769', ''),
(1864, 'S009769', 'S004032', ''),
(1865, 'S004032', 'S004429', ''),
(1866, 'S004429', 'S004032', ''),
(1867, 'S004032', 'S009601', ''),
(1868, 'S009601', 'S004032', ''),
(1869, 'S004032', 'S002044', ''),
(1870, 'S002044', 'S004032', ''),
(1871, 'S004070', 'S009604', ''),
(1872, 'S009604', 'S004070', ''),
(1873, 'S004070', 'S007149', ''),
(1874, 'S007149', 'S004070', ''),
(1875, 'S004070', 'S004458', ''),
(1876, 'S004458', 'S004070', ''),
(1877, 'S004070', 'S008146', ''),
(1878, 'S008146', 'S004070', ''),
(1879, 'S004070', 'S004848', ''),
(1880, 'S004848', 'S004070', ''),
(1881, 'S004070', 'S002460', ''),
(1882, 'S002460', 'S004070', ''),
(1883, 'S004070', 'S008940', ''),
(1884, 'S008940', 'S004070', ''),
(1885, 'S004070', 'S004423', ''),
(1886, 'S004423', 'S004070', ''),
(1887, 'S004070', 'S004898', ''),
(1888, 'S004898', 'S004070', ''),
(1889, 'S004070', 'S009912', ''),
(1890, 'S009912', 'S004070', ''),
(1891, 'S004070', 'S006161', ''),
(1892, 'S006161', 'S004070', ''),
(1893, 'S004070', 'S004927', ''),
(1894, 'S004927', 'S004070', ''),
(1895, 'S004070', 'S003120', ''),
(1896, 'S003120', 'S004070', ''),
(1897, 'S004070', 'S003014', ''),
(1898, 'S003014', 'S004070', ''),
(1899, 'S004070', 'S009644', ''),
(1900, 'S009644', 'S004070', ''),
(1901, 'S004070', 'S008394', ''),
(1902, 'S008394', 'S004070', ''),
(1903, 'S004070', 'S005696', ''),
(1904, 'S005696', 'S004070', ''),
(1905, 'S004309', 'S004458', ''),
(1906, 'S004458', 'S004309', ''),
(1907, 'S004309', 'S003663', ''),
(1908, 'S003663', 'S004309', ''),
(1909, 'S004309', 'S003079', ''),
(1910, 'S003079', 'S004309', ''),
(1911, 'S004309', 'S005535', ''),
(1912, 'S005535', 'S004309', ''),
(1913, 'S004309', 'S004927', ''),
(1914, 'S004927', 'S004309', ''),
(1915, 'S004309', 'S002071', ''),
(1916, 'S002071', 'S004309', ''),
(1917, 'S004309', 'S007813', ''),
(1918, 'S007813', 'S004309', ''),
(1919, 'S004309', 'S004379', ''),
(1920, 'S004379', 'S004309', ''),
(1921, 'S004309', 'S004848', ''),
(1922, 'S004848', 'S004309', ''),
(1923, 'S004309', 'S002750', ''),
(1924, 'S002750', 'S004309', ''),
(1925, 'S004309', 'S005876', ''),
(1926, 'S005876', 'S004309', ''),
(1927, 'S004309', 'S003120', ''),
(1928, 'S003120', 'S004309', ''),
(1929, 'S004309', 'S005442', ''),
(1930, 'S005442', 'S004309', ''),
(1931, 'S004309', 'S008929', ''),
(1932, 'S008929', 'S004309', ''),
(1933, 'S004309', 'S006460', ''),
(1934, 'S006460', 'S004309', ''),
(1935, 'S004309', 'S003052', ''),
(1936, 'S003052', 'S004309', ''),
(1937, 'S004309', 'S001156', ''),
(1938, 'S001156', 'S004309', ''),
(1939, 'S004309', 'S009747', ''),
(1940, 'S009747', 'S004309', ''),
(1941, 'S004351', 'S002842', ''),
(1942, 'S002842', 'S004351', ''),
(1943, 'S004351', 'S007109', ''),
(1944, 'S007109', 'S004351', ''),
(1945, 'S004351', 'S009754', ''),
(1946, 'S009754', 'S004351', ''),
(1947, 'S004351', 'S009352', ''),
(1948, 'S009352', 'S004351', ''),
(1949, 'S004351', 'S009155', ''),
(1950, 'S009155', 'S004351', ''),
(1951, 'S004351', 'S006003', ''),
(1952, 'S006003', 'S004351', ''),
(1953, 'S004351', 'S003120', ''),
(1954, 'S003120', 'S004351', ''),
(1955, 'S004351', 'S003930', ''),
(1956, 'S003930', 'S004351', ''),
(1957, 'S004351', 'S002584', ''),
(1958, 'S002584', 'S004351', ''),
(1959, 'S004351', 'S009296', ''),
(1960, 'S009296', 'S004351', ''),
(1961, 'S004351', 'S004648', ''),
(1962, 'S004648', 'S004351', ''),
(1963, 'S004351', 'S004500', ''),
(1964, 'S004500', 'S004351', ''),
(1965, 'S004351', 'S003373', ''),
(1966, 'S003373', 'S004351', ''),
(1967, 'S004351', 'S004780', ''),
(1968, 'S004780', 'S004351', ''),
(1969, 'S004351', 'S009644', ''),
(1970, 'S009644', 'S004351', ''),
(1971, 'S004351', 'S009632', ''),
(1972, 'S009632', 'S004351', ''),
(1973, 'S004351', 'S003230', ''),
(1974, 'S003230', 'S004351', ''),
(1975, 'S004351', 'S007929', ''),
(1976, 'S007929', 'S004351', ''),
(1977, 'S004351', 'S005273', ''),
(1978, 'S005273', 'S004351', ''),
(1979, 'S004351', 'S003931', ''),
(1980, 'S003931', 'S004351', ''),
(1981, 'S004351', 'S005267', ''),
(1982, 'S005267', 'S004351', ''),
(1983, 'S004351', 'S003231', ''),
(1984, 'S003231', 'S004351', ''),
(1985, 'S004351', 'S005982', ''),
(1986, 'S005982', 'S004351', ''),
(1987, 'S004379', 'S002842', ''),
(1988, 'S002842', 'S004379', ''),
(1989, 'S004379', 'S006728', ''),
(1990, 'S006728', 'S004379', ''),
(1991, 'S004379', 'S004648', ''),
(1992, 'S004648', 'S004379', ''),
(1993, 'S004379', 'S002044', ''),
(1994, 'S002044', 'S004379', ''),
(1995, 'S004379', 'S002460', ''),
(1996, 'S002460', 'S004379', ''),
(1997, 'S004379', 'S004848', ''),
(1998, 'S004848', 'S004379', ''),
(1999, 'S004379', 'S005267', ''),
(2000, 'S005267', 'S004379', ''),
(2001, 'S004379', 'S008394', ''),
(2002, 'S008394', 'S004379', ''),
(2003, 'S004379', 'S009809', ''),
(2004, 'S009809', 'S004379', ''),
(2005, 'S004379', 'S008361', ''),
(2006, 'S008361', 'S004379', ''),
(2007, 'S004379', 'S002234', ''),
(2008, 'S002234', 'S004379', ''),
(2009, 'S004379', 'S002750', ''),
(2010, 'S002750', 'S004379', ''),
(2011, 'S004379', 'S006031', ''),
(2012, 'S006031', 'S004379', ''),
(2013, 'S004379', 'S009352', ''),
(2014, 'S009352', 'S004379', ''),
(2015, 'S004379', 'S007884', ''),
(2016, 'S007884', 'S004379', ''),
(2017, 'S004379', 'S005987', ''),
(2018, 'S005987', 'S004379', ''),
(2019, 'S004423', 'S006728', ''),
(2020, 'S006728', 'S004423', ''),
(2021, 'S004423', 'S002044', ''),
(2022, 'S002044', 'S004423', ''),
(2023, 'S004423', 'S003052', ''),
(2024, 'S003052', 'S004423', ''),
(2025, 'S004423', 'S009747', ''),
(2026, 'S009747', 'S004423', ''),
(2027, 'S004423', 'S001970', ''),
(2028, 'S001970', 'S004423', ''),
(2029, 'S004423', 'S005273', ''),
(2030, 'S005273', 'S004423', ''),
(2031, 'S004423', 'S004458', ''),
(2032, 'S004458', 'S004423', ''),
(2033, 'S004423', 'S004309', ''),
(2034, 'S004309', 'S004423', ''),
(2035, 'S004423', 'S007929', ''),
(2036, 'S007929', 'S004423', ''),
(2037, 'S004423', 'S002584', ''),
(2038, 'S002584', 'S004423', ''),
(2039, 'S004423', 'S008588', ''),
(2040, 'S008588', 'S004423', ''),
(2041, 'S004423', 'S008302', ''),
(2042, 'S008302', 'S004423', ''),
(2043, 'S004423', 'S006541', ''),
(2044, 'S006541', 'S004423', ''),
(2045, 'S004423', 'S009322', ''),
(2046, 'S009322', 'S004423', ''),
(2047, 'S004423', 'S007217', ''),
(2048, 'S007217', 'S004423', ''),
(2049, 'S004423', 'S004379', ''),
(2050, 'S004379', 'S004423', ''),
(2051, 'S004423', 'S003051', ''),
(2052, 'S003051', 'S004423', ''),
(2053, 'S004423', 'S004898', ''),
(2054, 'S004898', 'S004423', ''),
(2055, 'S004423', 'S008186', ''),
(2056, 'S008186', 'S004423', ''),
(2057, 'S004423', 'S003014', ''),
(2058, 'S003014', 'S004423', ''),
(2059, 'S004423', 'S008940', ''),
(2060, 'S008940', 'S004423', ''),
(2061, 'S004423', 'S006460', ''),
(2062, 'S006460', 'S004423', ''),
(2063, 'S004423', 'S004351', ''),
(2064, 'S004351', 'S004423', ''),
(2065, 'S004423', 'S007934', ''),
(2066, 'S007934', 'S004423', ''),
(2067, 'S004423', 'S004429', ''),
(2068, 'S004429', 'S004423', ''),
(2069, 'S004423', 'S009296', ''),
(2070, 'S009296', 'S004423', ''),
(2071, 'S004423', 'S006479', ''),
(2072, 'S006479', 'S004423', ''),
(2073, 'S004429', 'S006003', ''),
(2074, 'S006003', 'S004429', ''),
(2075, 'S004429', 'S007928', ''),
(2076, 'S007928', 'S004429', ''),
(2077, 'S004429', 'S005543', ''),
(2078, 'S005543', 'S004429', ''),
(2079, 'S004429', 'S003842', ''),
(2080, 'S003842', 'S004429', ''),
(2081, 'S004429', 'S004440', ''),
(2082, 'S004440', 'S004429', ''),
(2083, 'S004429', 'S002213', ''),
(2084, 'S002213', 'S004429', ''),
(2085, 'S004429', 'S009379', ''),
(2086, 'S009379', 'S004429', ''),
(2087, 'S004429', 'S007050', ''),
(2088, 'S007050', 'S004429', ''),
(2089, 'S004429', 'S004379', ''),
(2090, 'S004379', 'S004429', ''),
(2091, 'S004429', 'S002234', ''),
(2092, 'S002234', 'S004429', ''),
(2093, 'S004429', 'S007988', ''),
(2094, 'S007988', 'S004429', ''),
(2095, 'S004429', 'S009601', ''),
(2096, 'S009601', 'S004429', ''),
(2097, 'S004429', 'S004500', ''),
(2098, 'S004500', 'S004429', ''),
(2099, 'S004429', 'S003752', ''),
(2100, 'S003752', 'S004429', ''),
(2101, 'S004440', 'S006737', ''),
(2102, 'S006737', 'S004440', ''),
(2103, 'S004440', 'S003644', ''),
(2104, 'S003644', 'S004440', ''),
(2105, 'S004440', 'S004070', ''),
(2106, 'S004070', 'S004440', ''),
(2107, 'S004440', 'S008343', ''),
(2108, 'S008343', 'S004440', ''),
(2109, 'S004440', 'S007238', ''),
(2110, 'S007238', 'S004440', ''),
(2111, 'S004440', 'S007408', ''),
(2112, 'S007408', 'S004440', ''),
(2113, 'S004440', 'S006147', ''),
(2114, 'S006147', 'S004440', ''),
(2115, 'S004440', 'S007330', ''),
(2116, 'S007330', 'S004440', ''),
(2117, 'S004440', 'S007988', ''),
(2118, 'S007988', 'S004440', ''),
(2119, 'S004440', 'S004913', ''),
(2120, 'S004913', 'S004440', ''),
(2121, 'S004440', 'S003041', ''),
(2122, 'S003041', 'S004440', ''),
(2123, 'S004440', 'S009379', ''),
(2124, 'S009379', 'S004440', ''),
(2125, 'S004440', 'S003663', ''),
(2126, 'S003663', 'S004440', ''),
(2127, 'S004440', 'S009632', ''),
(2128, 'S009632', 'S004440', ''),
(2129, 'S004440', 'S004809', ''),
(2130, 'S004809', 'S004440', ''),
(2131, 'S004440', 'S006031', ''),
(2132, 'S006031', 'S004440', ''),
(2133, 'S004440', 'S009769', ''),
(2134, 'S009769', 'S004440', ''),
(2135, 'S004440', 'S007934', ''),
(2136, 'S007934', 'S004440', ''),
(2137, 'S004440', 'S009352', ''),
(2138, 'S009352', 'S004440', ''),
(2139, 'S004440', 'S006198', ''),
(2140, 'S006198', 'S004440', ''),
(2141, 'S004440', 'S004423', ''),
(2142, 'S004423', 'S004440', ''),
(2143, 'S004440', 'S002842', ''),
(2144, 'S002842', 'S004440', ''),
(2145, 'S004440', 'S008196', ''),
(2146, 'S008196', 'S004440', ''),
(2147, 'S004440', 'S008302', ''),
(2148, 'S008302', 'S004440', ''),
(2149, 'S004440', 'S008929', ''),
(2150, 'S008929', 'S004440', ''),
(2151, 'S004440', 'S006728', ''),
(2152, 'S006728', 'S004440', ''),
(2153, 'S004440', 'S003842', ''),
(2154, 'S003842', 'S004440', ''),
(2155, 'S004440', 'S007813', ''),
(2156, 'S007813', 'S004440', ''),
(2157, 'S004458', 'S005543', ''),
(2158, 'S005543', 'S004458', ''),
(2159, 'S004458', 'S006161', ''),
(2160, 'S006161', 'S004458', ''),
(2161, 'S004458', 'S001156', ''),
(2162, 'S001156', 'S004458', ''),
(2163, 'S004458', 'S004032', ''),
(2164, 'S004032', 'S004458', ''),
(2165, 'S004458', 'S002750', ''),
(2166, 'S002750', 'S004458', ''),
(2167, 'S004458', 'S001908', ''),
(2168, 'S001908', 'S004458', ''),
(2169, 'S004458', 'S003644', ''),
(2170, 'S003644', 'S004458', ''),
(2171, 'S004458', 'S007148', ''),
(2172, 'S007148', 'S004458', ''),
(2173, 'S004458', 'S005876', ''),
(2174, 'S005876', 'S004458', ''),
(2175, 'S004458', 'S005535', ''),
(2176, 'S005535', 'S004458', ''),
(2177, 'S004458', 'S004898', ''),
(2178, 'S004898', 'S004458', ''),
(2179, 'S004458', 'S008940', ''),
(2180, 'S008940', 'S004458', ''),
(2181, 'S004458', 'S001305', ''),
(2182, 'S001305', 'S004458', ''),
(2183, 'S004458', 'S007672', ''),
(2184, 'S007672', 'S004458', ''),
(2185, 'S004458', 'S008186', ''),
(2186, 'S008186', 'S004458', ''),
(2187, 'S004494', 'S006782', ''),
(2188, 'S006782', 'S004494', ''),
(2189, 'S004494', 'S008146', ''),
(2190, 'S008146', 'S004494', ''),
(2191, 'S004494', 'S001908', ''),
(2192, 'S001908', 'S004494', ''),
(2193, 'S004494', 'S001156', ''),
(2194, 'S001156', 'S004494', ''),
(2195, 'S004494', 'S005185', ''),
(2196, 'S005185', 'S004494', ''),
(2197, 'S004494', 'S007148', ''),
(2198, 'S007148', 'S004494', ''),
(2199, 'S004494', 'S007979', ''),
(2200, 'S007979', 'S004494', ''),
(2201, 'S004494', 'S003847', ''),
(2202, 'S003847', 'S004494', ''),
(2203, 'S004494', 'S006198', ''),
(2204, 'S006198', 'S004494', ''),
(2205, 'S004494', 'S006003', ''),
(2206, 'S006003', 'S004494', ''),
(2207, 'S004494', 'S009644', ''),
(2208, 'S009644', 'S004494', ''),
(2209, 'S004494', 'S004379', ''),
(2210, 'S004379', 'S004494', ''),
(2211, 'S004494', 'S007672', ''),
(2212, 'S007672', 'S004494', ''),
(2213, 'S004494', 'S003842', ''),
(2214, 'S003842', 'S004494', ''),
(2215, 'S004494', 'S007813', ''),
(2216, 'S007813', 'S004494', ''),
(2217, 'S004494', 'S009155', ''),
(2218, 'S009155', 'S004494', ''),
(2219, 'S004494', 'S006460', ''),
(2220, 'S006460', 'S004494', ''),
(2221, 'S004494', 'S003051', ''),
(2222, 'S003051', 'S004494', ''),
(2223, 'S004494', 'S002584', ''),
(2224, 'S002584', 'S004494', ''),
(2225, 'S004494', 'S003307', ''),
(2226, 'S003307', 'S004494', ''),
(2227, 'S004494', 'S005273', ''),
(2228, 'S005273', 'S004494', ''),
(2229, 'S004494', 'S005543', ''),
(2230, 'S005543', 'S004494', ''),
(2231, 'S004494', 'S002842', ''),
(2232, 'S002842', 'S004494', ''),
(2233, 'S004494', 'S007934', ''),
(2234, 'S007934', 'S004494', ''),
(2235, 'S004494', 'S008774', ''),
(2236, 'S008774', 'S004494', ''),
(2237, 'S004494', 'S007050', ''),
(2238, 'S007050', 'S004494', ''),
(2239, 'S004494', 'S009296', ''),
(2240, 'S009296', 'S004494', ''),
(2241, 'S004494', 'S002071', ''),
(2242, 'S002071', 'S004494', ''),
(2243, 'S004494', 'S003977', ''),
(2244, 'S003977', 'S004494', ''),
(2245, 'S004494', 'S009379', ''),
(2246, 'S009379', 'S004494', ''),
(2247, 'S004494', 'S007149', ''),
(2248, 'S007149', 'S004494', ''),
(2249, 'S004500', 'S007148', ''),
(2250, 'S007148', 'S004500', ''),
(2251, 'S004500', 'S003014', ''),
(2252, 'S003014', 'S004500', ''),
(2253, 'S004500', 'S003307', ''),
(2254, 'S003307', 'S004500', ''),
(2255, 'S004500', 'S007109', ''),
(2256, 'S007109', 'S004500', ''),
(2257, 'S004500', 'S007408', ''),
(2258, 'S007408', 'S004500', ''),
(2259, 'S004500', 'S009601', ''),
(2260, 'S009601', 'S004500', ''),
(2261, 'S004500', 'S009504', ''),
(2262, 'S009504', 'S004500', ''),
(2263, 'S004500', 'S003475', ''),
(2264, 'S003475', 'S004500', ''),
(2265, 'S004500', 'S007149', ''),
(2266, 'S007149', 'S004500', ''),
(2267, 'S004500', 'S009632', ''),
(2268, 'S009632', 'S004500', ''),
(2269, 'S004500', 'S001146', ''),
(2270, 'S001146', 'S004500', ''),
(2271, 'S004500', 'S009322', ''),
(2272, 'S009322', 'S004500', ''),
(2273, 'S004500', 'S005080', ''),
(2274, 'S005080', 'S004500', ''),
(2275, 'S004500', 'S006147', ''),
(2276, 'S006147', 'S004500', ''),
(2277, 'S004500', 'S002044', ''),
(2278, 'S002044', 'S004500', ''),
(2279, 'S004500', 'S003977', ''),
(2280, 'S003977', 'S004500', ''),
(2281, 'S004500', 'S006728', ''),
(2282, 'S006728', 'S004500', ''),
(2283, 'S004500', 'S008940', ''),
(2284, 'S008940', 'S004500', ''),
(2285, 'S004500', 'S005982', ''),
(2286, 'S005982', 'S004500', ''),
(2287, 'S004500', 'S009964', ''),
(2288, 'S009964', 'S004500', ''),
(2289, 'S004500', 'S008407', ''),
(2290, 'S008407', 'S004500', ''),
(2291, 'S004648', 'S006329', ''),
(2292, 'S006329', 'S004648', ''),
(2293, 'S004648', 'S007813', ''),
(2294, 'S007813', 'S004648', ''),
(2295, 'S004648', 'S008407', ''),
(2296, 'S008407', 'S004648', ''),
(2297, 'S004648', 'S008394', ''),
(2298, 'S008394', 'S004648', ''),
(2299, 'S004648', 'S002281', ''),
(2300, 'S002281', 'S004648', ''),
(2301, 'S004648', 'S009604', ''),
(2302, 'S009604', 'S004648', ''),
(2303, 'S004648', 'S006479', ''),
(2304, 'S006479', 'S004648', ''),
(2305, 'S004648', 'S008588', ''),
(2306, 'S008588', 'S004648', ''),
(2307, 'S004648', 'S008369', ''),
(2308, 'S008369', 'S004648', ''),
(2309, 'S004648', 'S008186', ''),
(2310, 'S008186', 'S004648', ''),
(2311, 'S004648', 'S007934', ''),
(2312, 'S007934', 'S004648', ''),
(2313, 'S004648', 'S004440', ''),
(2314, 'S004440', 'S004648', ''),
(2315, 'S004648', 'S006161', ''),
(2316, 'S006161', 'S004648', ''),
(2317, 'S004648', 'S006737', ''),
(2318, 'S006737', 'S004648', ''),
(2319, 'S004648', 'S006460', ''),
(2320, 'S006460', 'S004648', ''),
(2321, 'S004648', 'S007109', ''),
(2322, 'S007109', 'S004648', ''),
(2323, 'S004648', 'S009379', ''),
(2324, 'S009379', 'S004648', ''),
(2325, 'S004648', 'S004423', ''),
(2326, 'S004423', 'S004648', ''),
(2327, 'S004648', 'S003977', ''),
(2328, 'S003977', 'S004648', ''),
(2329, 'S004648', 'S005876', ''),
(2330, 'S005876', 'S004648', ''),
(2331, 'S004648', 'S004927', ''),
(2332, 'S004927', 'S004648', ''),
(2333, 'S004648', 'S009693', ''),
(2334, 'S009693', 'S004648', ''),
(2335, 'S004648', 'S007929', ''),
(2336, 'S007929', 'S004648', ''),
(2337, 'S004648', 'S003931', ''),
(2338, 'S003931', 'S004648', ''),
(2339, 'S004648', 'S009352', ''),
(2340, 'S009352', 'S004648', ''),
(2341, 'S004648', 'S008085', ''),
(2342, 'S008085', 'S004648', ''),
(2343, 'S004648', 'S009964', ''),
(2344, 'S009964', 'S004648', ''),
(2345, 'S004648', 'S009644', ''),
(2346, 'S009644', 'S004648', ''),
(2347, 'S004648', 'S008940', ''),
(2348, 'S008940', 'S004648', ''),
(2349, 'S004648', 'S005543', ''),
(2350, 'S005543', 'S004648', ''),
(2351, 'S004780', 'S006147', ''),
(2352, 'S006147', 'S004780', ''),
(2353, 'S004780', 'S003688', ''),
(2354, 'S003688', 'S004780', ''),
(2355, 'S004780', 'S004070', ''),
(2356, 'S004070', 'S004780', ''),
(2357, 'S004780', 'S006782', ''),
(2358, 'S006782', 'S004780', ''),
(2359, 'S004780', 'S004500', ''),
(2360, 'S004500', 'S004780', ''),
(2361, 'S004780', 'S009754', ''),
(2362, 'S009754', 'S004780', ''),
(2363, 'S004780', 'S008186', ''),
(2364, 'S008186', 'S004780', ''),
(2365, 'S004780', 'S008774', ''),
(2366, 'S008774', 'S004780', ''),
(2367, 'S004780', 'S004648', ''),
(2368, 'S004648', 'S004780', ''),
(2369, 'S004780', 'S006976', ''),
(2370, 'S006976', 'S004780', ''),
(2371, 'S004809', 'S009379', ''),
(2372, 'S009379', 'S004809', ''),
(2373, 'S004809', 'S005273', ''),
(2374, 'S005273', 'S004809', ''),
(2375, 'S004809', 'S007217', ''),
(2376, 'S007217', 'S004809', ''),
(2377, 'S004809', 'S005442', ''),
(2378, 'S005442', 'S004809', ''),
(2379, 'S004809', 'S009769', ''),
(2380, 'S009769', 'S004809', ''),
(2381, 'S004809', 'S009693', ''),
(2382, 'S009693', 'S004809', ''),
(2383, 'S004809', 'S002071', ''),
(2384, 'S002071', 'S004809', ''),
(2385, 'S004809', 'S004458', ''),
(2386, 'S004458', 'S004809', ''),
(2387, 'S004809', 'S003977', ''),
(2388, 'S003977', 'S004809', ''),
(2389, 'S004809', 'S007149', ''),
(2390, 'S007149', 'S004809', ''),
(2391, 'S004809', 'S007238', ''),
(2392, 'S007238', 'S004809', ''),
(2393, 'S004809', 'S008300', ''),
(2394, 'S008300', 'S004809', ''),
(2395, 'S004809', 'S003052', ''),
(2396, 'S003052', 'S004809', ''),
(2397, 'S004848', 'S008929', ''),
(2398, 'S008929', 'S004848', ''),
(2399, 'S004848', 'S003475', ''),
(2400, 'S003475', 'S004848', ''),
(2401, 'S004848', 'S001146', ''),
(2402, 'S001146', 'S004848', 'hey art..'),
(2403, 'S004848', 'S007693', ''),
(2404, 'S007693', 'S004848', ''),
(2405, 'S004848', 'S008394', ''),
(2406, 'S008394', 'S004848', ''),
(2407, 'S004848', 'S008774', ''),
(2408, 'S008774', 'S004848', ''),
(2409, 'S004848', 'S004494', ''),
(2410, 'S004494', 'S004848', ''),
(2411, 'S004848', 'S003052', ''),
(2412, 'S003052', 'S004848', ''),
(2413, 'S004848', 'S006782', ''),
(2414, 'S006782', 'S004848', ''),
(2415, 'S004848', 'S003051', ''),
(2416, 'S003051', 'S004848', ''),
(2417, 'S004848', 'S007330', ''),
(2418, 'S007330', 'S004848', ''),
(2419, 'S004848', 'S005987', ''),
(2420, 'S005987', 'S004848', ''),
(2421, 'S004848', 'S007928', ''),
(2422, 'S007928', 'S004848', ''),
(2423, 'S004848', 'S007813', ''),
(2424, 'S007813', 'S004848', ''),
(2425, 'S004848', 'S005080', ''),
(2426, 'S005080', 'S004848', ''),
(2427, 'S004898', 'S004379', ''),
(2428, 'S004379', 'S004898', ''),
(2429, 'S004898', 'S003307', ''),
(2430, 'S003307', 'S004898', ''),
(2431, 'S004898', 'S004648', ''),
(2432, 'S004648', 'S004898', ''),
(2433, 'S004898', 'S008302', ''),
(2434, 'S008302', 'S004898', ''),
(2435, 'S004898', 'S005442', ''),
(2436, 'S005442', 'S004898', ''),
(2437, 'S004898', 'S008300', ''),
(2438, 'S008300', 'S004898', ''),
(2439, 'S004898', 'S003954', ''),
(2440, 'S003954', 'S004898', ''),
(2441, 'S004898', 'S001867', ''),
(2442, 'S001867', 'S004898', ''),
(2443, 'S004898', 'S002071', ''),
(2444, 'S002071', 'S004898', ''),
(2445, 'S004898', 'S006161', ''),
(2446, 'S006161', 'S004898', ''),
(2447, 'S004898', 'S007050', ''),
(2448, 'S007050', 'S004898', ''),
(2449, 'S004898', 'S008146', ''),
(2450, 'S008146', 'S004898', ''),
(2451, 'S004898', 'S009632', ''),
(2452, 'S009632', 'S004898', ''),
(2453, 'S004898', 'S005982', ''),
(2454, 'S005982', 'S004898', ''),
(2455, 'S004898', 'S009296', ''),
(2456, 'S009296', 'S004898', ''),
(2457, 'S004898', 'S009795', ''),
(2458, 'S009795', 'S004898', ''),
(2459, 'S004898', 'S001352', ''),
(2460, 'S001352', 'S004898', ''),
(2461, 'S004898', 'S003317', ''),
(2462, 'S003317', 'S004898', ''),
(2463, 'S004898', 'S003079', ''),
(2464, 'S003079', 'S004898', ''),
(2465, 'S004898', 'S003051', ''),
(2466, 'S003051', 'S004898', ''),
(2467, 'S004898', 'S008407', ''),
(2468, 'S008407', 'S004898', ''),
(2469, 'S004898', 'S003231', ''),
(2470, 'S003231', 'S004898', ''),
(2471, 'S004913', 'S005098', ''),
(2472, 'S005098', 'S004913', ''),
(2473, 'S004913', 'S002814', ''),
(2474, 'S002814', 'S004913', ''),
(2475, 'S004913', 'S007109', ''),
(2476, 'S007109', 'S004913', ''),
(2477, 'S004913', 'S005273', ''),
(2478, 'S005273', 'S004913', ''),
(2479, 'S004913', 'S007050', ''),
(2480, 'S007050', 'S004913', ''),
(2481, 'S004913', 'S003865', ''),
(2482, 'S003865', 'S004913', ''),
(2483, 'S004913', 'S007701', ''),
(2484, 'S007701', 'S004913', ''),
(2485, 'S004913', 'S009296', ''),
(2486, 'S009296', 'S004913', ''),
(2487, 'S004913', 'S004379', ''),
(2488, 'S004379', 'S004913', ''),
(2489, 'S004913', 'S003373', ''),
(2490, 'S003373', 'S004913', ''),
(2491, 'S004913', 'S008146', ''),
(2492, 'S008146', 'S004913', ''),
(2493, 'S004913', 'S007928', ''),
(2494, 'S007928', 'S004913', ''),
(2495, 'S004913', 'S003931', ''),
(2496, 'S003931', 'S004913', ''),
(2497, 'S004913', 'S008394', ''),
(2498, 'S008394', 'S004913', ''),
(2499, 'S004913', 'S009795', ''),
(2500, 'S009795', 'S004913', ''),
(2501, 'S004913', 'S001383', ''),
(2502, 'S001383', 'S004913', ''),
(2503, 'S004913', 'S009964', ''),
(2504, 'S009964', 'S004913', ''),
(2505, 'S004913', 'S001156', ''),
(2506, 'S001156', 'S004913', ''),
(2507, 'S004913', 'S007238', ''),
(2508, 'S007238', 'S004913', ''),
(2509, 'S004913', 'S002234', ''),
(2510, 'S002234', 'S004913', ''),
(2511, 'S004913', 'S003230', ''),
(2512, 'S003230', 'S004913', ''),
(2513, 'S004913', 'S003688', ''),
(2514, 'S003688', 'S004913', ''),
(2515, 'S004913', 'S009504', ''),
(2516, 'S009504', 'S004913', ''),
(2517, 'S004913', 'S009912', ''),
(2518, 'S009912', 'S004913', ''),
(2519, 'S004913', 'S004494', ''),
(2520, 'S004494', 'S004913', ''),
(2521, 'S004927', 'S003317', ''),
(2522, 'S003317', 'S004927', ''),
(2523, 'S004927', 'S001996', ''),
(2524, 'S001996', 'S004927', ''),
(2525, 'S004927', 'S002234', ''),
(2526, 'S002234', 'S004927', ''),
(2527, 'S004927', 'S001525', ''),
(2528, 'S001525', 'S004927', ''),
(2529, 'S004927', 'S007330', ''),
(2530, 'S007330', 'S004927', ''),
(2531, 'S004927', 'S008300', ''),
(2532, 'S008300', 'S004927', ''),
(2533, 'S004927', 'S008146', ''),
(2534, 'S008146', 'S004927', ''),
(2535, 'S004927', 'S002909', ''),
(2536, 'S002909', 'S004927', ''),
(2537, 'S004927', 'S006782', ''),
(2538, 'S006782', 'S004927', ''),
(2539, 'S004927', 'S006541', ''),
(2540, 'S006541', 'S004927', ''),
(2541, 'S004927', 'S003079', ''),
(2542, 'S003079', 'S004927', ''),
(2543, 'S004927', 'S004494', ''),
(2544, 'S004494', 'S004927', ''),
(2545, 'S004927', 'S007988', ''),
(2546, 'S007988', 'S004927', ''),
(2547, 'S004927', 'S007689', ''),
(2548, 'S007689', 'S004927', ''),
(2549, 'S004927', 'S008394', ''),
(2550, 'S008394', 'S004927', ''),
(2551, 'S004927', 'S003688', ''),
(2552, 'S003688', 'S004927', ''),
(2553, 'S004927', 'S005982', ''),
(2554, 'S005982', 'S004927', ''),
(2555, 'S004927', 'S001305', ''),
(2556, 'S001305', 'S004927', ''),
(2557, 'S004927', 'S009839', ''),
(2558, 'S009839', 'S004927', ''),
(2559, 'S004927', 'S003930', ''),
(2560, 'S003930', 'S004927', ''),
(2561, 'S004927', 'S005543', ''),
(2562, 'S005543', 'S004927', ''),
(2563, 'S004927', 'S001146', ''),
(2564, 'S001146', 'S004927', ''),
(2565, 'S004927', 'S005535', ''),
(2566, 'S005535', 'S004927', ''),
(2567, 'S004927', 'S009504', ''),
(2568, 'S009504', 'S004927', ''),
(2569, 'S005080', 'S004351', ''),
(2570, 'S004351', 'S005080', ''),
(2571, 'S005080', 'S009839', ''),
(2572, 'S009839', 'S005080', ''),
(2573, 'S005080', 'S001996', ''),
(2574, 'S001996', 'S005080', ''),
(2575, 'S005080', 'S007884', ''),
(2576, 'S007884', 'S005080', ''),
(2577, 'S005080', 'S009504', ''),
(2578, 'S009504', 'S005080', ''),
(2579, 'S005080', 'S001972', ''),
(2580, 'S001972', 'S005080', ''),
(2581, 'S005080', 'S005987', ''),
(2582, 'S005987', 'S005080', ''),
(2583, 'S005080', 'S004070', ''),
(2584, 'S004070', 'S005080', ''),
(2585, 'S005080', 'S004780', ''),
(2586, 'S004780', 'S005080', ''),
(2587, 'S005080', 'S006541', ''),
(2588, 'S006541', 'S005080', ''),
(2589, 'S005080', 'S001352', ''),
(2590, 'S001352', 'S005080', ''),
(2591, 'S005080', 'S009964', ''),
(2592, 'S009964', 'S005080', ''),
(2593, 'S005080', 'S008302', ''),
(2594, 'S008302', 'S005080', ''),
(2595, 'S005080', 'S008394', ''),
(2596, 'S008394', 'S005080', ''),
(2597, 'S005080', 'S009322', ''),
(2598, 'S009322', 'S005080', ''),
(2599, 'S005080', 'S008244', ''),
(2600, 'S008244', 'S005080', ''),
(2601, 'S005080', 'S008369', ''),
(2602, 'S008369', 'S005080', ''),
(2603, 'S005080', 'S004913', ''),
(2604, 'S004913', 'S005080', ''),
(2605, 'S005080', 'S006031', ''),
(2606, 'S006031', 'S005080', ''),
(2607, 'S005080', 'S002044', ''),
(2608, 'S002044', 'S005080', ''),
(2609, 'S005080', 'S009296', ''),
(2610, 'S009296', 'S005080', ''),
(2611, 'S005080', 'S007928', ''),
(2612, 'S007928', 'S005080', ''),
(2613, 'S005080', 'S003688', ''),
(2614, 'S003688', 'S005080', ''),
(2615, 'S005080', 'S008905', ''),
(2616, 'S008905', 'S005080', ''),
(2617, 'S005098', 'S003457', ''),
(2618, 'S003457', 'S005098', ''),
(2619, 'S005098', 'S004423', ''),
(2620, 'S004423', 'S005098', ''),
(2621, 'S005098', 'S003052', ''),
(2622, 'S003052', 'S005098', ''),
(2623, 'S005098', 'S001972', ''),
(2624, 'S001972', 'S005098', ''),
(2625, 'S005098', 'S005987', ''),
(2626, 'S005987', 'S005098', ''),
(2627, 'S005098', 'S005535', ''),
(2628, 'S005535', 'S005098', ''),
(2629, 'S005098', 'S003120', ''),
(2630, 'S003120', 'S005098', ''),
(2631, 'S005098', 'S002460', ''),
(2632, 'S002460', 'S005098', ''),
(2633, 'S005098', 'S008774', ''),
(2634, 'S008774', 'S005098', ''),
(2635, 'S005098', 'S009644', ''),
(2636, 'S009644', 'S005098', ''),
(2637, 'S005098', 'S006782', ''),
(2638, 'S006782', 'S005098', ''),
(2639, 'S005098', 'S004500', ''),
(2640, 'S004500', 'S005098', ''),
(2641, 'S005098', 'S007693', ''),
(2642, 'S007693', 'S005098', ''),
(2643, 'S005098', 'S006976', ''),
(2644, 'S006976', 'S005098', ''),
(2645, 'S005098', 'S003688', ''),
(2646, 'S003688', 'S005098', ''),
(2647, 'S005098', 'S009296', ''),
(2648, 'S009296', 'S005098', ''),
(2649, 'S005098', 'S009604', ''),
(2650, 'S009604', 'S005098', ''),
(2651, 'S005098', 'S006777', ''),
(2652, 'S006777', 'S005098', ''),
(2653, 'S005098', 'S003231', ''),
(2654, 'S003231', 'S005098', ''),
(2655, 'S005098', 'S007148', ''),
(2656, 'S007148', 'S005098', ''),
(2657, 'S005098', 'S007689', ''),
(2658, 'S007689', 'S005098', ''),
(2659, 'S005098', 'S009754', ''),
(2660, 'S009754', 'S005098', ''),
(2661, 'S005098', 'S007979', ''),
(2662, 'S007979', 'S005098', ''),
(2663, 'S005098', 'S002238', ''),
(2664, 'S002238', 'S005098', ''),
(2665, 'S005098', 'S001867', ''),
(2666, 'S001867', 'S005098', ''),
(2667, 'S005098', 'S008369', ''),
(2668, 'S008369', 'S005098', ''),
(2669, 'S005098', 'S008186', ''),
(2670, 'S008186', 'S005098', ''),
(2671, 'S005098', 'S006541', ''),
(2672, 'S006541', 'S005098', ''),
(2673, 'S005185', 'S003052', ''),
(2674, 'S003052', 'S005185', ''),
(2675, 'S005185', 'S007330', ''),
(2676, 'S007330', 'S005185', ''),
(2677, 'S005185', 'S009603', ''),
(2678, 'S009603', 'S005185', ''),
(2679, 'S005185', 'S003079', ''),
(2680, 'S003079', 'S005185', ''),
(2681, 'S005185', 'S003041', ''),
(2682, 'S003041', 'S005185', ''),
(2683, 'S005185', 'S008146', ''),
(2684, 'S008146', 'S005185', ''),
(2685, 'S005185', 'S003977', ''),
(2686, 'S003977', 'S005185', ''),
(2687, 'S005185', 'S007689', ''),
(2688, 'S007689', 'S005185', ''),
(2689, 'S005185', 'S002234', ''),
(2690, 'S002234', 'S005185', ''),
(2691, 'S005185', 'S004458', ''),
(2692, 'S004458', 'S005185', ''),
(2693, 'S005185', 'S006777', ''),
(2694, 'S006777', 'S005185', ''),
(2695, 'S005185', 'S005535', ''),
(2696, 'S005535', 'S005185', ''),
(2697, 'S005185', 'S009747', ''),
(2698, 'S009747', 'S005185', ''),
(2699, 'S005185', 'S008929', ''),
(2700, 'S008929', 'S005185', ''),
(2701, 'S005185', 'S009693', ''),
(2702, 'S009693', 'S005185', ''),
(2703, 'S005185', 'S005543', ''),
(2704, 'S005543', 'S005185', ''),
(2705, 'S005185', 'S005876', ''),
(2706, 'S005876', 'S005185', ''),
(2707, 'S005267', 'S004809', ''),
(2708, 'S004809', 'S005267', ''),
(2709, 'S005267', 'S006737', ''),
(2710, 'S006737', 'S005267', ''),
(2711, 'S005267', 'S002842', ''),
(2712, 'S002842', 'S005267', ''),
(2713, 'S005267', 'S007988', ''),
(2714, 'S007988', 'S005267', ''),
(2715, 'S005267', 'S009296', ''),
(2716, 'S009296', 'S005267', ''),
(2717, 'S005267', 'S005696', ''),
(2718, 'S005696', 'S005267', ''),
(2719, 'S005267', 'S009769', ''),
(2720, 'S009769', 'S005267', ''),
(2721, 'S005267', 'S009603', ''),
(2722, 'S009603', 'S005267', ''),
(2723, 'S005273', 'S001867', ''),
(2724, 'S001867', 'S005273', ''),
(2725, 'S005273', 'S008146', ''),
(2726, 'S008146', 'S005273', ''),
(2727, 'S005273', 'S004070', ''),
(2728, 'S004070', 'S005273', ''),
(2729, 'S005273', 'S003931', ''),
(2730, 'S003931', 'S005273', ''),
(2731, 'S005273', 'S009769', ''),
(2732, 'S009769', 'S005273', ''),
(2733, 'S005273', 'S006003', ''),
(2734, 'S006003', 'S005273', ''),
(2735, 'S005442', 'S008244', ''),
(2736, 'S008244', 'S005442', ''),
(2737, 'S005442', 'S002234', ''),
(2738, 'S002234', 'S005442', ''),
(2739, 'S005442', 'S004379', ''),
(2740, 'S004379', 'S005442', ''),
(2741, 'S005442', 'S009795', ''),
(2742, 'S009795', 'S005442', ''),
(2743, 'S005442', 'S009769', ''),
(2744, 'S009769', 'S005442', ''),
(2745, 'S005442', 'S007928', ''),
(2746, 'S007928', 'S005442', ''),
(2747, 'S005442', 'S009912', ''),
(2748, 'S009912', 'S005442', ''),
(2749, 'S005442', 'S004070', ''),
(2750, 'S004070', 'S005442', ''),
(2751, 'S005442', 'S007217', ''),
(2752, 'S007217', 'S005442', ''),
(2753, 'S005442', 'S001970', ''),
(2754, 'S001970', 'S005442', ''),
(2755, 'S005442', 'S008186', ''),
(2756, 'S008186', 'S005442', ''),
(2757, 'S005442', 'S009352', ''),
(2758, 'S009352', 'S005442', ''),
(2759, 'S005442', 'S009601', ''),
(2760, 'S009601', 'S005442', ''),
(2761, 'S005442', 'S003644', ''),
(2762, 'S003644', 'S005442', ''),
(2763, 'S005442', 'S008394', ''),
(2764, 'S008394', 'S005442', ''),
(2765, 'S005535', 'S003120', ''),
(2766, 'S003120', 'S005535', ''),
(2767, 'S005535', 'S002044', ''),
(2768, 'S002044', 'S005535', ''),
(2769, 'S005535', 'S007672', ''),
(2770, 'S007672', 'S005535', ''),
(2771, 'S005535', 'S002234', ''),
(2772, 'S002234', 'S005535', ''),
(2773, 'S005535', 'S007408', ''),
(2774, 'S007408', 'S005535', ''),
(2775, 'S005535', 'S006782', ''),
(2776, 'S006782', 'S005535', ''),
(2777, 'S005535', 'S006329', 'Hello Denise..'),
(2778, 'S006329', 'S005535', ''),
(2779, 'S005535', 'S007149', 'Hi ed :)'),
(2780, 'S007149', 'S005535', 'Hi carolyn..'),
(2781, 'S005535', 'S005982', ''),
(2782, 'S005982', 'S005535', ''),
(2783, 'S005535', 'S008343', ''),
(2784, 'S008343', 'S005535', ''),
(2785, 'S005535', 'S003930', ''),
(2786, 'S003930', 'S005535', ''),
(2787, 'S005535', 'S007050', ''),
(2788, 'S007050', 'S005535', ''),
(2789, 'S005535', 'S004913', ''),
(2790, 'S004913', 'S005535', ''),
(2791, 'S005535', 'S006541', ''),
(2792, 'S006541', 'S005535', ''),
(2793, 'S005535', 'S007217', ''),
(2794, 'S007217', 'S005535', ''),
(2795, 'S005535', 'S002281', ''),
(2796, 'S002281', 'S005535', ''),
(2797, 'S005535', 'S008394', ''),
(2798, 'S008394', 'S005535', ''),
(2799, 'S005535', 'S002071', ''),
(2800, 'S002071', 'S005535', ''),
(2801, 'S005535', 'S004500', ''),
(2802, 'S004500', 'S005535', ''),
(2803, 'S005535', 'S008369', ''),
(2804, 'S008369', 'S005535', ''),
(2805, 'S005535', 'S003644', ''),
(2806, 'S003644', 'S005535', ''),
(2807, 'S005535', 'S004809', ''),
(2808, 'S004809', 'S005535', ''),
(2809, 'S005535', 'S006031', ''),
(2810, 'S006031', 'S005535', ''),
(2811, 'S005535', 'S003051', ''),
(2812, 'S003051', 'S005535', ''),
(2813, 'S005535', 'S008146', ''),
(2814, 'S008146', 'S005535', ''),
(2815, 'S005535', 'S007988', ''),
(2816, 'S007988', 'S005535', ''),
(2817, 'S005543', 'S003865', ''),
(2818, 'S003865', 'S005543', ''),
(2819, 'S005543', 'S008085', ''),
(2820, 'S008085', 'S005543', ''),
(2821, 'S005543', 'S002213', ''),
(2822, 'S002213', 'S005543', ''),
(2823, 'S005543', 'S001525', ''),
(2824, 'S001525', 'S005543', ''),
(2825, 'S005543', 'S001908', ''),
(2826, 'S001908', 'S005543', ''),
(2827, 'S005543', 'S007109', ''),
(2828, 'S007109', 'S005543', ''),
(2829, 'S005543', 'S003052', ''),
(2830, 'S003052', 'S005543', ''),
(2831, 'S005543', 'S003231', ''),
(2832, 'S003231', 'S005543', ''),
(2833, 'S005543', 'S005876', ''),
(2834, 'S005876', 'S005543', ''),
(2835, 'S005543', 'S009693', ''),
(2836, 'S009693', 'S005543', ''),
(2837, 'S005543', 'S008369', ''),
(2838, 'S008369', 'S005543', ''),
(2839, 'S005543', 'S003475', ''),
(2840, 'S003475', 'S005543', ''),
(2841, 'S005543', 'S009795', ''),
(2842, 'S009795', 'S005543', ''),
(2843, 'S005543', 'S005987', ''),
(2844, 'S005987', 'S005543', ''),
(2845, 'S005543', 'S002842', ''),
(2846, 'S002842', 'S005543', ''),
(2847, 'S005543', 'S008244', ''),
(2848, 'S008244', 'S005543', ''),
(2849, 'S005696', 'S003231', ''),
(2850, 'S003231', 'S005696', ''),
(2851, 'S005696', 'S002814', ''),
(2852, 'S002814', 'S005696', ''),
(2853, 'S005696', 'S006479', ''),
(2854, 'S006479', 'S005696', ''),
(2855, 'S005696', 'S003954', ''),
(2856, 'S003954', 'S005696', ''),
(2857, 'S005696', 'S009322', ''),
(2858, 'S009322', 'S005696', ''),
(2859, 'S005696', 'S002281', ''),
(2860, 'S002281', 'S005696', ''),
(2861, 'S005696', 'S004458', ''),
(2862, 'S004458', 'S005696', ''),
(2863, 'S005696', 'S009227', ''),
(2864, 'S009227', 'S005696', ''),
(2865, 'S005696', 'S006460', ''),
(2866, 'S006460', 'S005696', ''),
(2867, 'S005696', 'S007050', ''),
(2868, 'S007050', 'S005696', ''),
(2869, 'S005696', 'S006737', ''),
(2870, 'S006737', 'S005696', ''),
(2871, 'S005696', 'S006777', ''),
(2872, 'S006777', 'S005696', ''),
(2873, 'S005696', 'S003977', ''),
(2874, 'S003977', 'S005696', ''),
(2875, 'S005696', 'S001352', ''),
(2876, 'S001352', 'S005696', ''),
(2877, 'S005696', 'S009352', ''),
(2878, 'S009352', 'S005696', ''),
(2879, 'S005696', 'S009632', ''),
(2880, 'S009632', 'S005696', ''),
(2881, 'S005696', 'S009601', ''),
(2882, 'S009601', 'S005696', ''),
(2883, 'S005696', 'S006976', ''),
(2884, 'S006976', 'S005696', ''),
(2885, 'S005696', 'S008361', ''),
(2886, 'S008361', 'S005696', ''),
(2887, 'S005696', 'S009769', ''),
(2888, 'S009769', 'S005696', ''),
(2889, 'S005696', 'S001972', ''),
(2890, 'S001972', 'S005696', ''),
(2891, 'S005696', 'S003688', ''),
(2892, 'S003688', 'S005696', ''),
(2893, 'S005696', 'S008196', ''),
(2894, 'S008196', 'S005696', ''),
(2895, 'S005876', 'S002842', ''),
(2896, 'S002842', 'S005876', ''),
(2897, 'S005876', 'S007979', ''),
(2898, 'S007979', 'S005876', ''),
(2899, 'S005876', 'S006479', ''),
(2900, 'S006479', 'S005876', ''),
(2901, 'S005876', 'S008361', ''),
(2902, 'S008361', 'S005876', ''),
(2903, 'S005876', 'S007217', ''),
(2904, 'S007217', 'S005876', ''),
(2905, 'S005876', 'S009747', ''),
(2906, 'S009747', 'S005876', ''),
(2907, 'S005876', 'S008369', ''),
(2908, 'S008369', 'S005876', ''),
(2909, 'S005876', 'S004494', ''),
(2910, 'S004494', 'S005876', ''),
(2911, 'S005876', 'S007050', ''),
(2912, 'S007050', 'S005876', ''),
(2913, 'S005876', 'S004440', ''),
(2914, 'S004440', 'S005876', ''),
(2915, 'S005876', 'S005987', ''),
(2916, 'S005987', 'S005876', ''),
(2917, 'S005876', 'S006976', ''),
(2918, 'S006976', 'S005876', ''),
(2919, 'S005876', 'S003847', ''),
(2920, 'S003847', 'S005876', ''),
(2921, 'S005876', 'S008407', ''),
(2922, 'S008407', 'S005876', ''),
(2923, 'S005876', 'S008146', ''),
(2924, 'S008146', 'S005876', ''),
(2925, 'S005982', 'S005098', ''),
(2926, 'S005098', 'S005982', ''),
(2927, 'S005982', 'S004423', ''),
(2928, 'S004423', 'S005982', ''),
(2929, 'S005982', 'S001972', ''),
(2930, 'S001972', 'S005982', ''),
(2931, 'S005982', 'S006161', ''),
(2932, 'S006161', 'S005982', ''),
(2933, 'S005982', 'S004440', ''),
(2934, 'S004440', 'S005982', ''),
(2935, 'S005982', 'S008394', ''),
(2936, 'S008394', 'S005982', ''),
(2937, 'S005982', 'S009839', ''),
(2938, 'S009839', 'S005982', ''),
(2939, 'S005982', 'S007929', ''),
(2940, 'S007929', 'S005982', ''),
(2941, 'S005982', 'S003014', ''),
(2942, 'S003014', 'S005982', ''),
(2943, 'S005987', 'S004500', ''),
(2944, 'S004500', 'S005987', ''),
(2945, 'S005987', 'S009747', ''),
(2946, 'S009747', 'S005987', ''),
(2947, 'S005987', 'S004494', ''),
(2948, 'S004494', 'S005987', ''),
(2949, 'S005987', 'S007813', ''),
(2950, 'S007813', 'S005987', ''),
(2951, 'S005987', 'S002814', ''),
(2952, 'S002814', 'S005987', ''),
(2953, 'S005987', 'S003457', ''),
(2954, 'S003457', 'S005987', ''),
(2955, 'S005987', 'S009603', ''),
(2956, 'S009603', 'S005987', ''),
(2957, 'S005987', 'S005442', ''),
(2958, 'S005442', 'S005987', ''),
(2959, 'S005987', 'S006147', ''),
(2960, 'S006147', 'S005987', ''),
(2961, 'S005987', 'S001996', ''),
(2962, 'S001996', 'S005987', ''),
(2963, 'S005987', 'S003317', ''),
(2964, 'S003317', 'S005987', ''),
(2965, 'S005987', 'S009632', ''),
(2966, 'S009632', 'S005987', ''),
(2967, 'S005987', 'S009379', ''),
(2968, 'S009379', 'S005987', ''),
(2969, 'S005987', 'S003954', ''),
(2970, 'S003954', 'S005987', ''),
(2971, 'S005987', 'S007928', ''),
(2972, 'S007928', 'S005987', ''),
(2973, 'S005987', 'S002234', ''),
(2974, 'S002234', 'S005987', ''),
(2975, 'S005987', 'S006329', ''),
(2976, 'S006329', 'S005987', ''),
(2977, 'S006003', 'S003079', ''),
(2978, 'S003079', 'S006003', ''),
(2979, 'S006003', 'S004458', ''),
(2980, 'S004458', 'S006003', ''),
(2981, 'S006003', 'S009379', ''),
(2982, 'S009379', 'S006003', ''),
(2983, 'S006003', 'S003865', ''),
(2984, 'S003865', 'S006003', ''),
(2985, 'S006003', 'S006031', ''),
(2986, 'S006031', 'S006003', ''),
(2987, 'S006003', 'S004500', ''),
(2988, 'S004500', 'S006003', ''),
(2989, 'S006003', 'S002460', ''),
(2990, 'S002460', 'S006003', ''),
(2991, 'S006003', 'S001146', ''),
(2992, 'S001146', 'S006003', ''),
(2993, 'S006003', 'S004379', ''),
(2994, 'S004379', 'S006003', ''),
(2995, 'S006003', 'S009601', ''),
(2996, 'S009601', 'S006003', ''),
(2997, 'S006003', 'S003230', ''),
(2998, 'S003230', 'S006003', ''),
(2999, 'S006003', 'S006728', ''),
(3000, 'S006728', 'S006003', ''),
(3001, 'S006003', 'S007928', ''),
(3002, 'S007928', 'S006003', ''),
(3003, 'S006003', 'S005876', ''),
(3004, 'S005876', 'S006003', ''),
(3005, 'S006003', 'S009155', ''),
(3006, 'S009155', 'S006003', ''),
(3007, 'S006003', 'S008774', ''),
(3008, 'S008774', 'S006003', ''),
(3009, 'S006031', 'S003954', ''),
(3010, 'S003954', 'S006031', ''),
(3011, 'S006031', 'S004780', ''),
(3012, 'S004780', 'S006031', ''),
(3013, 'S006031', 'S007149', ''),
(3014, 'S007149', 'S006031', ''),
(3015, 'S006031', 'S008302', ''),
(3016, 'S008302', 'S006031', ''),
(3017, 'S006031', 'S006147', ''),
(3018, 'S006147', 'S006031', ''),
(3019, 'S006031', 'S001525', ''),
(3020, 'S001525', 'S006031', ''),
(3021, 'S006031', 'S005273', ''),
(3022, 'S005273', 'S006031', ''),
(3023, 'S006031', 'S004809', ''),
(3024, 'S004809', 'S006031', ''),
(3025, 'S006031', 'S008300', ''),
(3026, 'S008300', 'S006031', ''),
(3027, 'S006031', 'S006976', ''),
(3028, 'S006976', 'S006031', ''),
(3029, 'S006031', 'S006782', ''),
(3030, 'S006782', 'S006031', ''),
(3031, 'S006031', 'S007929', ''),
(3032, 'S007929', 'S006031', ''),
(3033, 'S006031', 'S009504', ''),
(3034, 'S009504', 'S006031', ''),
(3035, 'S006031', 'S007672', ''),
(3036, 'S007672', 'S006031', ''),
(3037, 'S006031', 'S005267', ''),
(3038, 'S005267', 'S006031', ''),
(3039, 'S006031', 'S009227', ''),
(3040, 'S009227', 'S006031', ''),
(3041, 'S006031', 'S007934', ''),
(3042, 'S007934', 'S006031', ''),
(3043, 'S006031', 'S007330', ''),
(3044, 'S007330', 'S006031', ''),
(3045, 'S006031', 'S002281', ''),
(3046, 'S002281', 'S006031', ''),
(3047, 'S006031', 'S004309', ''),
(3048, 'S004309', 'S006031', ''),
(3049, 'S006147', 'S007109', ''),
(3050, 'S007109', 'S006147', ''),
(3051, 'S006147', 'S004809', ''),
(3052, 'S004809', 'S006147', ''),
(3053, 'S006147', 'S005267', ''),
(3054, 'S005267', 'S006147', ''),
(3055, 'S006147', 'S003051', ''),
(3056, 'S003051', 'S006147', ''),
(3057, 'S006147', 'S004898', ''),
(3058, 'S004898', 'S006147', ''),
(3059, 'S006147', 'S006198', ''),
(3060, 'S006198', 'S006147', ''),
(3061, 'S006147', 'S004494', ''),
(3062, 'S004494', 'S006147', ''),
(3063, 'S006147', 'S007149', ''),
(3064, 'S007149', 'S006147', ''),
(3065, 'S006147', 'S004070', ''),
(3066, 'S004070', 'S006147', ''),
(3067, 'S006147', 'S003373', ''),
(3068, 'S003373', 'S006147', ''),
(3069, 'S006147', 'S002750', ''),
(3070, 'S002750', 'S006147', ''),
(3071, 'S006147', 'S008196', ''),
(3072, 'S008196', 'S006147', ''),
(3073, 'S006147', 'S004351', ''),
(3074, 'S004351', 'S006147', ''),
(3075, 'S006147', 'S005982', ''),
(3076, 'S005982', 'S006147', ''),
(3077, 'S006147', 'S009747', ''),
(3078, 'S009747', 'S006147', ''),
(3079, 'S006147', 'S004429', ''),
(3080, 'S004429', 'S006147', ''),
(3081, 'S006147', 'S003079', ''),
(3082, 'S003079', 'S006147', ''),
(3083, 'S006147', 'S007689', ''),
(3084, 'S007689', 'S006147', ''),
(3085, 'S006147', 'S008146', ''),
(3086, 'S008146', 'S006147', ''),
(3087, 'S006147', 'S006737', ''),
(3088, 'S006737', 'S006147', ''),
(3089, 'S006147', 'S007050', ''),
(3090, 'S007050', 'S006147', ''),
(3091, 'S006147', 'S008186', ''),
(3092, 'S008186', 'S006147', ''),
(3093, 'S006147', 'S008588', ''),
(3094, 'S008588', 'S006147', ''),
(3095, 'S006147', 'S008940', ''),
(3096, 'S008940', 'S006147', ''),
(3097, 'S006147', 'S009809', ''),
(3098, 'S009809', 'S006147', ''),
(3099, 'S006147', 'S006479', ''),
(3100, 'S006479', 'S006147', ''),
(3101, 'S006147', 'S009504', ''),
(3102, 'S009504', 'S006147', ''),
(3103, 'S006161', 'S008361', ''),
(3104, 'S008361', 'S006161', ''),
(3105, 'S006161', 'S009795', ''),
(3106, 'S009795', 'S006161', ''),
(3107, 'S006161', 'S003231', ''),
(3108, 'S003231', 'S006161', ''),
(3109, 'S006161', 'S006541', ''),
(3110, 'S006541', 'S006161', ''),
(3111, 'S006161', 'S008369', ''),
(3112, 'S008369', 'S006161', ''),
(3113, 'S006161', 'S008343', ''),
(3114, 'S008343', 'S006161', ''),
(3115, 'S006161', 'S008196', ''),
(3116, 'S008196', 'S006161', ''),
(3117, 'S006161', 'S003977', ''),
(3118, 'S003977', 'S006161', ''),
(3119, 'S006161', 'S004494', ''),
(3120, 'S004494', 'S006161', ''),
(3121, 'S006161', 'S006329', ''),
(3122, 'S006329', 'S006161', ''),
(3123, 'S006161', 'S009603', ''),
(3124, 'S009603', 'S006161', ''),
(3125, 'S006161', 'S007813', ''),
(3126, 'S007813', 'S006161', ''),
(3127, 'S006161', 'S001383', ''),
(3128, 'S001383', 'S006161', ''),
(3129, 'S006161', 'S005442', ''),
(3130, 'S005442', 'S006161', ''),
(3131, 'S006198', 'S006782', ''),
(3132, 'S006782', 'S006198', ''),
(3133, 'S006198', 'S003752', ''),
(3134, 'S003752', 'S006198', ''),
(3135, 'S006198', 'S008905', ''),
(3136, 'S008905', 'S006198', ''),
(3137, 'S006198', 'S004898', ''),
(3138, 'S004898', 'S006198', ''),
(3139, 'S006198', 'S002750', ''),
(3140, 'S002750', 'S006198', ''),
(3141, 'S006198', 'S003475', ''),
(3142, 'S003475', 'S006198', ''),
(3143, 'S006198', 'S008244', ''),
(3144, 'S008244', 'S006198', ''),
(3145, 'S006198', 'S007672', ''),
(3146, 'S007672', 'S006198', '');
INSERT INTO `Friendship` (`ID`, `FIRST_USER_ID`, `SECOND_USER_ID`, `MESSAGE`) VALUES
(3147, 'S006198', 'S002584', ''),
(3148, 'S002584', 'S006198', ''),
(3149, 'S006198', 'S001352', ''),
(3150, 'S001352', 'S006198', ''),
(3151, 'S006198', 'S009632', ''),
(3152, 'S009632', 'S006198', ''),
(3153, 'S006198', 'S003930', ''),
(3154, 'S003930', 'S006198', ''),
(3155, 'S006198', 'S003663', ''),
(3156, 'S003663', 'S006198', ''),
(3157, 'S006198', 'S002460', ''),
(3158, 'S002460', 'S006198', ''),
(3159, 'S006198', 'S009912', ''),
(3160, 'S009912', 'S006198', ''),
(3161, 'S006198', 'S009322', ''),
(3162, 'S009322', 'S006198', ''),
(3163, 'S006198', 'S003842', ''),
(3164, 'S003842', 'S006198', ''),
(3165, 'S006198', 'S008300', ''),
(3166, 'S008300', 'S006198', ''),
(3167, 'S006198', 'S007148', ''),
(3168, 'S007148', 'S006198', ''),
(3169, 'S006198', 'S005982', ''),
(3170, 'S005982', 'S006198', ''),
(3171, 'S006198', 'S004848', ''),
(3172, 'S004848', 'S006198', ''),
(3173, 'S006198', 'S007701', ''),
(3174, 'S007701', 'S006198', ''),
(3177, 'S006198', 'S006460', ''),
(3178, 'S006460', 'S006198', ''),
(3179, 'S006270', 'S006976', ''),
(3180, 'S006976', 'S006270', ''),
(3181, 'S006270', 'S002814', ''),
(3182, 'S002814', 'S006270', ''),
(3183, 'S006270', 'S005543', ''),
(3184, 'S005543', 'S006270', ''),
(3185, 'S006270', 'S003475', ''),
(3186, 'S003475', 'S006270', ''),
(3187, 'S006270', 'S003230', ''),
(3188, 'S003230', 'S006270', ''),
(3189, 'S006270', 'S003752', ''),
(3190, 'S003752', 'S006270', ''),
(3191, 'S006270', 'S002044', ''),
(3192, 'S002044', 'S006270', ''),
(3193, 'S006270', 'S009379', ''),
(3194, 'S009379', 'S006270', ''),
(3195, 'S006270', 'S003231', ''),
(3196, 'S003231', 'S006270', ''),
(3197, 'S006270', 'S001972', ''),
(3198, 'S001972', 'S006270', ''),
(3199, 'S006270', 'S004500', ''),
(3200, 'S004500', 'S006270', ''),
(3201, 'S006329', 'S001383', ''),
(3202, 'S001383', 'S006329', ''),
(3203, 'S006329', 'S003644', ''),
(3204, 'S003644', 'S006329', ''),
(3205, 'S006329', 'S009769', ''),
(3206, 'S009769', 'S006329', ''),
(3207, 'S006329', 'S006460', ''),
(3208, 'S006460', 'S006329', ''),
(3209, 'S006329', 'S005876', ''),
(3210, 'S005876', 'S006329', ''),
(3211, 'S006329', 'S006737', ''),
(3212, 'S006737', 'S006329', ''),
(3213, 'S006329', 'S004458', ''),
(3214, 'S004458', 'S006329', ''),
(3215, 'S006329', 'S008361', ''),
(3216, 'S008361', 'S006329', ''),
(3217, 'S006329', 'S006541', ''),
(3218, 'S006541', 'S006329', ''),
(3219, 'S006329', 'S005267', ''),
(3220, 'S005267', 'S006329', ''),
(3221, 'S006329', 'S003120', ''),
(3222, 'S003120', 'S006329', ''),
(3223, 'S006329', 'S004309', ''),
(3224, 'S004309', 'S006329', ''),
(3225, 'S006329', 'S004494', ''),
(3226, 'S004494', 'S006329', ''),
(3227, 'S006329', 'S008905', ''),
(3228, 'S008905', 'S006329', ''),
(3229, 'S006329', 'S004913', ''),
(3230, 'S004913', 'S006329', ''),
(3231, 'S006329', 'S007689', ''),
(3232, 'S007689', 'S006329', ''),
(3233, 'S006329', 'S008300', ''),
(3234, 'S008300', 'S006329', ''),
(3235, 'S006329', 'S006782', ''),
(3236, 'S006782', 'S006329', ''),
(3237, 'S006329', 'S001970', ''),
(3238, 'S001970', 'S006329', ''),
(3239, 'S006329', 'S001525', ''),
(3240, 'S001525', 'S006329', ''),
(3241, 'S006329', 'S003457', ''),
(3242, 'S003457', 'S006329', ''),
(3243, 'S006329', 'S003931', ''),
(3244, 'S003931', 'S006329', ''),
(3245, 'S006329', 'S003307', ''),
(3246, 'S003307', 'S006329', ''),
(3247, 'S006329', 'S001156', ''),
(3248, 'S001156', 'S006329', ''),
(3249, 'S006329', 'S003865', ''),
(3250, 'S003865', 'S006329', ''),
(3251, 'S006329', 'S005442', ''),
(3252, 'S005442', 'S006329', ''),
(3253, 'S006329', 'S009839', ''),
(3254, 'S009839', 'S006329', ''),
(3255, 'S006329', 'S008244', ''),
(3256, 'S008244', 'S006329', ''),
(3257, 'S006460', 'S009603', ''),
(3258, 'S009603', 'S006460', ''),
(3259, 'S006460', 'S005267', ''),
(3260, 'S005267', 'S006460', ''),
(3261, 'S006460', 'S004429', ''),
(3262, 'S004429', 'S006460', ''),
(3263, 'S006460', 'S006479', ''),
(3264, 'S006479', 'S006460', ''),
(3265, 'S006460', 'S002071', ''),
(3266, 'S002071', 'S006460', ''),
(3267, 'S006460', 'S009632', ''),
(3268, 'S009632', 'S006460', ''),
(3269, 'S006460', 'S006782', ''),
(3270, 'S006782', 'S006460', ''),
(3271, 'S006460', 'S009644', ''),
(3272, 'S009644', 'S006460', ''),
(3273, 'S006460', 'S006541', ''),
(3274, 'S006541', 'S006460', ''),
(3275, 'S006460', 'S007330', ''),
(3276, 'S007330', 'S006460', ''),
(3277, 'S006460', 'S004032', ''),
(3278, 'S004032', 'S006460', ''),
(3279, 'S006460', 'S009912', ''),
(3280, 'S009912', 'S006460', ''),
(3281, 'S006460', 'S006147', ''),
(3282, 'S006147', 'S006460', ''),
(3283, 'S006460', 'S008369', ''),
(3284, 'S008369', 'S006460', ''),
(3285, 'S006460', 'S007672', ''),
(3286, 'S007672', 'S006460', ''),
(3287, 'S006460', 'S002281', ''),
(3288, 'S002281', 'S006460', ''),
(3289, 'S006460', 'S009379', ''),
(3290, 'S009379', 'S006460', ''),
(3291, 'S006460', 'S001996', ''),
(3292, 'S001996', 'S006460', ''),
(3293, 'S006460', 'S008588', ''),
(3294, 'S008588', 'S006460', ''),
(3295, 'S006460', 'S003120', ''),
(3296, 'S003120', 'S006460', ''),
(3297, 'S006460', 'S008394', ''),
(3298, 'S008394', 'S006460', ''),
(3299, 'S006460', 'S006777', ''),
(3300, 'S006777', 'S006460', ''),
(3301, 'S006460', 'S001970', ''),
(3302, 'S001970', 'S006460', ''),
(3303, 'S006460', 'S007689', ''),
(3304, 'S007689', 'S006460', ''),
(3305, 'S006460', 'S001972', ''),
(3306, 'S001972', 'S006460', ''),
(3307, 'S006479', 'S007689', ''),
(3308, 'S007689', 'S006479', ''),
(3309, 'S006479', 'S002842', ''),
(3310, 'S002842', 'S006479', ''),
(3311, 'S006479', 'S001996', ''),
(3312, 'S001996', 'S006479', ''),
(3313, 'S006479', 'S009809', ''),
(3314, 'S009809', 'S006479', ''),
(3315, 'S006479', 'S008343', ''),
(3316, 'S008343', 'S006479', ''),
(3317, 'S006479', 'S004032', ''),
(3318, 'S004032', 'S006479', ''),
(3319, 'S006479', 'S009603', ''),
(3320, 'S009603', 'S006479', ''),
(3321, 'S006479', 'S001156', ''),
(3322, 'S001156', 'S006479', ''),
(3323, 'S006479', 'S007672', ''),
(3324, 'S007672', 'S006479', ''),
(3325, 'S006479', 'S008196', ''),
(3326, 'S008196', 'S006479', ''),
(3327, 'S006479', 'S009604', ''),
(3328, 'S009604', 'S006479', ''),
(3329, 'S006479', 'S001908', ''),
(3330, 'S001908', 'S006479', ''),
(3331, 'S006479', 'S009754', ''),
(3332, 'S009754', 'S006479', ''),
(3333, 'S006479', 'S008146', ''),
(3334, 'S008146', 'S006479', ''),
(3335, 'S006479', 'S001970', ''),
(3336, 'S001970', 'S006479', ''),
(3337, 'S006479', 'S005185', ''),
(3338, 'S005185', 'S006479', ''),
(3339, 'S006479', 'S003954', ''),
(3340, 'S003954', 'S006479', ''),
(3341, 'S006479', 'S007693', ''),
(3342, 'S007693', 'S006479', ''),
(3343, 'S006479', 'S004351', ''),
(3344, 'S004351', 'S006479', ''),
(3345, 'S006479', 'S001352', ''),
(3346, 'S001352', 'S006479', ''),
(3347, 'S006541', 'S003688', ''),
(3348, 'S003688', 'S006541', ''),
(3349, 'S006541', 'S003977', ''),
(3350, 'S003977', 'S006541', ''),
(3351, 'S006541', 'S008774', ''),
(3352, 'S008774', 'S006541', ''),
(3353, 'S006541', 'S009603', ''),
(3354, 'S009603', 'S006541', ''),
(3355, 'S006541', 'S009964', ''),
(3356, 'S009964', 'S006541', ''),
(3357, 'S006541', 'S006003', ''),
(3358, 'S006003', 'S006541', ''),
(3359, 'S006541', 'S007408', ''),
(3360, 'S007408', 'S006541', ''),
(3361, 'S006541', 'S007148', ''),
(3362, 'S007148', 'S006541', ''),
(3363, 'S006541', 'S003231', ''),
(3364, 'S003231', 'S006541', ''),
(3365, 'S006541', 'S003457', ''),
(3366, 'S003457', 'S006541', ''),
(3367, 'S006541', 'S003475', ''),
(3368, 'S003475', 'S006541', ''),
(3369, 'S006541', 'S009379', ''),
(3370, 'S009379', 'S006541', ''),
(3371, 'S006541', 'S008369', ''),
(3372, 'S008369', 'S006541', ''),
(3373, 'S006728', 'S003930', ''),
(3374, 'S003930', 'S006728', ''),
(3375, 'S006728', 'S008085', ''),
(3376, 'S008085', 'S006728', ''),
(3377, 'S006728', 'S001156', ''),
(3378, 'S001156', 'S006728', ''),
(3379, 'S006728', 'S007238', ''),
(3380, 'S007238', 'S006728', ''),
(3381, 'S006728', 'S006976', ''),
(3382, 'S006976', 'S006728', ''),
(3383, 'S006728', 'S003847', ''),
(3384, 'S003847', 'S006728', ''),
(3385, 'S006728', 'S007149', ''),
(3386, 'S007149', 'S006728', ''),
(3387, 'S006728', 'S002414', ''),
(3388, 'S002414', 'S006728', ''),
(3389, 'S006728', 'S005535', ''),
(3390, 'S005535', 'S006728', ''),
(3391, 'S006728', 'S007330', ''),
(3392, 'S007330', 'S006728', ''),
(3393, 'S006728', 'S008244', ''),
(3394, 'S008244', 'S006728', ''),
(3395, 'S006728', 'S007884', ''),
(3396, 'S007884', 'S006728', ''),
(3397, 'S006737', 'S001525', ''),
(3398, 'S001525', 'S006737', ''),
(3399, 'S006737', 'S007813', ''),
(3400, 'S007813', 'S006737', ''),
(3401, 'S006737', 'S009632', ''),
(3402, 'S009632', 'S006737', ''),
(3403, 'S006737', 'S008407', ''),
(3404, 'S008407', 'S006737', ''),
(3405, 'S006737', 'S005543', ''),
(3406, 'S005543', 'S006737', ''),
(3407, 'S006737', 'S009322', ''),
(3408, 'S009322', 'S006737', ''),
(3409, 'S006737', 'S003865', ''),
(3410, 'S003865', 'S006737', ''),
(3411, 'S006737', 'S003457', ''),
(3412, 'S003457', 'S006737', ''),
(3413, 'S006737', 'S003079', ''),
(3414, 'S003079', 'S006737', ''),
(3415, 'S006737', 'S005987', ''),
(3416, 'S005987', 'S006737', ''),
(3417, 'S006737', 'S006031', ''),
(3418, 'S006031', 'S006737', ''),
(3419, 'S006737', 'S008394', ''),
(3420, 'S008394', 'S006737', ''),
(3421, 'S006737', 'S005080', ''),
(3422, 'S005080', 'S006737', ''),
(3423, 'S006737', 'S004429', ''),
(3424, 'S004429', 'S006737', ''),
(3425, 'S006737', 'S009839', ''),
(3426, 'S009839', 'S006737', ''),
(3427, 'S006737', 'S006479', ''),
(3428, 'S006479', 'S006737', ''),
(3429, 'S006737', 'S007979', ''),
(3430, 'S007979', 'S006737', ''),
(3431, 'S006737', 'S009227', ''),
(3432, 'S009227', 'S006737', ''),
(3433, 'S006737', 'S005098', ''),
(3434, 'S005098', 'S006737', ''),
(3435, 'S006737', 'S008085', ''),
(3436, 'S008085', 'S006737', ''),
(3437, 'S006737', 'S006270', ''),
(3438, 'S006270', 'S006737', ''),
(3439, 'S006737', 'S004070', ''),
(3440, 'S004070', 'S006737', ''),
(3441, 'S006737', 'S009809', ''),
(3442, 'S009809', 'S006737', ''),
(3443, 'S006777', 'S003644', ''),
(3444, 'S003644', 'S006777', ''),
(3445, 'S006777', 'S009693', ''),
(3446, 'S009693', 'S006777', ''),
(3447, 'S006777', 'S005987', ''),
(3448, 'S005987', 'S006777', ''),
(3449, 'S006777', 'S009322', ''),
(3450, 'S009322', 'S006777', ''),
(3451, 'S006777', 'S005080', ''),
(3452, 'S005080', 'S006777', ''),
(3453, 'S006777', 'S006479', ''),
(3454, 'S006479', 'S006777', ''),
(3455, 'S006777', 'S002044', ''),
(3456, 'S002044', 'S006777', ''),
(3457, 'S006777', 'S003373', ''),
(3458, 'S003373', 'S006777', ''),
(3459, 'S006777', 'S004429', ''),
(3460, 'S004429', 'S006777', ''),
(3461, 'S006777', 'S002213', ''),
(3462, 'S002213', 'S006777', ''),
(3463, 'S006777', 'S003954', ''),
(3464, 'S003954', 'S006777', ''),
(3465, 'S006777', 'S008940', ''),
(3466, 'S008940', 'S006777', ''),
(3467, 'S006777', 'S008343', ''),
(3468, 'S008343', 'S006777', ''),
(3469, 'S006777', 'S001996', ''),
(3470, 'S001996', 'S006777', ''),
(3471, 'S006777', 'S008929', ''),
(3472, 'S008929', 'S006777', ''),
(3473, 'S006777', 'S009601', ''),
(3474, 'S009601', 'S006777', ''),
(3475, 'S006777', 'S004927', ''),
(3476, 'S004927', 'S006777', ''),
(3477, 'S006777', 'S003231', ''),
(3478, 'S003231', 'S006777', ''),
(3479, 'S006777', 'S001867', ''),
(3480, 'S001867', 'S006777', ''),
(3481, 'S006777', 'S005273', ''),
(3482, 'S005273', 'S006777', ''),
(3483, 'S006777', 'S005982', ''),
(3484, 'S005982', 'S006777', ''),
(3485, 'S006777', 'S007929', ''),
(3486, 'S007929', 'S006777', ''),
(3487, 'S006777', 'S008407', ''),
(3488, 'S008407', 'S006777', ''),
(3489, 'S006777', 'S006737', ''),
(3490, 'S006737', 'S006777', ''),
(3491, 'S006777', 'S004494', ''),
(3492, 'S004494', 'S006777', ''),
(3493, 'S006782', 'S008146', ''),
(3494, 'S008146', 'S006782', ''),
(3495, 'S006782', 'S009693', ''),
(3496, 'S009693', 'S006782', ''),
(3497, 'S006782', 'S008369', ''),
(3498, 'S008369', 'S006782', ''),
(3499, 'S006782', 'S008186', ''),
(3500, 'S008186', 'S006782', ''),
(3501, 'S006782', 'S008774', ''),
(3502, 'S008774', 'S006782', ''),
(3503, 'S006782', 'S004500', ''),
(3504, 'S004500', 'S006782', ''),
(3505, 'S006976', 'S005442', ''),
(3506, 'S005442', 'S006976', ''),
(3507, 'S006976', 'S006777', ''),
(3508, 'S006777', 'S006976', ''),
(3509, 'S006976', 'S003231', ''),
(3510, 'S003231', 'S006976', ''),
(3511, 'S006976', 'S005535', ''),
(3512, 'S005535', 'S006976', ''),
(3513, 'S006976', 'S008588', ''),
(3514, 'S008588', 'S006976', ''),
(3515, 'S006976', 'S001352', ''),
(3516, 'S001352', 'S006976', ''),
(3517, 'S006976', 'S005273', ''),
(3518, 'S005273', 'S006976', ''),
(3519, 'S006976', 'S009604', ''),
(3520, 'S009604', 'S006976', ''),
(3521, 'S006976', 'S007884', ''),
(3522, 'S007884', 'S006976', ''),
(3523, 'S006976', 'S003930', ''),
(3524, 'S003930', 'S006976', ''),
(3525, 'S006976', 'S008244', ''),
(3526, 'S008244', 'S006976', ''),
(3527, 'S007050', 'S002814', ''),
(3528, 'S002814', 'S007050', ''),
(3529, 'S007050', 'S004070', ''),
(3530, 'S004070', 'S007050', ''),
(3531, 'S007050', 'S001156', ''),
(3532, 'S001156', 'S007050', ''),
(3533, 'S007050', 'S007330', ''),
(3534, 'S007330', 'S007050', ''),
(3535, 'S007050', 'S008302', ''),
(3536, 'S008302', 'S007050', ''),
(3537, 'S007050', 'S004351', ''),
(3538, 'S004351', 'S007050', ''),
(3539, 'S007050', 'S004440', ''),
(3540, 'S004440', 'S007050', ''),
(3541, 'S007050', 'S002234', ''),
(3542, 'S002234', 'S007050', ''),
(3543, 'S007050', 'S008186', ''),
(3544, 'S008186', 'S007050', ''),
(3545, 'S007050', 'S009747', ''),
(3546, 'S009747', 'S007050', ''),
(3547, 'S007050', 'S005098', ''),
(3548, 'S005098', 'S007050', ''),
(3549, 'S007050', 'S007934', ''),
(3550, 'S007934', 'S007050', ''),
(3551, 'S007050', 'S004927', ''),
(3552, 'S004927', 'S007050', ''),
(3553, 'S007050', 'S002281', ''),
(3554, 'S002281', 'S007050', ''),
(3555, 'S007050', 'S008940', ''),
(3556, 'S008940', 'S007050', ''),
(3557, 'S007050', 'S009352', ''),
(3558, 'S009352', 'S007050', ''),
(3559, 'S007050', 'S009693', ''),
(3560, 'S009693', 'S007050', ''),
(3561, 'S007050', 'S001383', ''),
(3562, 'S001383', 'S007050', ''),
(3563, 'S007109', 'S007050', ''),
(3564, 'S007050', 'S007109', ''),
(3565, 'S007109', 'S002584', ''),
(3566, 'S002584', 'S007109', ''),
(3567, 'S007109', 'S006737', ''),
(3568, 'S006737', 'S007109', ''),
(3569, 'S007109', 'S002234', ''),
(3570, 'S002234', 'S007109', ''),
(3571, 'S007109', 'S008407', ''),
(3572, 'S008407', 'S007109', ''),
(3573, 'S007109', 'S006198', ''),
(3574, 'S006198', 'S007109', ''),
(3575, 'S007109', 'S008302', ''),
(3576, 'S008302', 'S007109', ''),
(3577, 'S007109', 'S004309', ''),
(3578, 'S004309', 'S007109', ''),
(3579, 'S007109', 'S003644', ''),
(3580, 'S003644', 'S007109', ''),
(3581, 'S007109', 'S009603', ''),
(3582, 'S009603', 'S007109', ''),
(3583, 'S007109', 'S005098', ''),
(3584, 'S005098', 'S007109', ''),
(3585, 'S007109', 'S009352', ''),
(3586, 'S009352', 'S007109', ''),
(3587, 'S007109', 'S003842', ''),
(3588, 'S003842', 'S007109', ''),
(3589, 'S007109', 'S004440', ''),
(3590, 'S004440', 'S007109', ''),
(3591, 'S007109', 'S005185', ''),
(3592, 'S005185', 'S007109', ''),
(3593, 'S007109', 'S002842', ''),
(3594, 'S002842', 'S007109', ''),
(3595, 'S007109', 'S007672', ''),
(3596, 'S007672', 'S007109', ''),
(3597, 'S007109', 'S002044', ''),
(3598, 'S002044', 'S007109', ''),
(3599, 'S007148', 'S002814', ''),
(3600, 'S002814', 'S007148', ''),
(3601, 'S007148', 'S009322', ''),
(3602, 'S009322', 'S007148', ''),
(3603, 'S007148', 'S009769', ''),
(3604, 'S009769', 'S007148', ''),
(3605, 'S007148', 'S009795', ''),
(3606, 'S009795', 'S007148', ''),
(3607, 'S007148', 'S004423', ''),
(3608, 'S004423', 'S007148', ''),
(3609, 'S007148', 'S003317', ''),
(3610, 'S003317', 'S007148', ''),
(3611, 'S007149', 'S002414', ''),
(3612, 'S002414', 'S007149', ''),
(3613, 'S007149', 'S008369', 'Ryan?'),
(3614, 'S008369', 'S007149', ''),
(3615, 'S007149', 'S009795', ''),
(3616, 'S009795', 'S007149', ''),
(3617, 'S007149', 'S002281', ''),
(3618, 'S002281', 'S007149', ''),
(3619, 'S007149', 'S002460', ''),
(3620, 'S002460', 'S007149', ''),
(3621, 'S007149', 'S006737', ''),
(3622, 'S006737', 'S007149', ''),
(3623, 'S007217', 'S001352', ''),
(3624, 'S001352', 'S007217', ''),
(3625, 'S007217', 'S004440', ''),
(3626, 'S004440', 'S007217', ''),
(3627, 'S007217', 'S004898', ''),
(3628, 'S004898', 'S007217', ''),
(3629, 'S007217', 'S007672', ''),
(3630, 'S007672', 'S007217', ''),
(3631, 'S007217', 'S003842', ''),
(3632, 'S003842', 'S007217', ''),
(3633, 'S007217', 'S007813', ''),
(3634, 'S007813', 'S007217', ''),
(3635, 'S007217', 'S002044', ''),
(3636, 'S002044', 'S007217', ''),
(3637, 'S007217', 'S003079', ''),
(3638, 'S003079', 'S007217', ''),
(3639, 'S007217', 'S004913', ''),
(3640, 'S004913', 'S007217', ''),
(3641, 'S007217', 'S002814', ''),
(3642, 'S002814', 'S007217', ''),
(3643, 'S007217', 'S002414', ''),
(3644, 'S002414', 'S007217', ''),
(3645, 'S007217', 'S005982', ''),
(3646, 'S005982', 'S007217', ''),
(3647, 'S007217', 'S003052', ''),
(3648, 'S003052', 'S007217', ''),
(3649, 'S007217', 'S009296', ''),
(3650, 'S009296', 'S007217', ''),
(3651, 'S007217', 'S009379', ''),
(3652, 'S009379', 'S007217', ''),
(3653, 'S007217', 'S007979', ''),
(3654, 'S007979', 'S007217', ''),
(3655, 'S007217', 'S008361', ''),
(3656, 'S008361', 'S007217', ''),
(3657, 'S007217', 'S007701', ''),
(3658, 'S007701', 'S007217', ''),
(3659, 'S007217', 'S009809', ''),
(3660, 'S009809', 'S007217', ''),
(3661, 'S007217', 'S009795', ''),
(3662, 'S009795', 'S007217', ''),
(3663, 'S007217', 'S008929', ''),
(3664, 'S008929', 'S007217', ''),
(3665, 'S007217', 'S004429', ''),
(3666, 'S004429', 'S007217', ''),
(3667, 'S007217', 'S006460', ''),
(3668, 'S006460', 'S007217', ''),
(3669, 'S007217', 'S003317', ''),
(3670, 'S003317', 'S007217', ''),
(3671, 'S007217', 'S004780', ''),
(3672, 'S004780', 'S007217', ''),
(3673, 'S007238', 'S009352', ''),
(3674, 'S009352', 'S007238', ''),
(3675, 'S007238', 'S009693', ''),
(3676, 'S009693', 'S007238', ''),
(3677, 'S007238', 'S002044', ''),
(3678, 'S002044', 'S007238', ''),
(3679, 'S007238', 'S009603', ''),
(3680, 'S009603', 'S007238', ''),
(3681, 'S007238', 'S001970', ''),
(3682, 'S001970', 'S007238', ''),
(3683, 'S007238', 'S005535', ''),
(3684, 'S005535', 'S007238', ''),
(3685, 'S007238', 'S008905', ''),
(3686, 'S008905', 'S007238', ''),
(3687, 'S007238', 'S005987', ''),
(3688, 'S005987', 'S007238', ''),
(3689, 'S007238', 'S003307', ''),
(3690, 'S003307', 'S007238', ''),
(3691, 'S007238', 'S009912', ''),
(3692, 'S009912', 'S007238', ''),
(3693, 'S007330', 'S006270', ''),
(3694, 'S006270', 'S007330', ''),
(3695, 'S007330', 'S007109', ''),
(3696, 'S007109', 'S007330', ''),
(3697, 'S007330', 'S003014', ''),
(3698, 'S003014', 'S007330', ''),
(3699, 'S007330', 'S007693', ''),
(3700, 'S007693', 'S007330', ''),
(3701, 'S007330', 'S007408', ''),
(3702, 'S007408', 'S007330', ''),
(3703, 'S007330', 'S001908', ''),
(3704, 'S001908', 'S007330', ''),
(3705, 'S007330', 'S006161', ''),
(3706, 'S006161', 'S007330', ''),
(3707, 'S007330', 'S005696', ''),
(3708, 'S005696', 'S007330', ''),
(3709, 'S007330', 'S001867', ''),
(3710, 'S001867', 'S007330', ''),
(3711, 'S007330', 'S009644', ''),
(3712, 'S009644', 'S007330', ''),
(3713, 'S007330', 'S009693', ''),
(3714, 'S009693', 'S007330', ''),
(3715, 'S007408', 'S008394', ''),
(3716, 'S008394', 'S007408', ''),
(3717, 'S007408', 'S009352', ''),
(3718, 'S009352', 'S007408', ''),
(3719, 'S007408', 'S007217', ''),
(3720, 'S007217', 'S007408', ''),
(3721, 'S007408', 'S007050', ''),
(3722, 'S007050', 'S007408', ''),
(3723, 'S007408', 'S008085', ''),
(3724, 'S008085', 'S007408', ''),
(3725, 'S007408', 'S003688', ''),
(3726, 'S003688', 'S007408', ''),
(3727, 'S007408', 'S003230', ''),
(3728, 'S003230', 'S007408', ''),
(3729, 'S007408', 'S005098', ''),
(3730, 'S005098', 'S007408', ''),
(3731, 'S007408', 'S009964', ''),
(3732, 'S009964', 'S007408', ''),
(3733, 'S007408', 'S006329', ''),
(3734, 'S006329', 'S007408', ''),
(3735, 'S007408', 'S001996', ''),
(3736, 'S001996', 'S007408', ''),
(3737, 'S007408', 'S002281', ''),
(3738, 'S002281', 'S007408', ''),
(3739, 'S007408', 'S009504', ''),
(3740, 'S009504', 'S007408', ''),
(3741, 'S007408', 'S003307', ''),
(3742, 'S003307', 'S007408', ''),
(3743, 'S007408', 'S008146', ''),
(3744, 'S008146', 'S007408', ''),
(3745, 'S007408', 'S003373', ''),
(3746, 'S003373', 'S007408', ''),
(3747, 'S007408', 'S004898', ''),
(3748, 'S004898', 'S007408', ''),
(3749, 'S007408', 'S008588', ''),
(3750, 'S008588', 'S007408', ''),
(3751, 'S007408', 'S003041', ''),
(3752, 'S003041', 'S007408', ''),
(3753, 'S007408', 'S005876', ''),
(3754, 'S005876', 'S007408', ''),
(3755, 'S007408', 'S005987', ''),
(3756, 'S005987', 'S007408', ''),
(3757, 'S007408', 'S001525', ''),
(3758, 'S001525', 'S007408', ''),
(3759, 'S007408', 'S004423', ''),
(3760, 'S004423', 'S007408', ''),
(3761, 'S007408', 'S003752', ''),
(3762, 'S003752', 'S007408', ''),
(3763, 'S007408', 'S007813', ''),
(3764, 'S007813', 'S007408', ''),
(3765, 'S007408', 'S006031', ''),
(3766, 'S006031', 'S007408', ''),
(3767, 'S007408', 'S001383', ''),
(3768, 'S001383', 'S007408', ''),
(3769, 'S007408', 'S006479', ''),
(3770, 'S006479', 'S007408', ''),
(3771, 'S007408', 'S009603', ''),
(3772, 'S009603', 'S007408', ''),
(3773, 'S007672', 'S006976', ''),
(3774, 'S006976', 'S007672', ''),
(3775, 'S007672', 'S002281', ''),
(3776, 'S002281', 'S007672', ''),
(3777, 'S007672', 'S007813', ''),
(3778, 'S007813', 'S007672', ''),
(3779, 'S007672', 'S003457', ''),
(3780, 'S003457', 'S007672', ''),
(3781, 'S007672', 'S002414', ''),
(3782, 'S002414', 'S007672', ''),
(3783, 'S007672', 'S006782', ''),
(3784, 'S006782', 'S007672', ''),
(3785, 'S007672', 'S004070', ''),
(3786, 'S004070', 'S007672', ''),
(3787, 'S007672', 'S008369', ''),
(3788, 'S008369', 'S007672', ''),
(3789, 'S007672', 'S003842', ''),
(3790, 'S003842', 'S007672', ''),
(3791, 'S007672', 'S009839', ''),
(3792, 'S009839', 'S007672', ''),
(3793, 'S007672', 'S005185', ''),
(3794, 'S005185', 'S007672', ''),
(3795, 'S007689', 'S005273', ''),
(3796, 'S005273', 'S007689', ''),
(3797, 'S007689', 'S007979', ''),
(3798, 'S007979', 'S007689', ''),
(3799, 'S007689', 'S009322', ''),
(3800, 'S009322', 'S007689', ''),
(3801, 'S007689', 'S005267', ''),
(3802, 'S005267', 'S007689', ''),
(3803, 'S007689', 'S005696', ''),
(3804, 'S005696', 'S007689', ''),
(3805, 'S007689', 'S009604', ''),
(3806, 'S009604', 'S007689', ''),
(3807, 'S007689', 'S007813', ''),
(3808, 'S007813', 'S007689', ''),
(3809, 'S007689', 'S003752', ''),
(3810, 'S003752', 'S007689', ''),
(3811, 'S007689', 'S004898', ''),
(3812, 'S004898', 'S007689', ''),
(3813, 'S007689', 'S003317', ''),
(3814, 'S003317', 'S007689', ''),
(3815, 'S007689', 'S001908', ''),
(3816, 'S001908', 'S007689', ''),
(3817, 'S007689', 'S008588', ''),
(3818, 'S008588', 'S007689', ''),
(3819, 'S007689', 'S003014', ''),
(3820, 'S003014', 'S007689', ''),
(3821, 'S007689', 'S001156', ''),
(3822, 'S001156', 'S007689', ''),
(3823, 'S007689', 'S001996', ''),
(3824, 'S001996', 'S007689', ''),
(3825, 'S007689', 'S004351', ''),
(3826, 'S004351', 'S007689', ''),
(3827, 'S007689', 'S009809', ''),
(3828, 'S009809', 'S007689', ''),
(3829, 'S007689', 'S008361', ''),
(3830, 'S008361', 'S007689', ''),
(3831, 'S007689', 'S008929', ''),
(3832, 'S008929', 'S007689', ''),
(3833, 'S007689', 'S008905', ''),
(3834, 'S008905', 'S007689', ''),
(3835, 'S007689', 'S006270', ''),
(3836, 'S006270', 'S007689', ''),
(3837, 'S007689', 'S002238', ''),
(3838, 'S002238', 'S007689', ''),
(3839, 'S007689', 'S008774', ''),
(3840, 'S008774', 'S007689', ''),
(3841, 'S007689', 'S007217', ''),
(3842, 'S007217', 'S007689', ''),
(3843, 'S007689', 'S007928', ''),
(3844, 'S007928', 'S007689', ''),
(3845, 'S007689', 'S001305', ''),
(3846, 'S001305', 'S007689', ''),
(3847, 'S007693', 'S001972', ''),
(3848, 'S001972', 'S007693', ''),
(3849, 'S007693', 'S003051', ''),
(3850, 'S003051', 'S007693', ''),
(3851, 'S007693', 'S009322', ''),
(3852, 'S009322', 'S007693', ''),
(3853, 'S007693', 'S005696', ''),
(3854, 'S005696', 'S007693', ''),
(3855, 'S007693', 'S006161', ''),
(3856, 'S006161', 'S007693', ''),
(3857, 'S007693', 'S001970', ''),
(3858, 'S001970', 'S007693', ''),
(3859, 'S007693', 'S008186', ''),
(3860, 'S008186', 'S007693', ''),
(3861, 'S007693', 'S004458', ''),
(3862, 'S004458', 'S007693', ''),
(3863, 'S007693', 'S004780', ''),
(3864, 'S004780', 'S007693', ''),
(3865, 'S007693', 'S004309', ''),
(3866, 'S004309', 'S007693', ''),
(3867, 'S007693', 'S008905', ''),
(3868, 'S008905', 'S007693', ''),
(3869, 'S007693', 'S007813', ''),
(3870, 'S007813', 'S007693', ''),
(3871, 'S007693', 'S005267', ''),
(3872, 'S005267', 'S007693', ''),
(3873, 'S007693', 'S004429', ''),
(3874, 'S004429', 'S007693', ''),
(3875, 'S007693', 'S003954', ''),
(3876, 'S003954', 'S007693', ''),
(3877, 'S007693', 'S007408', ''),
(3878, 'S007408', 'S007693', ''),
(3879, 'S007693', 'S007109', ''),
(3880, 'S007109', 'S007693', ''),
(3881, 'S007693', 'S003052', ''),
(3882, 'S003052', 'S007693', ''),
(3883, 'S007693', 'S002281', ''),
(3884, 'S002281', 'S007693', ''),
(3885, 'S007693', 'S008774', ''),
(3886, 'S008774', 'S007693', ''),
(3887, 'S007693', 'S004913', ''),
(3888, 'S004913', 'S007693', ''),
(3889, 'S007693', 'S008196', ''),
(3890, 'S008196', 'S007693', ''),
(3891, 'S007693', 'S001996', ''),
(3892, 'S001996', 'S007693', ''),
(3893, 'S007693', 'S002460', ''),
(3894, 'S002460', 'S007693', ''),
(3895, 'S007693', 'S007672', ''),
(3896, 'S007672', 'S007693', ''),
(3897, 'S007693', 'S009632', ''),
(3898, 'S009632', 'S007693', ''),
(3899, 'S007701', 'S007884', ''),
(3900, 'S007884', 'S007701', ''),
(3901, 'S007701', 'S007934', ''),
(3902, 'S007934', 'S007701', ''),
(3903, 'S007701', 'S009964', ''),
(3904, 'S009964', 'S007701', ''),
(3905, 'S007701', 'S004494', ''),
(3906, 'S004494', 'S007701', ''),
(3907, 'S007701', 'S008929', ''),
(3908, 'S008929', 'S007701', ''),
(3909, 'S007701', 'S001525', ''),
(3910, 'S001525', 'S007701', ''),
(3911, 'S007701', 'S008300', ''),
(3912, 'S008300', 'S007701', ''),
(3913, 'S007701', 'S006737', ''),
(3914, 'S006737', 'S007701', ''),
(3915, 'S007701', 'S008774', ''),
(3916, 'S008774', 'S007701', ''),
(3917, 'S007701', 'S001383', ''),
(3918, 'S001383', 'S007701', ''),
(3919, 'S007701', 'S003475', ''),
(3920, 'S003475', 'S007701', ''),
(3921, 'S007701', 'S007238', ''),
(3922, 'S007238', 'S007701', ''),
(3923, 'S007701', 'S005543', ''),
(3924, 'S005543', 'S007701', ''),
(3925, 'S007701', 'S003317', ''),
(3926, 'S003317', 'S007701', ''),
(3929, 'S007701', 'S009795', ''),
(3930, 'S009795', 'S007701', ''),
(3931, 'S007701', 'S006270', ''),
(3932, 'S006270', 'S007701', ''),
(3933, 'S007701', 'S003930', ''),
(3934, 'S003930', 'S007701', ''),
(3935, 'S007701', 'S009809', ''),
(3936, 'S009809', 'S007701', ''),
(3937, 'S007701', 'S004440', ''),
(3938, 'S004440', 'S007701', ''),
(3939, 'S007701', 'S004780', ''),
(3940, 'S004780', 'S007701', ''),
(3941, 'S007701', 'S009322', ''),
(3942, 'S009322', 'S007701', ''),
(3943, 'S007701', 'S004809', ''),
(3944, 'S004809', 'S007701', ''),
(3945, 'S007701', 'S007109', ''),
(3946, 'S007109', 'S007701', ''),
(3947, 'S007813', 'S004780', ''),
(3948, 'S004780', 'S007813', ''),
(3949, 'S007813', 'S009809', ''),
(3950, 'S009809', 'S007813', ''),
(3951, 'S007813', 'S007148', ''),
(3952, 'S007148', 'S007813', ''),
(3953, 'S007813', 'S006976', ''),
(3954, 'S006976', 'S007813', ''),
(3955, 'S007813', 'S004379', ''),
(3956, 'S004379', 'S007813', ''),
(3957, 'S007813', 'S005543', ''),
(3958, 'S005543', 'S007813', ''),
(3959, 'S007813', 'S001305', ''),
(3960, 'S001305', 'S007813', ''),
(3961, 'S007813', 'S006031', ''),
(3962, 'S006031', 'S007813', ''),
(3963, 'S007813', 'S003842', ''),
(3964, 'S003842', 'S007813', ''),
(3965, 'S007813', 'S002842', ''),
(3966, 'S002842', 'S007813', ''),
(3967, 'S007813', 'S005442', ''),
(3968, 'S005442', 'S007813', ''),
(3969, 'S007813', 'S004500', ''),
(3970, 'S004500', 'S007813', ''),
(3971, 'S007813', 'S006270', ''),
(3972, 'S006270', 'S007813', ''),
(3973, 'S007813', 'S009379', ''),
(3974, 'S009379', 'S007813', ''),
(3975, 'S007813', 'S008085', ''),
(3976, 'S008085', 'S007813', ''),
(3977, 'S007813', 'S005098', ''),
(3978, 'S005098', 'S007813', ''),
(3979, 'S007813', 'S008300', ''),
(3980, 'S008300', 'S007813', ''),
(3981, 'S007813', 'S009769', ''),
(3982, 'S009769', 'S007813', ''),
(3983, 'S007813', 'S007238', ''),
(3984, 'S007238', 'S007813', ''),
(3985, 'S007813', 'S006782', ''),
(3986, 'S006782', 'S007813', ''),
(3987, 'S007813', 'S001867', ''),
(3988, 'S001867', 'S007813', ''),
(3989, 'S007813', 'S006003', ''),
(3990, 'S006003', 'S007813', ''),
(3991, 'S007813', 'S007928', ''),
(3992, 'S007928', 'S007813', ''),
(3993, 'S007813', 'S009839', ''),
(3994, 'S009839', 'S007813', ''),
(3995, 'S007813', 'S005185', ''),
(3996, 'S005185', 'S007813', ''),
(3997, 'S007884', 'S007928', ''),
(3998, 'S007928', 'S007884', ''),
(3999, 'S007884', 'S002414', ''),
(4000, 'S002414', 'S007884', ''),
(4001, 'S007884', 'S009964', ''),
(4002, 'S009964', 'S007884', ''),
(4003, 'S007884', 'S009604', ''),
(4004, 'S009604', 'S007884', ''),
(4005, 'S007884', 'S002842', ''),
(4006, 'S002842', 'S007884', ''),
(4007, 'S007884', 'S004848', ''),
(4008, 'S004848', 'S007884', ''),
(4009, 'S007884', 'S004648', ''),
(4010, 'S004648', 'S007884', ''),
(4011, 'S007884', 'S009296', ''),
(4012, 'S009296', 'S007884', ''),
(4013, 'S007884', 'S005535', ''),
(4014, 'S005535', 'S007884', ''),
(4015, 'S007884', 'S008588', ''),
(4016, 'S008588', 'S007884', ''),
(4017, 'S007884', 'S004780', ''),
(4018, 'S004780', 'S007884', ''),
(4019, 'S007884', 'S008394', ''),
(4020, 'S008394', 'S007884', ''),
(4021, 'S007884', 'S009504', ''),
(4022, 'S009504', 'S007884', ''),
(4023, 'S007884', 'S006003', ''),
(4024, 'S006003', 'S007884', ''),
(4025, 'S007884', 'S009747', ''),
(4026, 'S009747', 'S007884', ''),
(4027, 'S007884', 'S003230', ''),
(4028, 'S003230', 'S007884', ''),
(4029, 'S007884', 'S006161', ''),
(4030, 'S006161', 'S007884', ''),
(4031, 'S007884', 'S008196', ''),
(4032, 'S008196', 'S007884', ''),
(4033, 'S007884', 'S004429', ''),
(4034, 'S004429', 'S007884', ''),
(4035, 'S007884', 'S002071', ''),
(4036, 'S002071', 'S007884', ''),
(4037, 'S007884', 'S007330', ''),
(4038, 'S007330', 'S007884', ''),
(4039, 'S007884', 'S007672', ''),
(4040, 'S007672', 'S007884', ''),
(4041, 'S007884', 'S008343', ''),
(4042, 'S008343', 'S007884', ''),
(4043, 'S007884', 'S009644', ''),
(4044, 'S009644', 'S007884', ''),
(4045, 'S007884', 'S004913', ''),
(4046, 'S004913', 'S007884', ''),
(4047, 'S007928', 'S003317', ''),
(4048, 'S003317', 'S007928', ''),
(4049, 'S007928', 'S009322', ''),
(4050, 'S009322', 'S007928', ''),
(4051, 'S007928', 'S004494', ''),
(4052, 'S004494', 'S007928', ''),
(4053, 'S007928', 'S009601', ''),
(4054, 'S009601', 'S007928', ''),
(4055, 'S007928', 'S002213', ''),
(4056, 'S002213', 'S007928', ''),
(4057, 'S007928', 'S003644', ''),
(4058, 'S003644', 'S007928', ''),
(4059, 'S007928', 'S007109', ''),
(4060, 'S007109', 'S007928', ''),
(4061, 'S007928', 'S009632', ''),
(4062, 'S009632', 'S007928', ''),
(4063, 'S007928', 'S006976', ''),
(4064, 'S006976', 'S007928', ''),
(4065, 'S007928', 'S003457', ''),
(4066, 'S003457', 'S007928', ''),
(4067, 'S007928', 'S006198', ''),
(4068, 'S006198', 'S007928', ''),
(4069, 'S007928', 'S008929', ''),
(4070, 'S008929', 'S007928', ''),
(4071, 'S007928', 'S007050', ''),
(4072, 'S007050', 'S007928', ''),
(4073, 'S007928', 'S009912', ''),
(4074, 'S009912', 'S007928', ''),
(4075, 'S007928', 'S005098', ''),
(4076, 'S005098', 'S007928', ''),
(4077, 'S007928', 'S009296', ''),
(4078, 'S009296', 'S007928', ''),
(4079, 'S007928', 'S003977', ''),
(4080, 'S003977', 'S007928', ''),
(4081, 'S007928', 'S007988', ''),
(4082, 'S007988', 'S007928', ''),
(4083, 'S007928', 'S007148', ''),
(4084, 'S007148', 'S007928', ''),
(4085, 'S007928', 'S005543', ''),
(4086, 'S005543', 'S007928', ''),
(4087, 'S007929', 'S004913', ''),
(4088, 'S004913', 'S007929', ''),
(4089, 'S007929', 'S009769', ''),
(4090, 'S009769', 'S007929', ''),
(4091, 'S007929', 'S009809', ''),
(4092, 'S009809', 'S007929', ''),
(4093, 'S007929', 'S004848', ''),
(4094, 'S004848', 'S007929', ''),
(4095, 'S007929', 'S008369', ''),
(4096, 'S008369', 'S007929', ''),
(4097, 'S007929', 'S009964', ''),
(4098, 'S009964', 'S007929', ''),
(4099, 'S007929', 'S008361', ''),
(4100, 'S008361', 'S007929', ''),
(4101, 'S007929', 'S006976', ''),
(4102, 'S006976', 'S007929', ''),
(4103, 'S007929', 'S009839', ''),
(4104, 'S009839', 'S007929', ''),
(4105, 'S007929', 'S002814', ''),
(4106, 'S002814', 'S007929', ''),
(4107, 'S007929', 'S009795', ''),
(4108, 'S009795', 'S007929', ''),
(4109, 'S007929', 'S007701', ''),
(4110, 'S007701', 'S007929', ''),
(4111, 'S007929', 'S008300', ''),
(4112, 'S008300', 'S007929', ''),
(4113, 'S007929', 'S009601', ''),
(4114, 'S009601', 'S007929', ''),
(4115, 'S007929', 'S001996', ''),
(4116, 'S001996', 'S007929', ''),
(4117, 'S007929', 'S008302', ''),
(4118, 'S008302', 'S007929', ''),
(4119, 'S007929', 'S003644', ''),
(4120, 'S003644', 'S007929', ''),
(4121, 'S007929', 'S007693', ''),
(4122, 'S007693', 'S007929', ''),
(4123, 'S007929', 'S004032', ''),
(4124, 'S004032', 'S007929', ''),
(4125, 'S007929', 'S007109', ''),
(4126, 'S007109', 'S007929', ''),
(4127, 'S007934', 'S006147', ''),
(4128, 'S006147', 'S007934', ''),
(4129, 'S007934', 'S001996', ''),
(4130, 'S001996', 'S007934', ''),
(4131, 'S007934', 'S007979', ''),
(4132, 'S007979', 'S007934', ''),
(4133, 'S007934', 'S002281', ''),
(4134, 'S002281', 'S007934', ''),
(4135, 'S007934', 'S008300', ''),
(4136, 'S008300', 'S007934', ''),
(4137, 'S007934', 'S009754', ''),
(4138, 'S009754', 'S007934', ''),
(4139, 'S007934', 'S007929', ''),
(4140, 'S007929', 'S007934', ''),
(4141, 'S007934', 'S007148', ''),
(4142, 'S007148', 'S007934', ''),
(4143, 'S007934', 'S008196', ''),
(4144, 'S008196', 'S007934', ''),
(4145, 'S007934', 'S006777', ''),
(4146, 'S006777', 'S007934', ''),
(4147, 'S007934', 'S002044', ''),
(4148, 'S002044', 'S007934', ''),
(4149, 'S007934', 'S004500', ''),
(4150, 'S004500', 'S007934', ''),
(4151, 'S007979', 'S003230', ''),
(4152, 'S003230', 'S007979', ''),
(4153, 'S007979', 'S008940', ''),
(4154, 'S008940', 'S007979', ''),
(4155, 'S007979', 'S005987', ''),
(4156, 'S005987', 'S007979', ''),
(4157, 'S007979', 'S009644', ''),
(4158, 'S009644', 'S007979', ''),
(4159, 'S007979', 'S001867', ''),
(4160, 'S001867', 'S007979', ''),
(4161, 'S007979', 'S003954', ''),
(4162, 'S003954', 'S007979', ''),
(4163, 'S007979', 'S002281', ''),
(4164, 'S002281', 'S007979', ''),
(4165, 'S007979', 'S001525', ''),
(4166, 'S001525', 'S007979', ''),
(4167, 'S007979', 'S004458', ''),
(4168, 'S004458', 'S007979', ''),
(4169, 'S007979', 'S009352', ''),
(4170, 'S009352', 'S007979', ''),
(4171, 'S007979', 'S003307', ''),
(4172, 'S003307', 'S007979', ''),
(4173, 'S007979', 'S007929', ''),
(4174, 'S007929', 'S007979', ''),
(4175, 'S007979', 'S006147', ''),
(4176, 'S006147', 'S007979', ''),
(4177, 'S007979', 'S005267', ''),
(4178, 'S005267', 'S007979', ''),
(4179, 'S007988', 'S003842', ''),
(4180, 'S003842', 'S007988', ''),
(4181, 'S007988', 'S007238', ''),
(4182, 'S007238', 'S007988', ''),
(4183, 'S007988', 'S004494', ''),
(4184, 'S004494', 'S007988', ''),
(4185, 'S007988', 'S009912', ''),
(4186, 'S009912', 'S007988', ''),
(4187, 'S007988', 'S001867', ''),
(4188, 'S001867', 'S007988', ''),
(4189, 'S007988', 'S009296', ''),
(4190, 'S009296', 'S007988', ''),
(4191, 'S007988', 'S001525', ''),
(4192, 'S001525', 'S007988', ''),
(4193, 'S007988', 'S002584', ''),
(4194, 'S002584', 'S007988', ''),
(4195, 'S007988', 'S007050', ''),
(4196, 'S007050', 'S007988', ''),
(4197, 'S007988', 'S001146', ''),
(4198, 'S001146', 'S007988', ''),
(4199, 'S007988', 'S004309', ''),
(4200, 'S004309', 'S007988', ''),
(4201, 'S007988', 'S006777', ''),
(4202, 'S006777', 'S007988', ''),
(4203, 'S007988', 'S003930', ''),
(4204, 'S003930', 'S007988', ''),
(4205, 'S007988', 'S008407', ''),
(4206, 'S008407', 'S007988', ''),
(4207, 'S007988', 'S006737', ''),
(4208, 'S006737', 'S007988', ''),
(4209, 'S007988', 'S003865', ''),
(4210, 'S003865', 'S007988', ''),
(4211, 'S007988', 'S006976', ''),
(4212, 'S006976', 'S007988', ''),
(4213, 'S007988', 'S004032', ''),
(4214, 'S004032', 'S007988', ''),
(4215, 'S007988', 'S008929', ''),
(4216, 'S008929', 'S007988', ''),
(4217, 'S007988', 'S003052', ''),
(4218, 'S003052', 'S007988', ''),
(4219, 'S007988', 'S002071', ''),
(4220, 'S002071', 'S007988', ''),
(4221, 'S007988', 'S004351', ''),
(4222, 'S004351', 'S007988', ''),
(4223, 'S007988', 'S007672', ''),
(4224, 'S007672', 'S007988', ''),
(4225, 'S007988', 'S008186', ''),
(4226, 'S008186', 'S007988', ''),
(4227, 'S007988', 'S007149', ''),
(4228, 'S007149', 'S007988', ''),
(4229, 'S007988', 'S001972', ''),
(4230, 'S001972', 'S007988', ''),
(4231, 'S007988', 'S002234', ''),
(4232, 'S002234', 'S007988', ''),
(4233, 'S007988', 'S003663', ''),
(4234, 'S003663', 'S007988', ''),
(4235, 'S007988', 'S008905', ''),
(4236, 'S008905', 'S007988', ''),
(4237, 'S007988', 'S002213', ''),
(4238, 'S002213', 'S007988', ''),
(4239, 'S008085', 'S002842', ''),
(4240, 'S002842', 'S008085', ''),
(4241, 'S008085', 'S004848', ''),
(4242, 'S004848', 'S008085', ''),
(4243, 'S008085', 'S008186', ''),
(4244, 'S008186', 'S008085', ''),
(4245, 'S008085', 'S009155', ''),
(4246, 'S009155', 'S008085', ''),
(4247, 'S008085', 'S006198', ''),
(4248, 'S006198', 'S008085', ''),
(4249, 'S008085', 'S004927', ''),
(4250, 'S004927', 'S008085', ''),
(4251, 'S008085', 'S007149', ''),
(4252, 'S007149', 'S008085', ''),
(4253, 'S008085', 'S004809', ''),
(4254, 'S004809', 'S008085', ''),
(4255, 'S008085', 'S007929', ''),
(4256, 'S007929', 'S008085', ''),
(4257, 'S008085', 'S006541', ''),
(4258, 'S006541', 'S008085', ''),
(4259, 'S008085', 'S009693', ''),
(4260, 'S009693', 'S008085', ''),
(4261, 'S008085', 'S007217', ''),
(4262, 'S007217', 'S008085', ''),
(4263, 'S008085', 'S004032', ''),
(4264, 'S004032', 'S008085', ''),
(4265, 'S008085', 'S002044', ''),
(4266, 'S002044', 'S008085', ''),
(4267, 'S008085', 'S008369', ''),
(4268, 'S008369', 'S008085', ''),
(4269, 'S008085', 'S005876', ''),
(4270, 'S005876', 'S008085', ''),
(4271, 'S008085', 'S003014', ''),
(4272, 'S003014', 'S008085', ''),
(4273, 'S008085', 'S006031', ''),
(4274, 'S006031', 'S008085', ''),
(4275, 'S008085', 'S005535', ''),
(4276, 'S005535', 'S008085', ''),
(4277, 'S008085', 'S005696', ''),
(4278, 'S005696', 'S008085', ''),
(4279, 'S008085', 'S001908', ''),
(4280, 'S001908', 'S008085', ''),
(4281, 'S008085', 'S005098', ''),
(4282, 'S005098', 'S008085', ''),
(4283, 'S008085', 'S005267', ''),
(4284, 'S005267', 'S008085', ''),
(4285, 'S008085', 'S004913', ''),
(4286, 'S004913', 'S008085', ''),
(4287, 'S008146', 'S009322', ''),
(4288, 'S009322', 'S008146', ''),
(4289, 'S008146', 'S007701', ''),
(4290, 'S007701', 'S008146', ''),
(4291, 'S008146', 'S009603', ''),
(4292, 'S009603', 'S008146', ''),
(4293, 'S008146', 'S007672', ''),
(4294, 'S007672', 'S008146', ''),
(4295, 'S008146', 'S007238', ''),
(4296, 'S007238', 'S008146', ''),
(4297, 'S008146', 'S009352', ''),
(4298, 'S009352', 'S008146', ''),
(4299, 'S008146', 'S006270', ''),
(4300, 'S006270', 'S008146', ''),
(4301, 'S008146', 'S007928', ''),
(4302, 'S007928', 'S008146', ''),
(4303, 'S008146', 'S009601', ''),
(4304, 'S009601', 'S008146', ''),
(4305, 'S008146', 'S007149', ''),
(4306, 'S007149', 'S008146', ''),
(4307, 'S008146', 'S006541', ''),
(4308, 'S006541', 'S008146', ''),
(4309, 'S008186', 'S001972', ''),
(4310, 'S001972', 'S008186', ''),
(4311, 'S008186', 'S003865', ''),
(4312, 'S003865', 'S008186', ''),
(4313, 'S008186', 'S003688', ''),
(4314, 'S003688', 'S008186', ''),
(4315, 'S008186', 'S004927', ''),
(4316, 'S004927', 'S008186', ''),
(4317, 'S008186', 'S009795', ''),
(4318, 'S009795', 'S008186', ''),
(4319, 'S008186', 'S002238', ''),
(4320, 'S002238', 'S008186', ''),
(4321, 'S008186', 'S004494', ''),
(4322, 'S004494', 'S008186', ''),
(4323, 'S008186', 'S008394', ''),
(4324, 'S008394', 'S008186', ''),
(4325, 'S008186', 'S004309', ''),
(4326, 'S004309', 'S008186', ''),
(4327, 'S008186', 'S006329', ''),
(4328, 'S006329', 'S008186', ''),
(4329, 'S008186', 'S003931', ''),
(4330, 'S003931', 'S008186', ''),
(4331, 'S008186', 'S007884', ''),
(4332, 'S007884', 'S008186', ''),
(4333, 'S008186', 'S001383', ''),
(4334, 'S001383', 'S008186', ''),
(4335, 'S008186', 'S003842', ''),
(4336, 'S003842', 'S008186', ''),
(4337, 'S008186', 'S005543', ''),
(4338, 'S005543', 'S008186', ''),
(4339, 'S008186', 'S007813', ''),
(4340, 'S007813', 'S008186', ''),
(4341, 'S008186', 'S006198', ''),
(4342, 'S006198', 'S008186', ''),
(4343, 'S008186', 'S003457', ''),
(4344, 'S003457', 'S008186', ''),
(4345, 'S008196', 'S002842', ''),
(4346, 'S002842', 'S008196', ''),
(4347, 'S008196', 'S009693', ''),
(4348, 'S009693', 'S008196', ''),
(4349, 'S008196', 'S003317', ''),
(4350, 'S003317', 'S008196', ''),
(4351, 'S008196', 'S004848', ''),
(4352, 'S004848', 'S008196', ''),
(4353, 'S008196', 'S003752', ''),
(4354, 'S003752', 'S008196', ''),
(4355, 'S008196', 'S005185', ''),
(4356, 'S005185', 'S008196', ''),
(4357, 'S008196', 'S002460', ''),
(4358, 'S002460', 'S008196', ''),
(4359, 'S008196', 'S002213', ''),
(4360, 'S002213', 'S008196', ''),
(4361, 'S008196', 'S002071', ''),
(4362, 'S002071', 'S008196', ''),
(4363, 'S008196', 'S007238', ''),
(4364, 'S007238', 'S008196', ''),
(4365, 'S008196', 'S003230', ''),
(4366, 'S003230', 'S008196', ''),
(4367, 'S008196', 'S003930', ''),
(4368, 'S003930', 'S008196', ''),
(4369, 'S008196', 'S004032', ''),
(4370, 'S004032', 'S008196', ''),
(4371, 'S008196', 'S009769', ''),
(4372, 'S009769', 'S008196', ''),
(4373, 'S008196', 'S004458', ''),
(4374, 'S004458', 'S008196', ''),
(4375, 'S008244', 'S008196', ''),
(4376, 'S008196', 'S008244', ''),
(4377, 'S008244', 'S008588', ''),
(4378, 'S008588', 'S008244', ''),
(4379, 'S008244', 'S005185', ''),
(4380, 'S005185', 'S008244', ''),
(4381, 'S008244', 'S007330', ''),
(4382, 'S007330', 'S008244', ''),
(4383, 'S008244', 'S002044', ''),
(4384, 'S002044', 'S008244', ''),
(4385, 'S008244', 'S007928', ''),
(4386, 'S007928', 'S008244', ''),
(4387, 'S008244', 'S001908', ''),
(4388, 'S001908', 'S008244', ''),
(4389, 'S008244', 'S007701', ''),
(4390, 'S007701', 'S008244', ''),
(4391, 'S008244', 'S001972', ''),
(4392, 'S001972', 'S008244', ''),
(4393, 'S008244', 'S003865', ''),
(4394, 'S003865', 'S008244', ''),
(4395, 'S008244', 'S004648', ''),
(4396, 'S004648', 'S008244', ''),
(4397, 'S008244', 'S009693', ''),
(4398, 'S009693', 'S008244', ''),
(4399, 'S008244', 'S009644', ''),
(4400, 'S009644', 'S008244', ''),
(4401, 'S008244', 'S004458', ''),
(4402, 'S004458', 'S008244', ''),
(4403, 'S008244', 'S008361', ''),
(4404, 'S008361', 'S008244', ''),
(4405, 'S008244', 'S009769', ''),
(4406, 'S009769', 'S008244', ''),
(4407, 'S008244', 'S007979', ''),
(4408, 'S007979', 'S008244', ''),
(4409, 'S008244', 'S002234', ''),
(4410, 'S002234', 'S008244', ''),
(4411, 'S008244', 'S008186', ''),
(4412, 'S008186', 'S008244', ''),
(4413, 'S008244', 'S006270', ''),
(4414, 'S006270', 'S008244', ''),
(4415, 'S008244', 'S002814', ''),
(4416, 'S002814', 'S008244', ''),
(4417, 'S008244', 'S009155', ''),
(4418, 'S009155', 'S008244', ''),
(4419, 'S008244', 'S005876', ''),
(4420, 'S005876', 'S008244', ''),
(4421, 'S008244', 'S006460', ''),
(4422, 'S006460', 'S008244', ''),
(4423, 'S008244', 'S004913', ''),
(4424, 'S004913', 'S008244', ''),
(4425, 'S008244', 'S007884', ''),
(4426, 'S007884', 'S008244', ''),
(4427, 'S008300', 'S002814', ''),
(4428, 'S002814', 'S008300', ''),
(4429, 'S008300', 'S003663', ''),
(4430, 'S003663', 'S008300', ''),
(4431, 'S008300', 'S001383', ''),
(4432, 'S001383', 'S008300', ''),
(4433, 'S008300', 'S006737', ''),
(4434, 'S006737', 'S008300', ''),
(4435, 'S008300', 'S001908', ''),
(4436, 'S001908', 'S008300', ''),
(4437, 'S008300', 'S003041', ''),
(4438, 'S003041', 'S008300', ''),
(4439, 'S008300', 'S008588', ''),
(4440, 'S008588', 'S008300', ''),
(4441, 'S008300', 'S008905', ''),
(4442, 'S008905', 'S008300', ''),
(4443, 'S008300', 'S007330', ''),
(4444, 'S007330', 'S008300', ''),
(4445, 'S008300', 'S005080', ''),
(4446, 'S005080', 'S008300', ''),
(4447, 'S008300', 'S006479', ''),
(4448, 'S006479', 'S008300', ''),
(4449, 'S008300', 'S001970', ''),
(4450, 'S001970', 'S008300', ''),
(4451, 'S008300', 'S007884', ''),
(4452, 'S007884', 'S008300', ''),
(4453, 'S008300', 'S007050', ''),
(4454, 'S007050', 'S008300', ''),
(4455, 'S008302', 'S003052', ''),
(4456, 'S003052', 'S008302', ''),
(4457, 'S008302', 'S007689', ''),
(4458, 'S007689', 'S008302', ''),
(4459, 'S008302', 'S001525', ''),
(4460, 'S001525', 'S008302', ''),
(4461, 'S008302', 'S007217', ''),
(4462, 'S007217', 'S008302', ''),
(4463, 'S008302', 'S003644', ''),
(4464, 'S003644', 'S008302', ''),
(4465, 'S008302', 'S006329', ''),
(4466, 'S006329', 'S008302', ''),
(4467, 'S008302', 'S005442', ''),
(4468, 'S005442', 'S008302', ''),
(4469, 'S008302', 'S003041', ''),
(4470, 'S003041', 'S008302', ''),
(4471, 'S008302', 'S007148', ''),
(4472, 'S007148', 'S008302', ''),
(4473, 'S008302', 'S003752', ''),
(4474, 'S003752', 'S008302', ''),
(4475, 'S008302', 'S005535', ''),
(4476, 'S005535', 'S008302', ''),
(4477, 'S008302', 'S004032', ''),
(4478, 'S004032', 'S008302', ''),
(4479, 'S008302', 'S001305', ''),
(4480, 'S001305', 'S008302', ''),
(4481, 'S008302', 'S004494', ''),
(4482, 'S004494', 'S008302', ''),
(4483, 'S008302', 'S009352', ''),
(4484, 'S009352', 'S008302', ''),
(4485, 'S008302', 'S009379', ''),
(4486, 'S009379', 'S008302', ''),
(4487, 'S008302', 'S009296', ''),
(4488, 'S009296', 'S008302', ''),
(4489, 'S008302', 'S006737', ''),
(4490, 'S006737', 'S008302', ''),
(4491, 'S008302', 'S006198', ''),
(4492, 'S006198', 'S008302', ''),
(4493, 'S008302', 'S006003', ''),
(4494, 'S006003', 'S008302', ''),
(4495, 'S008302', 'S002071', ''),
(4496, 'S002071', 'S008302', ''),
(4497, 'S008302', 'S002238', ''),
(4498, 'S002238', 'S008302', ''),
(4499, 'S008302', 'S009912', ''),
(4500, 'S009912', 'S008302', ''),
(4501, 'S008302', 'S006270', ''),
(4502, 'S006270', 'S008302', ''),
(4503, 'S008302', 'S009747', ''),
(4504, 'S009747', 'S008302', ''),
(4505, 'S008302', 'S007149', ''),
(4506, 'S007149', 'S008302', ''),
(4507, 'S008302', 'S001352', ''),
(4508, 'S001352', 'S008302', ''),
(4509, 'S008343', 'S006541', ''),
(4510, 'S006541', 'S008343', ''),
(4511, 'S008343', 'S001867', ''),
(4512, 'S001867', 'S008343', ''),
(4513, 'S008343', 'S009604', ''),
(4514, 'S009604', 'S008343', ''),
(4515, 'S008343', 'S008244', ''),
(4516, 'S008244', 'S008343', ''),
(4517, 'S008343', 'S002842', ''),
(4518, 'S002842', 'S008343', ''),
(4519, 'S008343', 'S001383', ''),
(4520, 'S001383', 'S008343', ''),
(4521, 'S008343', 'S009379', ''),
(4522, 'S009379', 'S008343', ''),
(4523, 'S008343', 'S005696', ''),
(4524, 'S005696', 'S008343', ''),
(4525, 'S008361', 'S009839', ''),
(4526, 'S009839', 'S008361', ''),
(4527, 'S008361', 'S009352', ''),
(4528, 'S009352', 'S008361', ''),
(4529, 'S008361', 'S007672', ''),
(4530, 'S007672', 'S008361', ''),
(4531, 'S008361', 'S009504', ''),
(4532, 'S009504', 'S008361', ''),
(4533, 'S008361', 'S007928', ''),
(4534, 'S007928', 'S008361', ''),
(4535, 'S008361', 'S006479', ''),
(4536, 'S006479', 'S008361', ''),
(4537, 'S008361', 'S008300', ''),
(4538, 'S008300', 'S008361', ''),
(4539, 'S008369', 'S003307', ''),
(4540, 'S003307', 'S008369', ''),
(4541, 'S008369', 'S007884', ''),
(4542, 'S007884', 'S008369', ''),
(4543, 'S008369', 'S003231', ''),
(4544, 'S003231', 'S008369', ''),
(4545, 'S008394', 'S003373', ''),
(4546, 'S003373', 'S008394', ''),
(4547, 'S008394', 'S002460', ''),
(4548, 'S002460', 'S008394', ''),
(4549, 'S008394', 'S006777', ''),
(4550, 'S006777', 'S008394', ''),
(4551, 'S008394', 'S001996', ''),
(4552, 'S001996', 'S008394', ''),
(4553, 'S008394', 'S009754', ''),
(4554, 'S009754', 'S008394', ''),
(4555, 'S008394', 'S007109', ''),
(4556, 'S007109', 'S008394', ''),
(4557, 'S008394', 'S006270', ''),
(4558, 'S006270', 'S008394', ''),
(4559, 'S008394', 'S004440', ''),
(4560, 'S004440', 'S008394', ''),
(4561, 'S008394', 'S009839', ''),
(4562, 'S009839', 'S008394', ''),
(4563, 'S008394', 'S009809', ''),
(4564, 'S009809', 'S008394', ''),
(4565, 'S008394', 'S003644', ''),
(4566, 'S003644', 'S008394', ''),
(4567, 'S008394', 'S004898', ''),
(4568, 'S004898', 'S008394', ''),
(4569, 'S008394', 'S005098', ''),
(4570, 'S005098', 'S008394', ''),
(4571, 'S008394', 'S007928', ''),
(4572, 'S007928', 'S008394', ''),
(4573, 'S008394', 'S003231', ''),
(4574, 'S003231', 'S008394', ''),
(4575, 'S008394', 'S002814', ''),
(4576, 'S002814', 'S008394', ''),
(4577, 'S008394', 'S004500', ''),
(4578, 'S004500', 'S008394', ''),
(4579, 'S008394', 'S007979', ''),
(4580, 'S007979', 'S008394', ''),
(4581, 'S008394', 'S009693', ''),
(4582, 'S009693', 'S008394', ''),
(4583, 'S008394', 'S008302', ''),
(4584, 'S008302', 'S008394', ''),
(4585, 'S008407', 'S003230', ''),
(4586, 'S003230', 'S008407', ''),
(4587, 'S008407', 'S004494', ''),
(4588, 'S004494', 'S008407', ''),
(4589, 'S008407', 'S008940', ''),
(4590, 'S008940', 'S008407', ''),
(4591, 'S008407', 'S009632', ''),
(4592, 'S009632', 'S008407', ''),
(4593, 'S008407', 'S006541', ''),
(4594, 'S006541', 'S008407', ''),
(4595, 'S008407', 'S008774', ''),
(4596, 'S008774', 'S008407', ''),
(4597, 'S008407', 'S005442', ''),
(4598, 'S005442', 'S008407', ''),
(4599, 'S008588', 'S005098', ''),
(4600, 'S005098', 'S008588', ''),
(4601, 'S008588', 'S009809', ''),
(4602, 'S009809', 'S008588', ''),
(4603, 'S008588', 'S003014', ''),
(4604, 'S003014', 'S008588', ''),
(4605, 'S008588', 'S003752', ''),
(4606, 'S003752', 'S008588', ''),
(4607, 'S008588', 'S002842', ''),
(4608, 'S002842', 'S008588', ''),
(4609, 'S008588', 'S003041', ''),
(4610, 'S003041', 'S008588', ''),
(4611, 'S008588', 'S008369', ''),
(4612, 'S008369', 'S008588', ''),
(4613, 'S008588', 'S003931', ''),
(4614, 'S003931', 'S008588', ''),
(4615, 'S008588', 'S008361', ''),
(4616, 'S008361', 'S008588', ''),
(4617, 'S008588', 'S006728', ''),
(4618, 'S006728', 'S008588', ''),
(4619, 'S008588', 'S003230', ''),
(4620, 'S003230', 'S008588', ''),
(4621, 'S008588', 'S004309', ''),
(4622, 'S004309', 'S008588', ''),
(4623, 'S008588', 'S009754', ''),
(4624, 'S009754', 'S008588', ''),
(4625, 'S008588', 'S006777', ''),
(4626, 'S006777', 'S008588', ''),
(4627, 'S008588', 'S004898', ''),
(4628, 'S004898', 'S008588', ''),
(4629, 'S008588', 'S009504', ''),
(4630, 'S009504', 'S008588', ''),
(4631, 'S008588', 'S003475', ''),
(4632, 'S003475', 'S008588', ''),
(4633, 'S008588', 'S009603', ''),
(4634, 'S009603', 'S008588', ''),
(4635, 'S008588', 'S009795', ''),
(4636, 'S009795', 'S008588', ''),
(4637, 'S008588', 'S003865', ''),
(4638, 'S003865', 'S008588', ''),
(4639, 'S008774', 'S004423', ''),
(4640, 'S004423', 'S008774', ''),
(4641, 'S008774', 'S002213', ''),
(4642, 'S002213', 'S008774', ''),
(4643, 'S008774', 'S004351', ''),
(4644, 'S004351', 'S008774', ''),
(4645, 'S008774', 'S007979', ''),
(4646, 'S007979', 'S008774', ''),
(4647, 'S008774', 'S006460', ''),
(4648, 'S006460', 'S008774', ''),
(4649, 'S008774', 'S006777', ''),
(4650, 'S006777', 'S008774', ''),
(4651, 'S008774', 'S007109', ''),
(4652, 'S007109', 'S008774', ''),
(4653, 'S008774', 'S009155', ''),
(4654, 'S009155', 'S008774', ''),
(4655, 'S008774', 'S008394', ''),
(4656, 'S008394', 'S008774', ''),
(4657, 'S008774', 'S003457', ''),
(4658, 'S003457', 'S008774', ''),
(4659, 'S008774', 'S005535', ''),
(4660, 'S005535', 'S008774', ''),
(4661, 'S008774', 'S007217', ''),
(4662, 'S007217', 'S008774', ''),
(4663, 'S008774', 'S007238', ''),
(4664, 'S007238', 'S008774', ''),
(4665, 'S008774', 'S002044', ''),
(4666, 'S002044', 'S008774', ''),
(4667, 'S008774', 'S001146', ''),
(4668, 'S001146', 'S008774', ''),
(4669, 'S008774', 'S009603', ''),
(4670, 'S009603', 'S008774', ''),
(4671, 'S008774', 'S008146', ''),
(4672, 'S008146', 'S008774', ''),
(4673, 'S008774', 'S004809', ''),
(4674, 'S004809', 'S008774', ''),
(4675, 'S008774', 'S004379', ''),
(4676, 'S004379', 'S008774', ''),
(4677, 'S008774', 'S005543', ''),
(4678, 'S005543', 'S008774', ''),
(4679, 'S008774', 'S009839', ''),
(4680, 'S009839', 'S008774', ''),
(4681, 'S008774', 'S009601', ''),
(4682, 'S009601', 'S008774', ''),
(4683, 'S008774', 'S006198', ''),
(4684, 'S006198', 'S008774', ''),
(4685, 'S008774', 'S003231', ''),
(4686, 'S003231', 'S008774', ''),
(4687, 'S008774', 'S009604', ''),
(4688, 'S009604', 'S008774', ''),
(4689, 'S008774', 'S003954', ''),
(4690, 'S003954', 'S008774', ''),
(4691, 'S008905', 'S007701', ''),
(4692, 'S007701', 'S008905', ''),
(4693, 'S008905', 'S003231', ''),
(4694, 'S003231', 'S008905', ''),
(4695, 'S008905', 'S007050', ''),
(4696, 'S007050', 'S008905', ''),
(4697, 'S008905', 'S005535', ''),
(4698, 'S005535', 'S008905', ''),
(4699, 'S008905', 'S002814', ''),
(4700, 'S002814', 'S008905', ''),
(4701, 'S008905', 'S005267', ''),
(4702, 'S005267', 'S008905', ''),
(4703, 'S008905', 'S007934', ''),
(4704, 'S007934', 'S008905', ''),
(4705, 'S008905', 'S003079', ''),
(4706, 'S003079', 'S008905', ''),
(4707, 'S008905', 'S008146', ''),
(4708, 'S008146', 'S008905', ''),
(4709, 'S008905', 'S007148', '');
INSERT INTO `Friendship` (`ID`, `FIRST_USER_ID`, `SECOND_USER_ID`, `MESSAGE`) VALUES
(4710, 'S007148', 'S008905', ''),
(4711, 'S008905', 'S008407', ''),
(4712, 'S008407', 'S008905', ''),
(4713, 'S008905', 'S003842', ''),
(4714, 'S003842', 'S008905', ''),
(4715, 'S008905', 'S009769', ''),
(4716, 'S009769', 'S008905', ''),
(4717, 'S008905', 'S003373', ''),
(4718, 'S003373', 'S008905', ''),
(4719, 'S008905', 'S001146', ''),
(4720, 'S001146', 'S008905', ''),
(4721, 'S008905', 'S009912', ''),
(4722, 'S009912', 'S008905', ''),
(4723, 'S008929', 'S001972', ''),
(4724, 'S001972', 'S008929', ''),
(4725, 'S008929', 'S008774', ''),
(4726, 'S008774', 'S008929', ''),
(4727, 'S008929', 'S004379', ''),
(4728, 'S004379', 'S008929', ''),
(4729, 'S008929', 'S006728', ''),
(4730, 'S006728', 'S008929', ''),
(4731, 'S008929', 'S009809', ''),
(4732, 'S009809', 'S008929', ''),
(4733, 'S008929', 'S002814', ''),
(4734, 'S002814', 'S008929', ''),
(4735, 'S008929', 'S001867', ''),
(4736, 'S001867', 'S008929', ''),
(4737, 'S008929', 'S004070', ''),
(4738, 'S004070', 'S008929', ''),
(4739, 'S008929', 'S009747', ''),
(4740, 'S009747', 'S008929', ''),
(4741, 'S008929', 'S004780', ''),
(4742, 'S004780', 'S008929', ''),
(4743, 'S008929', 'S003079', ''),
(4744, 'S003079', 'S008929', ''),
(4745, 'S008929', 'S001908', ''),
(4746, 'S001908', 'S008929', ''),
(4747, 'S008929', 'S005982', ''),
(4748, 'S005982', 'S008929', ''),
(4749, 'S008929', 'S008407', ''),
(4750, 'S008407', 'S008929', ''),
(4751, 'S008929', 'S008300', ''),
(4752, 'S008300', 'S008929', ''),
(4753, 'S008929', 'S002414', ''),
(4754, 'S002414', 'S008929', ''),
(4755, 'S008940', 'S006198', ''),
(4756, 'S006198', 'S008940', ''),
(4757, 'S008940', 'S009747', ''),
(4758, 'S009747', 'S008940', ''),
(4759, 'S008940', 'S007330', ''),
(4760, 'S007330', 'S008940', ''),
(4761, 'S008940', 'S007813', ''),
(4762, 'S007813', 'S008940', ''),
(4763, 'S008940', 'S005098', ''),
(4764, 'S005098', 'S008940', ''),
(4765, 'S008940', 'S004379', ''),
(4766, 'S004379', 'S008940', ''),
(4767, 'S008940', 'S008369', ''),
(4768, 'S008369', 'S008940', ''),
(4769, 'S008940', 'S007929', ''),
(4770, 'S007929', 'S008940', ''),
(4771, 'S008940', 'S008196', ''),
(4772, 'S008196', 'S008940', ''),
(4773, 'S009155', 'S007050', ''),
(4774, 'S007050', 'S009155', ''),
(4775, 'S009155', 'S001970', ''),
(4776, 'S001970', 'S009155', ''),
(4777, 'S009155', 'S004898', ''),
(4778, 'S004898', 'S009155', ''),
(4779, 'S009155', 'S006728', ''),
(4780, 'S006728', 'S009155', ''),
(4781, 'S009155', 'S001908', ''),
(4782, 'S001908', 'S009155', ''),
(4783, 'S009155', 'S004423', ''),
(4784, 'S004423', 'S009155', ''),
(4785, 'S009155', 'S004309', ''),
(4786, 'S004309', 'S009155', ''),
(4787, 'S009155', 'S004780', ''),
(4788, 'S004780', 'S009155', ''),
(4789, 'S009155', 'S008186', ''),
(4790, 'S008186', 'S009155', ''),
(4791, 'S009227', 'S003865', ''),
(4792, 'S003865', 'S009227', ''),
(4793, 'S009227', 'S007217', ''),
(4794, 'S007217', 'S009227', ''),
(4795, 'S009227', 'S007238', ''),
(4796, 'S007238', 'S009227', ''),
(4797, 'S009227', 'S008905', ''),
(4798, 'S008905', 'S009227', ''),
(4799, 'S009227', 'S009644', ''),
(4800, 'S009644', 'S009227', ''),
(4801, 'S009227', 'S005876', ''),
(4802, 'S005876', 'S009227', ''),
(4803, 'S009227', 'S003475', ''),
(4804, 'S003475', 'S009227', ''),
(4805, 'S009227', 'S008343', ''),
(4806, 'S008343', 'S009227', ''),
(4807, 'S009227', 'S006777', ''),
(4808, 'S006777', 'S009227', ''),
(4809, 'S009227', 'S009809', ''),
(4810, 'S009809', 'S009227', ''),
(4811, 'S009227', 'S008244', ''),
(4812, 'S008244', 'S009227', ''),
(4813, 'S009227', 'S006541', ''),
(4814, 'S006541', 'S009227', ''),
(4815, 'S009296', 'S002238', ''),
(4816, 'S002238', 'S009296', ''),
(4817, 'S009296', 'S007149', ''),
(4818, 'S007149', 'S009296', ''),
(4819, 'S009296', 'S004070', ''),
(4820, 'S004070', 'S009296', ''),
(4821, 'S009296', 'S009227', ''),
(4822, 'S009227', 'S009296', ''),
(4823, 'S009296', 'S006728', ''),
(4824, 'S006728', 'S009296', ''),
(4825, 'S009296', 'S009352', ''),
(4826, 'S009352', 'S009296', ''),
(4827, 'S009296', 'S009322', ''),
(4828, 'S009322', 'S009296', ''),
(4829, 'S009296', 'S007689', ''),
(4830, 'S007689', 'S009296', ''),
(4831, 'S009296', 'S001970', ''),
(4832, 'S001970', 'S009296', ''),
(4833, 'S009296', 'S003052', ''),
(4834, 'S003052', 'S009296', ''),
(4835, 'S009296', 'S008929', ''),
(4836, 'S008929', 'S009296', ''),
(4837, 'S009296', 'S003041', ''),
(4838, 'S003041', 'S009296', ''),
(4839, 'S009296', 'S005696', ''),
(4840, 'S005696', 'S009296', ''),
(4841, 'S009296', 'S006782', ''),
(4842, 'S006782', 'S009296', ''),
(4843, 'S009296', 'S004458', ''),
(4844, 'S004458', 'S009296', ''),
(4845, 'S009296', 'S001352', ''),
(4846, 'S001352', 'S009296', ''),
(4847, 'S009296', 'S002750', ''),
(4848, 'S002750', 'S009296', ''),
(4849, 'S009296', 'S003930', ''),
(4850, 'S003930', 'S009296', ''),
(4851, 'S009296', 'S009644', ''),
(4852, 'S009644', 'S009296', ''),
(4853, 'S009296', 'S008300', ''),
(4854, 'S008300', 'S009296', ''),
(4855, 'S009296', 'S005442', ''),
(4856, 'S005442', 'S009296', ''),
(4857, 'S009296', 'S008196', ''),
(4858, 'S008196', 'S009296', ''),
(4859, 'S009296', 'S003051', ''),
(4860, 'S003051', 'S009296', ''),
(4861, 'S009322', 'S001867', ''),
(4862, 'S001867', 'S009322', ''),
(4863, 'S009322', 'S003865', ''),
(4864, 'S003865', 'S009322', ''),
(4865, 'S009322', 'S003230', ''),
(4866, 'S003230', 'S009322', ''),
(4867, 'S009322', 'S009604', ''),
(4868, 'S009604', 'S009322', ''),
(4869, 'S009322', 'S004458', ''),
(4870, 'S004458', 'S009322', ''),
(4871, 'S009322', 'S004379', ''),
(4872, 'S004379', 'S009322', ''),
(4873, 'S009322', 'S008940', ''),
(4874, 'S008940', 'S009322', ''),
(4875, 'S009322', 'S003842', ''),
(4876, 'S003842', 'S009322', ''),
(4877, 'S009322', 'S003052', ''),
(4878, 'S003052', 'S009322', ''),
(4879, 'S009322', 'S007109', ''),
(4880, 'S007109', 'S009322', ''),
(4881, 'S009322', 'S001996', ''),
(4882, 'S001996', 'S009322', ''),
(4883, 'S009322', 'S003051', ''),
(4884, 'S003051', 'S009322', ''),
(4885, 'S009352', 'S001970', ''),
(4886, 'S001970', 'S009352', ''),
(4887, 'S009352', 'S009322', ''),
(4888, 'S009322', 'S009352', ''),
(4889, 'S009352', 'S008588', ''),
(4890, 'S008588', 'S009352', ''),
(4891, 'S009352', 'S007689', ''),
(4892, 'S007689', 'S009352', ''),
(4893, 'S009352', 'S001525', ''),
(4894, 'S001525', 'S009352', ''),
(4895, 'S009352', 'S005543', ''),
(4896, 'S005543', 'S009352', ''),
(4897, 'S009352', 'S009809', ''),
(4898, 'S009809', 'S009352', ''),
(4899, 'S009352', 'S007813', ''),
(4900, 'S007813', 'S009352', ''),
(4901, 'S009352', 'S002044', ''),
(4902, 'S002044', 'S009352', ''),
(4903, 'S009352', 'S001156', ''),
(4904, 'S001156', 'S009352', ''),
(4905, 'S009352', 'S003230', ''),
(4906, 'S003230', 'S009352', ''),
(4907, 'S009352', 'S006737', ''),
(4908, 'S006737', 'S009352', ''),
(4909, 'S009352', 'S007988', ''),
(4910, 'S007988', 'S009352', ''),
(4911, 'S009352', 'S003475', ''),
(4912, 'S003475', 'S009352', ''),
(4913, 'S009352', 'S004429', ''),
(4914, 'S004429', 'S009352', ''),
(4915, 'S009352', 'S005982', ''),
(4916, 'S005982', 'S009352', ''),
(4917, 'S009352', 'S002750', ''),
(4918, 'S002750', 'S009352', ''),
(4919, 'S009352', 'S003931', ''),
(4920, 'S003931', 'S009352', ''),
(4921, 'S009352', 'S009912', ''),
(4922, 'S009912', 'S009352', ''),
(4923, 'S009352', 'S009632', ''),
(4924, 'S009632', 'S009352', ''),
(4925, 'S009352', 'S007330', ''),
(4926, 'S007330', 'S009352', ''),
(4927, 'S009379', 'S001972', ''),
(4928, 'S001972', 'S009379', ''),
(4929, 'S009379', 'S001970', ''),
(4930, 'S001970', 'S009379', ''),
(4931, 'S009379', 'S006976', ''),
(4932, 'S006976', 'S009379', ''),
(4933, 'S009379', 'S003752', ''),
(4934, 'S003752', 'S009379', ''),
(4935, 'S009379', 'S003079', ''),
(4936, 'S003079', 'S009379', ''),
(4937, 'S009379', 'S009795', ''),
(4938, 'S009795', 'S009379', ''),
(4939, 'S009379', 'S009747', ''),
(4940, 'S009747', 'S009379', ''),
(4941, 'S009379', 'S005098', ''),
(4942, 'S005098', 'S009379', ''),
(4943, 'S009379', 'S006161', ''),
(4944, 'S006161', 'S009379', ''),
(4945, 'S009379', 'S008369', ''),
(4946, 'S008369', 'S009379', ''),
(4947, 'S009379', 'S003051', ''),
(4948, 'S003051', 'S009379', ''),
(4949, 'S009379', 'S001305', ''),
(4950, 'S001305', 'S009379', ''),
(4951, 'S009379', 'S002842', ''),
(4952, 'S002842', 'S009379', ''),
(4953, 'S009379', 'S009155', ''),
(4954, 'S009155', 'S009379', ''),
(4955, 'S009379', 'S009296', ''),
(4956, 'S009296', 'S009379', ''),
(4957, 'S009379', 'S004927', ''),
(4958, 'S004927', 'S009379', ''),
(4959, 'S009379', 'S005982', ''),
(4960, 'S005982', 'S009379', ''),
(4961, 'S009379', 'S004351', ''),
(4962, 'S004351', 'S009379', ''),
(4963, 'S009379', 'S005273', ''),
(4964, 'S005273', 'S009379', ''),
(4965, 'S009379', 'S002044', ''),
(4966, 'S002044', 'S009379', ''),
(4967, 'S009379', 'S008407', ''),
(4968, 'S008407', 'S009379', ''),
(4969, 'S009504', 'S002584', ''),
(4970, 'S002584', 'S009504', ''),
(4971, 'S009504', 'S007934', ''),
(4972, 'S007934', 'S009504', ''),
(4973, 'S009504', 'S003842', ''),
(4974, 'S003842', 'S009504', ''),
(4975, 'S009504', 'S007929', ''),
(4976, 'S007929', 'S009504', ''),
(4977, 'S009504', 'S003977', ''),
(4978, 'S003977', 'S009504', ''),
(4979, 'S009504', 'S007238', ''),
(4980, 'S007238', 'S009504', ''),
(4981, 'S009504', 'S004440', ''),
(4982, 'S004440', 'S009504', ''),
(4983, 'S009504', 'S005273', ''),
(4984, 'S005273', 'S009504', ''),
(4985, 'S009504', 'S003688', ''),
(4986, 'S003688', 'S009504', ''),
(4987, 'S009504', 'S004429', ''),
(4988, 'S004429', 'S009504', ''),
(4989, 'S009504', 'S006161', ''),
(4990, 'S006161', 'S009504', ''),
(4991, 'S009504', 'S004309', ''),
(4992, 'S004309', 'S009504', ''),
(4993, 'S009504', 'S001908', ''),
(4994, 'S001908', 'S009504', ''),
(4995, 'S009504', 'S009839', ''),
(4996, 'S009839', 'S009504', ''),
(4997, 'S009504', 'S004379', ''),
(4998, 'S004379', 'S009504', ''),
(4999, 'S009504', 'S004494', ''),
(5000, 'S004494', 'S009504', ''),
(5001, 'S009601', 'S001867', ''),
(5002, 'S001867', 'S009601', ''),
(5003, 'S009601', 'S007408', ''),
(5004, 'S007408', 'S009601', ''),
(5005, 'S009601', 'S008300', ''),
(5006, 'S008300', 'S009601', ''),
(5007, 'S009601', 'S007148', ''),
(5008, 'S007148', 'S009601', ''),
(5009, 'S009601', 'S007701', ''),
(5010, 'S007701', 'S009601', ''),
(5011, 'S009601', 'S003644', ''),
(5012, 'S003644', 'S009601', ''),
(5013, 'S009601', 'S009912', ''),
(5014, 'S009912', 'S009601', ''),
(5015, 'S009601', 'S005098', ''),
(5016, 'S005098', 'S009601', ''),
(5017, 'S009601', 'S006737', ''),
(5018, 'S006737', 'S009601', ''),
(5019, 'S009601', 'S007330', ''),
(5020, 'S007330', 'S009601', ''),
(5021, 'S009601', 'S002044', ''),
(5022, 'S002044', 'S009601', ''),
(5023, 'S009601', 'S002234', ''),
(5024, 'S002234', 'S009601', ''),
(5025, 'S009601', 'S009809', ''),
(5026, 'S009809', 'S009601', ''),
(5027, 'S009601', 'S008407', ''),
(5028, 'S008407', 'S009601', ''),
(5029, 'S009601', 'S006031', ''),
(5030, 'S006031', 'S009601', ''),
(5031, 'S009601', 'S003842', ''),
(5032, 'S003842', 'S009601', ''),
(5033, 'S009601', 'S009155', ''),
(5034, 'S009155', 'S009601', ''),
(5035, 'S009601', 'S007813', ''),
(5036, 'S007813', 'S009601', ''),
(5037, 'S009601', 'S007238', ''),
(5038, 'S007238', 'S009601', ''),
(5039, 'S009601', 'S008343', ''),
(5040, 'S008343', 'S009601', ''),
(5041, 'S009601', 'S005185', ''),
(5042, 'S005185', 'S009601', ''),
(5043, 'S009601', 'S001525', ''),
(5044, 'S001525', 'S009601', ''),
(5045, 'S009601', 'S009839', ''),
(5046, 'S009839', 'S009601', ''),
(5047, 'S009601', 'S002238', ''),
(5048, 'S002238', 'S009601', ''),
(5049, 'S009601', 'S002213', ''),
(5050, 'S002213', 'S009601', ''),
(5051, 'S009601', 'S004898', ''),
(5052, 'S004898', 'S009601', ''),
(5053, 'S009603', 'S003663', ''),
(5054, 'S003663', 'S009603', ''),
(5055, 'S009603', 'S007813', ''),
(5056, 'S007813', 'S009603', ''),
(5057, 'S009603', 'S007672', ''),
(5058, 'S007672', 'S009603', ''),
(5059, 'S009603', 'S008300', ''),
(5060, 'S008300', 'S009603', ''),
(5061, 'S009603', 'S008361', ''),
(5062, 'S008361', 'S009603', ''),
(5063, 'S009603', 'S009693', ''),
(5064, 'S009693', 'S009603', ''),
(5065, 'S009603', 'S009632', ''),
(5066, 'S009632', 'S009603', ''),
(5067, 'S009603', 'S003014', ''),
(5068, 'S003014', 'S009603', ''),
(5069, 'S009604', 'S003977', ''),
(5070, 'S003977', 'S009604', ''),
(5071, 'S009604', 'S003052', ''),
(5072, 'S003052', 'S009604', ''),
(5073, 'S009604', 'S002213', ''),
(5074, 'S002213', 'S009604', ''),
(5075, 'S009604', 'S004440', ''),
(5076, 'S004440', 'S009604', ''),
(5077, 'S009604', 'S009693', ''),
(5078, 'S009693', 'S009604', ''),
(5079, 'S009604', 'S008085', ''),
(5080, 'S008085', 'S009604', ''),
(5081, 'S009604', 'S005273', ''),
(5082, 'S005273', 'S009604', ''),
(5083, 'S009604', 'S009795', ''),
(5084, 'S009795', 'S009604', ''),
(5085, 'S009604', 'S009912', ''),
(5086, 'S009912', 'S009604', ''),
(5087, 'S009604', 'S007988', ''),
(5088, 'S007988', 'S009604', ''),
(5089, 'S009604', 'S003014', ''),
(5090, 'S003014', 'S009604', ''),
(5091, 'S009604', 'S004913', ''),
(5092, 'S004913', 'S009604', ''),
(5093, 'S009604', 'S008369', ''),
(5094, 'S008369', 'S009604', ''),
(5095, 'S009604', 'S004494', ''),
(5096, 'S004494', 'S009604', ''),
(5097, 'S009604', 'S009809', ''),
(5098, 'S009809', 'S009604', ''),
(5099, 'S009604', 'S002814', ''),
(5100, 'S002814', 'S009604', ''),
(5101, 'S009604', 'S003051', ''),
(5102, 'S003051', 'S009604', ''),
(5103, 'S009604', 'S005876', ''),
(5104, 'S005876', 'S009604', ''),
(5105, 'S009604', 'S003688', ''),
(5106, 'S003688', 'S009604', ''),
(5107, 'S009604', 'S007408', ''),
(5108, 'S007408', 'S009604', ''),
(5109, 'S009604', 'S006147', ''),
(5110, 'S006147', 'S009604', ''),
(5111, 'S009604', 'S009769', ''),
(5112, 'S009769', 'S009604', ''),
(5113, 'S009604', 'S004927', ''),
(5114, 'S004927', 'S009604', ''),
(5115, 'S009604', 'S003644', ''),
(5116, 'S003644', 'S009604', ''),
(5117, 'S009604', 'S007979', ''),
(5118, 'S007979', 'S009604', ''),
(5119, 'S009604', 'S004848', ''),
(5120, 'S004848', 'S009604', ''),
(5121, 'S009604', 'S004809', ''),
(5122, 'S004809', 'S009604', ''),
(5123, 'S009604', 'S003079', ''),
(5124, 'S003079', 'S009604', ''),
(5125, 'S009604', 'S007050', ''),
(5126, 'S007050', 'S009604', ''),
(5127, 'S009604', 'S007330', ''),
(5128, 'S007330', 'S009604', ''),
(5129, 'S009632', 'S003307', ''),
(5130, 'S003307', 'S009632', ''),
(5131, 'S009632', 'S006777', ''),
(5132, 'S006777', 'S009632', ''),
(5133, 'S009632', 'S009839', ''),
(5134, 'S009839', 'S009632', ''),
(5135, 'S009632', 'S003457', ''),
(5136, 'S003457', 'S009632', ''),
(5137, 'S009632', 'S007330', ''),
(5138, 'S007330', 'S009632', ''),
(5139, 'S009632', 'S001970', ''),
(5140, 'S001970', 'S009632', ''),
(5141, 'S009632', 'S006329', ''),
(5142, 'S006329', 'S009632', ''),
(5143, 'S009632', 'S009604', ''),
(5144, 'S009604', 'S009632', ''),
(5145, 'S009632', 'S006003', ''),
(5146, 'S006003', 'S009632', ''),
(5147, 'S009632', 'S008146', ''),
(5148, 'S008146', 'S009632', ''),
(5149, 'S009632', 'S007148', ''),
(5150, 'S007148', 'S009632', ''),
(5151, 'S009632', 'S007408', ''),
(5152, 'S007408', 'S009632', ''),
(5153, 'S009632', 'S001972', ''),
(5154, 'S001972', 'S009632', ''),
(5155, 'S009632', 'S008369', ''),
(5156, 'S008369', 'S009632', ''),
(5157, 'S009632', 'S009912', ''),
(5158, 'S009912', 'S009632', ''),
(5159, 'S009644', 'S003842', ''),
(5160, 'S003842', 'S009644', ''),
(5161, 'S009644', 'S002238', ''),
(5162, 'S002238', 'S009644', ''),
(5163, 'S009644', 'S009769', ''),
(5164, 'S009769', 'S009644', ''),
(5165, 'S009644', 'S009747', ''),
(5166, 'S009747', 'S009644', ''),
(5167, 'S009644', 'S001352', ''),
(5168, 'S001352', 'S009644', ''),
(5169, 'S009693', 'S008343', ''),
(5170, 'S008343', 'S009693', ''),
(5171, 'S009693', 'S001525', ''),
(5172, 'S001525', 'S009693', ''),
(5173, 'S009693', 'S003052', ''),
(5174, 'S003052', 'S009693', ''),
(5175, 'S009693', 'S009352', ''),
(5176, 'S009352', 'S009693', ''),
(5177, 'S009693', 'S002414', ''),
(5178, 'S002414', 'S009693', ''),
(5179, 'S009693', 'S005987', ''),
(5180, 'S005987', 'S009693', ''),
(5181, 'S009693', 'S001996', ''),
(5182, 'S001996', 'S009693', ''),
(5183, 'S009693', 'S003014', ''),
(5184, 'S003014', 'S009693', ''),
(5185, 'S009693', 'S007813', ''),
(5186, 'S007813', 'S009693', ''),
(5187, 'S009693', 'S007672', ''),
(5188, 'S007672', 'S009693', ''),
(5189, 'S009693', 'S004070', ''),
(5190, 'S004070', 'S009693', ''),
(5191, 'S009747', 'S006479', ''),
(5192, 'S006479', 'S009747', ''),
(5193, 'S009747', 'S003752', ''),
(5194, 'S003752', 'S009747', ''),
(5195, 'S009747', 'S009693', ''),
(5196, 'S009693', 'S009747', ''),
(5197, 'S009747', 'S004458', ''),
(5198, 'S004458', 'S009747', ''),
(5199, 'S009747', 'S009839', ''),
(5200, 'S009839', 'S009747', ''),
(5201, 'S009747', 'S002909', ''),
(5202, 'S002909', 'S009747', ''),
(5203, 'S009747', 'S009296', ''),
(5204, 'S009296', 'S009747', ''),
(5205, 'S009747', 'S004070', ''),
(5206, 'S004070', 'S009747', ''),
(5207, 'S009747', 'S009603', ''),
(5208, 'S009603', 'S009747', ''),
(5209, 'S009747', 'S003977', ''),
(5210, 'S003977', 'S009747', ''),
(5211, 'S009747', 'S006782', ''),
(5212, 'S006782', 'S009747', ''),
(5213, 'S009747', 'S005098', ''),
(5214, 'S005098', 'S009747', ''),
(5215, 'S009754', 'S002842', ''),
(5216, 'S002842', 'S009754', ''),
(5217, 'S009754', 'S008302', ''),
(5218, 'S008302', 'S009754', ''),
(5219, 'S009754', 'S003041', ''),
(5220, 'S003041', 'S009754', ''),
(5221, 'S009754', 'S002044', ''),
(5222, 'S002044', 'S009754', ''),
(5223, 'S009754', 'S007148', ''),
(5224, 'S007148', 'S009754', ''),
(5225, 'S009754', 'S009632', ''),
(5226, 'S009632', 'S009754', ''),
(5227, 'S009754', 'S004927', ''),
(5228, 'S004927', 'S009754', ''),
(5229, 'S009754', 'S004429', ''),
(5230, 'S004429', 'S009754', ''),
(5231, 'S009754', 'S002750', ''),
(5232, 'S002750', 'S009754', ''),
(5233, 'S009754', 'S001972', ''),
(5234, 'S001972', 'S009754', ''),
(5235, 'S009754', 'S002281', ''),
(5236, 'S002281', 'S009754', ''),
(5237, 'S009754', 'S005442', ''),
(5238, 'S005442', 'S009754', ''),
(5239, 'S009754', 'S003954', ''),
(5240, 'S003954', 'S009754', ''),
(5241, 'S009754', 'S002909', ''),
(5242, 'S002909', 'S009754', ''),
(5243, 'S009754', 'S004070', ''),
(5244, 'S004070', 'S009754', ''),
(5245, 'S009754', 'S008146', ''),
(5246, 'S008146', 'S009754', ''),
(5247, 'S009754', 'S005543', ''),
(5248, 'S005543', 'S009754', ''),
(5249, 'S009754', 'S001867', ''),
(5250, 'S001867', 'S009754', ''),
(5251, 'S009754', 'S007689', ''),
(5252, 'S007689', 'S009754', ''),
(5253, 'S009754', 'S006270', ''),
(5254, 'S006270', 'S009754', ''),
(5255, 'S009769', 'S008394', ''),
(5256, 'S008394', 'S009769', ''),
(5257, 'S009769', 'S007689', ''),
(5258, 'S007689', 'S009769', ''),
(5259, 'S009769', 'S003014', ''),
(5260, 'S003014', 'S009769', ''),
(5261, 'S009769', 'S006737', ''),
(5262, 'S006737', 'S009769', ''),
(5263, 'S009769', 'S003752', ''),
(5264, 'S003752', 'S009769', ''),
(5265, 'S009769', 'S006003', ''),
(5266, 'S006003', 'S009769', ''),
(5267, 'S009769', 'S006782', ''),
(5268, 'S006782', 'S009769', ''),
(5269, 'S009769', 'S007149', ''),
(5270, 'S007149', 'S009769', 'Hello World, Hello Mars..!! Hello World, Hello Mars..!! Hello World, Hello Mars..!!Hello World, Hello Mars..!!'),
(5271, 'S009769', 'S007934', ''),
(5272, 'S007934', 'S009769', ''),
(5273, 'S009769', 'S006541', ''),
(5274, 'S006541', 'S009769', ''),
(5275, 'S009769', 'S005535', ''),
(5276, 'S005535', 'S009769', ''),
(5277, 'S009769', 'S006976', ''),
(5278, 'S006976', 'S009769', ''),
(5279, 'S009769', 'S008302', ''),
(5280, 'S008302', 'S009769', ''),
(5281, 'S009769', 'S008186', ''),
(5282, 'S008186', 'S009769', ''),
(5283, 'S009769', 'S009795', ''),
(5284, 'S009795', 'S009769', ''),
(5285, 'S009769', 'S007693', ''),
(5286, 'S007693', 'S009769', ''),
(5287, 'S009769', 'S004351', ''),
(5288, 'S004351', 'S009769', ''),
(5289, 'S009769', 'S002414', ''),
(5290, 'S002414', 'S009769', ''),
(5291, 'S009769', 'S005080', ''),
(5292, 'S005080', 'S009769', ''),
(5293, 'S009769', 'S009839', ''),
(5294, 'S009839', 'S009769', ''),
(5295, 'S009769', 'S007672', ''),
(5296, 'S007672', 'S009769', ''),
(5297, 'S009769', 'S004913', ''),
(5298, 'S004913', 'S009769', ''),
(5299, 'S009769', 'S004423', ''),
(5300, 'S004423', 'S009769', ''),
(5301, 'S009795', 'S009296', ''),
(5302, 'S009296', 'S009795', ''),
(5303, 'S009795', 'S009693', ''),
(5304, 'S009693', 'S009795', ''),
(5305, 'S009795', 'S009504', ''),
(5306, 'S009504', 'S009795', ''),
(5307, 'S009795', 'S001525', ''),
(5308, 'S001525', 'S009795', ''),
(5309, 'S009795', 'S009322', ''),
(5310, 'S009322', 'S009795', ''),
(5311, 'S009795', 'S007693', ''),
(5312, 'S007693', 'S009795', ''),
(5313, 'S009795', 'S001970', ''),
(5314, 'S001970', 'S009795', ''),
(5315, 'S009795', 'S003475', ''),
(5316, 'S003475', 'S009795', ''),
(5317, 'S009795', 'S003865', ''),
(5318, 'S003865', 'S009795', ''),
(5319, 'S009795', 'S001146', ''),
(5320, 'S001146', 'S009795', ''),
(5321, 'S009795', 'S001352', ''),
(5322, 'S001352', 'S009795', ''),
(5323, 'S009795', 'S003317', ''),
(5324, 'S003317', 'S009795', ''),
(5325, 'S009795', 'S009912', ''),
(5326, 'S009912', 'S009795', ''),
(5327, 'S009795', 'S004351', ''),
(5328, 'S004351', 'S009795', ''),
(5329, 'S009795', 'S009352', ''),
(5330, 'S009352', 'S009795', ''),
(5331, 'S009795', 'S002071', ''),
(5332, 'S002071', 'S009795', ''),
(5333, 'S009795', 'S003307', ''),
(5334, 'S003307', 'S009795', ''),
(5335, 'S009795', 'S006031', ''),
(5336, 'S006031', 'S009795', ''),
(5337, 'S009795', 'S008905', ''),
(5338, 'S008905', 'S009795', ''),
(5339, 'S009795', 'S009839', ''),
(5340, 'S009839', 'S009795', ''),
(5341, 'S009795', 'S008302', ''),
(5342, 'S008302', 'S009795', ''),
(5343, 'S009795', 'S005982', ''),
(5344, 'S005982', 'S009795', ''),
(5345, 'S009795', 'S004070', ''),
(5346, 'S004070', 'S009795', ''),
(5347, 'S009795', 'S009601', ''),
(5348, 'S009601', 'S009795', ''),
(5349, 'S009795', 'S003977', ''),
(5350, 'S003977', 'S009795', ''),
(5351, 'S009809', 'S009769', ''),
(5352, 'S009769', 'S009809', ''),
(5353, 'S009809', 'S001383', ''),
(5354, 'S001383', 'S009809', ''),
(5355, 'S009809', 'S006460', ''),
(5356, 'S006460', 'S009809', ''),
(5357, 'S009809', 'S008196', ''),
(5358, 'S008196', 'S009809', ''),
(5359, 'S009809', 'S006031', ''),
(5360, 'S006031', 'S009809', ''),
(5361, 'S009809', 'S004780', ''),
(5362, 'S004780', 'S009809', ''),
(5363, 'S009809', 'S006329', ''),
(5364, 'S006329', 'S009809', ''),
(5365, 'S009809', 'S009839', ''),
(5366, 'S009839', 'S009809', ''),
(5367, 'S009809', 'S003688', ''),
(5368, 'S003688', 'S009809', ''),
(5369, 'S009809', 'S003663', ''),
(5370, 'S003663', 'S009809', ''),
(5371, 'S009809', 'S005535', ''),
(5372, 'S005535', 'S009809', ''),
(5373, 'S009809', 'S001525', ''),
(5374, 'S001525', 'S009809', ''),
(5375, 'S009809', 'S004351', ''),
(5376, 'S004351', 'S009809', ''),
(5377, 'S009809', 'S003930', ''),
(5378, 'S003930', 'S009809', ''),
(5379, 'S009809', 'S002044', ''),
(5380, 'S002044', 'S009809', ''),
(5381, 'S009809', 'S007979', ''),
(5382, 'S007979', 'S009809', ''),
(5383, 'S009809', 'S003842', ''),
(5384, 'S003842', 'S009809', ''),
(5385, 'S009809', 'S005098', ''),
(5386, 'S005098', 'S009809', ''),
(5387, 'S009809', 'S008940', ''),
(5388, 'S008940', 'S009809', ''),
(5389, 'S009809', 'S006782', ''),
(5390, 'S006782', 'S009809', ''),
(5391, 'S009809', 'S001305', ''),
(5392, 'S001305', 'S009809', ''),
(5393, 'S009809', 'S004440', ''),
(5394, 'S004440', 'S009809', ''),
(5395, 'S009809', 'S002750', ''),
(5396, 'S002750', 'S009809', ''),
(5397, 'S009839', 'S007149', ''),
(5398, 'S007149', 'S009839', ''),
(5399, 'S009839', 'S001996', ''),
(5400, 'S001996', 'S009839', ''),
(5401, 'S009839', 'S007217', ''),
(5402, 'S007217', 'S009839', ''),
(5403, 'S009839', 'S003231', ''),
(5404, 'S003231', 'S009839', ''),
(5405, 'S009839', 'S006782', ''),
(5406, 'S006782', 'S009839', ''),
(5407, 'S009839', 'S003307', ''),
(5408, 'S003307', 'S009839', ''),
(5409, 'S009839', 'S008343', ''),
(5410, 'S008343', 'S009839', ''),
(5411, 'S009839', 'S001305', ''),
(5412, 'S001305', 'S009839', ''),
(5413, 'S009839', 'S009644', ''),
(5414, 'S009644', 'S009839', ''),
(5415, 'S009839', 'S008940', ''),
(5416, 'S008940', 'S009839', ''),
(5417, 'S009839', 'S004500', ''),
(5418, 'S004500', 'S009839', ''),
(5419, 'S009839', 'S004648', ''),
(5420, 'S004648', 'S009839', ''),
(5421, 'S009839', 'S006976', ''),
(5422, 'S006976', 'S009839', ''),
(5423, 'S009839', 'S007689', ''),
(5424, 'S007689', 'S009839', ''),
(5425, 'S009839', 'S004913', ''),
(5426, 'S004913', 'S009839', ''),
(5427, 'S009839', 'S004351', ''),
(5428, 'S004351', 'S009839', ''),
(5429, 'S009839', 'S004494', ''),
(5430, 'S004494', 'S009839', ''),
(5431, 'S009839', 'S005442', ''),
(5432, 'S005442', 'S009839', ''),
(5433, 'S009912', 'S002414', ''),
(5434, 'S002414', 'S009912', ''),
(5435, 'S009912', 'S003644', ''),
(5436, 'S003644', 'S009912', ''),
(5437, 'S009912', 'S004351', ''),
(5438, 'S004351', 'S009912', ''),
(5439, 'S009912', 'S009747', ''),
(5440, 'S009747', 'S009912', ''),
(5441, 'S009912', 'S009155', ''),
(5442, 'S009155', 'S009912', ''),
(5443, 'S009912', 'S001305', ''),
(5444, 'S001305', 'S009912', ''),
(5445, 'S009912', 'S003847', ''),
(5446, 'S003847', 'S009912', ''),
(5447, 'S009912', 'S008361', ''),
(5448, 'S008361', 'S009912', ''),
(5449, 'S009912', 'S002750', ''),
(5450, 'S002750', 'S009912', ''),
(5451, 'S009912', 'S001146', ''),
(5452, 'S001146', 'S009912', ''),
(5453, 'S009912', 'S009964', ''),
(5454, 'S009964', 'S009912', ''),
(5455, 'S009912', 'S006728', ''),
(5456, 'S006728', 'S009912', ''),
(5457, 'S009912', 'S004648', ''),
(5458, 'S004648', 'S009912', ''),
(5459, 'S009912', 'S007217', ''),
(5460, 'S007217', 'S009912', ''),
(5461, 'S009912', 'S005098', ''),
(5462, 'S005098', 'S009912', ''),
(5463, 'S009912', 'S007149', ''),
(5464, 'S007149', 'S009912', ''),
(5465, 'S009912', 'S007689', ''),
(5466, 'S007689', 'S009912', ''),
(5467, 'S009912', 'S008085', ''),
(5468, 'S008085', 'S009912', ''),
(5469, 'S009912', 'S009322', ''),
(5470, 'S009322', 'S009912', ''),
(5471, 'S009964', 'S004848', ''),
(5472, 'S004848', 'S009964', ''),
(5473, 'S009964', 'S004032', ''),
(5474, 'S004032', 'S009964', ''),
(5475, 'S009964', 'S007934', ''),
(5476, 'S007934', 'S009964', ''),
(5477, 'S009964', 'S006031', ''),
(5478, 'S006031', 'S009964', ''),
(5479, 'S009964', 'S001352', ''),
(5480, 'S001352', 'S009964', ''),
(5481, 'S009964', 'S004440', ''),
(5482, 'S004440', 'S009964', ''),
(5483, 'S009964', 'S008302', ''),
(5484, 'S008302', 'S009964', ''),
(5485, 'S009964', 'S003373', ''),
(5486, 'S003373', 'S009964', ''),
(5487, 'S009964', 'S006479', ''),
(5488, 'S006479', 'S009964', ''),
(5489, 'S009964', 'S009693', ''),
(5490, 'S009693', 'S009964', ''),
(5491, 'S009964', 'S003954', ''),
(5492, 'S003954', 'S009964', ''),
(5493, 'S009964', 'S003842', ''),
(5494, 'S003842', 'S009964', ''),
(5495, 'S009964', 'S007217', ''),
(5496, 'S007217', 'S009964', ''),
(5497, 'S009964', 'S009296', ''),
(5498, 'S009296', 'S009964', ''),
(5499, 'S009964', 'S005535', ''),
(5500, 'S005535', 'S009964', ''),
(5501, 'S009964', 'S006329', ''),
(5502, 'S006329', 'S009964', ''),
(5503, 'S009964', 'S007330', ''),
(5504, 'S007330', 'S009964', ''),
(5505, 'S009964', 'S008940', ''),
(5506, 'S008940', 'S009964', ''),
(5507, 'S009964', 'S008300', ''),
(5508, 'S008300', 'S009964', ''),
(5509, 'S009964', 'S005098', ''),
(5510, 'S005098', 'S009964', ''),
(5511, 'S009964', 'S004927', ''),
(5512, 'S004927', 'S009964', ''),
(5513, 'S009964', 'S008905', ''),
(5514, 'S008905', 'S009964', ''),
(5515, 'S009964', 'S002814', ''),
(5516, 'S002814', 'S009964', ''),
(5518, 'S007149', 'S004648', ''),
(5519, 'S004648', 'S007149', ''),
(5520, 'S007149', 'S006270', ''),
(5521, 'S006270', 'S007149', ''),
(5522, 'S007149', 'S003317', ''),
(5523, 'S003317', 'S007149', ''),
(5524, 'S007149', 'S006541', ''),
(5525, 'S006541', 'S007149', ''),
(5526, 'S001305', 'S004648', ''),
(5527, 'S004648', 'S001305', ''),
(5528, 'S001305', 'S007672', 'Hellooo'),
(5529, 'S007672', 'S001305', ''),
(5530, 'S001305', 'S007109', ''),
(5531, 'S007109', 'S001305', ''),
(5534, 'S001305', 'S001525', ''),
(5535, 'S001525', 'S001305', '');

-- --------------------------------------------------------

--
-- Table structure for table `Messages`
--

CREATE TABLE `Messages` (
  `ID` int(10) NOT NULL,
  `COURSE_ID` varchar(10) NOT NULL,
  `SENDER_ID` varchar(10) NOT NULL,
  `DATE` datetime NOT NULL,
  `MESSAGE` text NOT NULL
) ENGINE=InnoDB AUTO_INCREMENT=26 DEFAULT CHARSET=latin1;

-- --------------------------------------------------------

--
-- Table structure for table `Universities`
--

CREATE TABLE `Universities` (
  `ID` int(11) NOT NULL,
  `NAME` varchar(30) NOT NULL,
  `COUNTRY` varchar(20) NOT NULL
) ENGINE=InnoDB AUTO_INCREMENT=2 DEFAULT CHARSET=latin1;

--
-- Dumping data for table `Universities`
--

INSERT INTO `Universities` (`ID`, `NAME`, `COUNTRY`) VALUES
(1, 'Ozyegin University', 'Turkey');

-- --------------------------------------------------------

--
-- Table structure for table `Users`
--

CREATE TABLE `Users` (
  `ID` varchar(10) NOT NULL,
  `FIRST_NAME` varchar(30) NOT NULL,
  `LAST_NAME` varchar(30) NOT NULL,
  `EMAIL` varchar(30) NOT NULL,
  `PASSWORD` varchar(20) NOT NULL,
  `PHONE_NO` varchar(20) NOT NULL,
  `UNIVERSITY_ID` int(11) NOT NULL,
  `HIGH_SCORE` int(11) NOT NULL DEFAULT '0'
) ENGINE=InnoDB DEFAULT CHARSET=latin1;

--
-- Dumping data for table `Users`
--

INSERT INTO `Users` (`ID`, `FIRST_NAME`, `LAST_NAME`, `EMAIL`, `PASSWORD`, `PHONE_NO`, `UNIVERSITY_ID`, `HIGH_SCORE`) VALUES
('S001146', 'Philip', 'James', 'philip.james@ozu.edu.tr', '218y41297rt1379hur', '0533 333 33 33', 1, 41),
('S001156', 'Janet', 'Jones', 'janet.jones@ozu.edu.tr', '3n0fydP', '0531 359 9119', 1, 15),
('S001305', 'Charles', 'Knight', 'charles.knight@ozu.edu.tr', '2E0OZXF551K7', '0557 410 1011', 1, 3),
('S001352', 'Margaret', 'George', 'margaret.george@ozu.edu.tr', 'v56cjM3GkcP', '0555 617 2670', 1, 0),
('S001383', 'Nicole', 'Cunningham', 'nicole.cunningham@ozu.edu.tr', 'clkdtMLI', '0552 816 4133', 1, 0),
('S001525', 'Carolyn', 'Andrews', 'carolyn.andrews@ozu.edu.tr', 'WvxGhQc3pfYj', '0537 826 8794', 1, 0),
('S001867', 'Sharon', 'Greene', 'sharon.greene@ozu.edu.tr', 'Eg6Hak2Xx', '0555 282 8276', 1, 0),
('S001908', 'Joan', 'George', 'joan.george@ozu.edu.tr', 'TS8ekwe7f9', '0535 185 6100', 1, 0),
('S001970', 'Jennifer', 'Turner', 'jennifer.turner@ozu.edu.tr', 'RJNreKED1gAv', '0555 200 5870', 1, 0),
('S001972', 'Roger', 'Rogers', 'roger.rogers@ozu.edu.tr', 'hg1gkIL', '0552 912 1575', 1, 0),
('S001996', 'Johnny', 'Gray', 'johnny.gray@ozu.edu.tr', 'B08hSFJzjZoC', '0540 246 2537', 1, 0),
('S002044', 'Jacqueline', 'Jacobs', 'jacqueline.jacobs@ozu.edu.tr', '5nrPOphO4', '0547 441 5221', 1, 0),
('S002071', 'Wanda', 'Murphy', 'wanda.murphy@ozu.edu.tr', 'PHfqkfe0L5', '0553 943 1656', 1, 0),
('S002213', 'Albert', 'Hicks', 'albert.hicks@ozu.edu.tr', '12XtG8ESP', '0553 628 9584', 1, 0),
('S002234', 'Doris', 'Ward', 'doris.ward@ozu.edu.tr', 'ZykZq0omV', '0557 155 3041', 1, 0),
('S002238', 'Carolyn', 'Hicks', 'carolyn.hicks@ozu.edu.tr', 'KC7YXq', '0552 134 1002', 1, 0),
('S002281', 'Timothy', 'Brown', 'timothy.brown@ozu.edu.tr', 'Ju7kMw', '0552 959 5050', 1, 0),
('S002414', 'Matthew', 'Wright', 'matthew.wright@ozu.edu.tr', 'dXAfl0IGf9U2', '0534 456 7960', 1, 0),
('S002460', 'Stephen', 'Jackson', 'stephen.jackson@ozu.edu.tr', 'e7h5WolybvF', '0550 966 3966', 1, 0),
('S002584', 'Jonathan', 'Frazier', 'jonathan.frazier@ozu.edu.tr', 'hDOsDktg', '0552 884 6566', 1, 0),
('S002750', 'Shawn', 'Turner', 'shawn.turner@ozu.edu.tr', 'gQKNgStnT', '0534 579 2708', 1, 0),
('S002814', 'Fred', 'Torres', 'fred.torres@ozu.edu.tr', '46EuVwMsu', '0545 115 2695', 1, 0),
('S002842', 'Dorothy', 'Stanley', 'dorothy.stanley@ozu.edu.tr', 'Zhh0qE', '0536 470 9732', 1, 0),
('S002909', 'Martha', 'Cole', 'martha.cole@ozu.edu.tr', 'ai6A5qTqqF', '0554 704 3007', 1, 0),
('S003014', 'Clarence', 'Carter', 'clarence.carter@ozu.edu.tr', 'nPrw2GDQ', '0542 921 7592', 1, 0),
('S003041', 'Craig', 'Daniels', 'craig.daniels@ozu.edu.tr', 'IKQ0WK77jdPX', '0540 432 1503', 1, 0),
('S003051', 'Judith', 'Cruz', 'judith.cruz@ozu.edu.tr', 'Ypp3V3Hchh', '0551 326 5735', 1, 0),
('S003052', 'Sandra', 'Jenkins', 'sandra.jenkins@ozu.edu.tr', 'v8dD3n7', '0533 454 4790', 1, 0),
('S003079', 'Patrick', 'Patterson', 'patrick.patterson@ozu.edu.tr', 'zbDvQm', '0542 903 9215', 1, 0),
('S003120', 'Dorothy', 'Watson', 'dorothy.watson@ozu.edu.tr', 'RZs6SB', '0538 647 8504', 1, 0),
('S003230', 'Jessica', 'Nguyen', 'jessica.nguyen@ozu.edu.tr', 'rYuv4q', '0538 856 7636', 1, 0),
('S003231', 'Thomas', 'Rice', 'thomas.rice@ozu.edu.tr', 'bkeRLe6', '0539 212 3944', 1, 0),
('S003307', 'Joyce', 'Morales', 'joyce.morales@ozu.edu.tr', 'JHuokB8puca1', '0559 334 1550', 1, 0),
('S003317', 'Brandon', 'Anderson', 'brandon.anderson@ozu.edu.tr', '8F52Xse', '0559 294 3460', 1, 0),
('S003373', 'Frank', 'Chapman', 'frank.chapman@ozu.edu.tr', 'eM7oP9U4o', '0559 929 4506', 1, 0),
('S003457', 'Roger', 'Roberts', 'roger.roberts@ozu.edu.tr', '7iBayGrGPAWi', '0550 973 6700', 1, 0),
('S003475', 'Diane', 'Stanley', 'diane.stanley@ozu.edu.tr', 'Osyxjt', '0532 595 8631', 1, 0),
('S003644', 'Martin', 'Pierce', 'martin.pierce@ozu.edu.tr', '1UoU6yA5HHE', '0540 537 9840', 1, 0),
('S003663', 'Philip', 'Henderson', 'philip.henderson@ozu.edu.tr', 'rf3ArXWD', '0555 508 6282', 1, 0),
('S003688', 'Dennis', 'Ellis', 'dennis.ellis@ozu.edu.tr', 'wBlHdKymYX9Z', '0536 524 1627', 1, 0),
('S003752', 'Bruce', 'Lawrence', 'bruce.lawrence@ozu.edu.tr', 'Ie6jFZ', '0542 127 6018', 1, 0),
('S003842', 'Eric', 'Henderson', 'eric.henderson@ozu.edu.tr', 'Cx7ENnII4h', '0556 674 4114', 1, 0),
('S003847', 'Jonathan', 'Diaz', 'jonathan.diaz@ozu.edu.tr', '9aQVJbdi', '0540 520 2080', 1, 0),
('S003865', 'Joe', 'Flores', 'joe.flores@ozu.edu.tr', 'qyODknO', '0538 142 3657', 1, 0),
('S003930', 'Larry', 'Lawrence', 'larry.lawrence@ozu.edu.tr', 'o33FFgGYmB', '0539 870 6807', 1, 0),
('S003931', 'Wanda', 'Watson', 'wanda.watson@ozu.edu.tr', 'CAVWiBQ7NKSZ', '0558 736 9449', 1, 0),
('S003954', 'Diane', 'Bailey', 'diane.bailey@ozu.edu.tr', 'uXULKdSNSicI', '0535 557 4418', 1, 0),
('S003977', 'Julie', 'Cooper', 'julie.cooper@ozu.edu.tr', 'Xk24Y2iu', '0538 204 1882', 1, 0),
('S004032', 'Mildred', 'Cunningham', 'mildred.cunningham@ozu.edu.tr', '83bElY5NLH', '0546 410 5605', 1, 0),
('S004070', 'Jerry', 'Murray', 'jerry.murray@ozu.edu.tr', 'ZXGOnlicJViH', '0541 787 6178', 1, 0),
('S004309', 'Jeffrey', 'Kelley', 'jeffrey.kelley@ozu.edu.tr', '1Nd9J4YTO', '0557 750 3564', 1, 0),
('S004351', 'Kathy', 'Chapman', 'kathy.chapman@ozu.edu.tr', 'n0SNbGu', '0543 247 5414', 1, 0),
('S004379', 'Heather', 'Nichols', 'heather.nichols@ozu.edu.tr', '4MC5fYO', '0542 949 2262', 1, 0),
('S004423', 'Johnny', 'Morales', 'johnny.morales@ozu.edu.tr', 'mWUJ67J', '0534 765 4594', 1, 0),
('S004429', 'Rose', 'Henderson', 'rose.henderson@ozu.edu.tr', 'Gsh3Aj1inINy', '0544 188 6393', 1, 0),
('S004440', 'Phillip', 'Sullivan', 'phillip.sullivan@ozu.edu.tr', 'lcTDh0W3oLy', '0531 873 4151', 1, 0),
('S004458', 'Joyce', 'Hernandez', 'joyce.hernandez@ozu.edu.tr', 'NzV7HRLW', '0535 142 7361', 1, 0),
('S004494', 'Carolyn', 'Reid', 'carolyn.reid@ozu.edu.tr', 'ZWxLbRGQ1y8', '0554 108 5940', 1, 0),
('S004500', 'Martha', 'Russell', 'martha.russell@ozu.edu.tr', 'BK7C8DAM', '0534 472 4529', 1, 0),
('S004648', 'Aaron', 'Olson', 'aaron.olson@ozu.edu.tr', 'uInDtsSLUP', '0530 814 5235', 1, 0),
('S004780', 'Randy', 'Scott', 'randy.scott@ozu.edu.tr', '7747nzvEL6eO', '0543 751 1957', 1, 0),
('S004809', 'Rebecca', 'Elliott', 'rebecca.elliott@ozu.edu.tr', 'C88oZngB', '0549 818 9497', 1, 0),
('S004848', 'Arthur', 'Hall', 'arthur.hall@ozu.edu.tr', 'k2B6qSWB1eiN', '0544 331 4940', 1, 0),
('S004898', 'Elizabeth', 'Warren', 'elizabeth.warren@ozu.edu.tr', '4KFgRHqRdjW9', '0541 294 9560', 1, 0),
('S004913', 'Walter', 'Matthews', 'walter.matthews@ozu.edu.tr', 'cezZHn74uE', '0532 335 9684', 1, 0),
('S004927', 'Richard', 'Walker', 'richard.walker@ozu.edu.tr', 'G9BtMcRPix', '0554 404 4712', 1, 0),
('S005080', 'Jack', 'Payne', 'jack.payne@ozu.edu.tr', 'DHx7joj', '0552 595 7783', 1, 0),
('S005098', 'Jason', 'Warren', 'jason.warren@ozu.edu.tr', 'yhCrT7v', '0550 410 1143', 1, 0),
('S005185', 'Patrick', 'Daniels', 'patrick.daniels@ozu.edu.tr', 'WGGceJ', '0546 116 1027', 1, 0),
('S005267', 'Ruby', 'Fuller', 'ruby.fuller@ozu.edu.tr', '4PKRJ03H', '0549 703 9475', 1, 0),
('S005273', 'Susan', 'Martinez', 'susan.martinez@ozu.edu.tr', 'jxHizJ4', '0553 137 5649', 1, 0),
('S005442', 'Peter', 'Taylor', 'peter.taylor@ozu.edu.tr', 'oPM3gAI1EMr', '0545 211 6925', 1, 0),
('S005535', 'Carolyn', 'Tucker', 'carolyn.tucker@ozu.edu.tr', '2lyrufFVP', '0538 680 7666', 1, 0),
('S005543', 'Christine', 'Lopez', 'christine.lopez@ozu.edu.tr', 'kYpl97x', '0548 680 4917', 1, 0),
('S005696', 'Timothy', 'Barnes', 'timothy.barnes@ozu.edu.tr', '8wzBZlFX', '0545 610 7480', 1, 0),
('S005876', 'Margaret', 'Williamson', 'margaret.williamson@ozu.edu.tr', 'AWuzKr', '0555 135 4784', 1, 0),
('S005982', 'Nicole', 'Lawrence', 'nicole.lawrence@ozu.edu.tr', 'kunXs3N', '0538 992 1337', 1, 0),
('S005987', 'Stephanie', 'Watkins', 'stephanie.watkins@ozu.edu.tr', 'M7VV4tH', '0539 660 8319', 1, 0),
('S006003', 'Martin', 'Price', 'martin.price@ozu.edu.tr', 'Hf1cs5', '0544 584 3409', 1, 0),
('S006031', 'Charles', 'Murray', 'charles.murray@ozu.edu.tr', 'xxM3rEhZ7', '0532 157 4532', 1, 0),
('S006147', 'Johnny', 'Moore', 'johnny.moore@ozu.edu.tr', '4n0sS8HLWN', '0545 272 4675', 1, 0),
('S006161', 'Arthur', 'Evans', 'arthur.evans@ozu.edu.tr', 'JYiptwtnXY', '0548 265 9614', 1, 0),
('S006198', 'Ann', 'Stevens', 'ann.stevens@ozu.edu.tr', '5w7kRz9DaPw', '0539 379 3966', 1, 0),
('S006270', 'Arthur', 'Graham', 'arthur.graham@ozu.edu.tr', 'IQJpgIvaTS4L', '0557 303 8120', 1, 0),
('S006329', 'Denise', 'Campbell', 'denise.campbell@ozu.edu.tr', 'FfL4aO', '0553 817 7514', 1, 0),
('S006460', 'Jimmy', 'Cruz', 'jimmy.cruz@ozu.edu.tr', 'tsYIBtw4i', '0543 804 1659', 1, 0),
('S006479', 'Jesse', 'Vasquez', 'jesse.vasquez@ozu.edu.tr', 'irk1QcR', '0554 590 8064', 1, 0),
('S006541', 'David', 'Oliver', 'david.oliver@ozu.edu.tr', 'BjQoZk9L', '0534 951 3164', 1, 0),
('S006728', 'Norma', 'Welch', 'norma.welch@ozu.edu.tr', 'fIHLWmiYr8ZA', '0544 144 9413', 1, 0),
('S006737', 'Alice', 'Robinson', 'alice.robinson@ozu.edu.tr', 't43XbeO', '0543 460 9606', 1, 0),
('S006777', 'Samuel', 'Owens', 'samuel.owens@ozu.edu.tr', 'ATzXYZj', '0530 743 7999', 1, 0),
('S006782', 'Julie', 'Spencer', 'julie.spencer@ozu.edu.tr', 'zt60s1dEHvJ', '0555 708 8652', 1, 0),
('S006976', 'Adam', 'Howard', 'adam.howard@ozu.edu.tr', 'jnOksohn', '0552 796 8527', 1, 0),
('S007050', 'Mildred', 'Harvey', 'mildred.harvey@ozu.edu.tr', 'XN9CgoXlqLb', '0550 756 7615', 1, 0),
('S007109', 'Karen', 'Evans', 'karen.evans@ozu.edu.tr', '2kX0HGAAQ39T', '0543 729 5020', 1, 0),
('S007148', 'Russell', 'Moreno', 'russell.moreno@ozu.edu.tr', 'wnichw', '0542 308 2258', 1, 0),
('S007149', 'Edward', 'Frazier', 'edward.frazier@ozu.edu.tr', 'OkukcgMsyprV', '0531 679 6701', 1, 0),
('S007217', 'Jacqueline', 'Rice', 'jacqueline.rice@ozu.edu.tr', 'DNq97N9i', '0556 114 4439', 1, 0),
('S007238', 'Linda', 'Cooper', 'linda.cooper@ozu.edu.tr', 'xvbueOLJ5uG6', '0556 563 5290', 1, 0),
('S007330', 'Aaron', 'Lewis', 'aaron.lewis@ozu.edu.tr', 'CmBpBo9TH1Od', '0557 768 4128', 1, 0),
('S007408', 'Donna', 'Perry', 'donna.perry@ozu.edu.tr', 'm8tjMO', '0547 691 2721', 1, 0),
('S007672', 'Andrew', 'Palmer', 'andrew.palmer@ozu.edu.tr', 's4sZJqUcr', '0559 410 9761', 1, 0),
('S007689', 'Jeremy', 'Sullivan', 'jeremy.sullivan@ozu.edu.tr', 'yqjbFvEvjF', '0544 262 5250', 1, 0),
('S007693', 'Frances', 'Phillips', 'frances.phillips@ozu.edu.tr', 'dCfMg1H3lyl', '0544 916 6698', 1, 0),
('S007701', 'Anthony', 'Burton', 'anthony.burton@ozu.edu.tr', '0aBgjScZDf8s', '0537 694 7308', 1, 0),
('S007813', 'Johnny', 'Mason', 'johnny.mason@ozu.edu.tr', 'wMG7FgyN', '0537 837 5570', 1, 0),
('S007884', 'Stephen', 'Clark', 'stephen.clark@ozu.edu.tr', 'nZRTYtminG0', '0557 329 6642', 1, 0),
('S007928', 'Cheryl', 'Ferguson', 'cheryl.ferguson@ozu.edu.tr', 'PX9rNfjPL', '0548 720 6865', 1, 0),
('S007929', 'Shirley', 'Hansen', 'shirley.hansen@ozu.edu.tr', 'Mc31uzZBBOqa', '0544 419 9350', 1, 0),
('S007934', 'Jerry', 'Reed', 'jerry.reed@ozu.edu.tr', 'RonX0dMz5H', '0548 778 6049', 1, 0),
('S007979', 'Jesse', 'Hamilton', 'jesse.hamilton@ozu.edu.tr', 'sRuJMd264tYO', '0547 790 8441', 1, 0),
('S007988', 'Karen', 'Alexander', 'karen.alexander@ozu.edu.tr', 'd0yDc2Gzr2', '0533 450 5195', 1, 0),
('S008085', 'Kevin', 'Price', 'kevin.price@ozu.edu.tr', 'IZYA3fy1x', '0544 237 3819', 1, 0),
('S008146', 'Michael', 'Garrett', 'michael.garrett@ozu.edu.tr', 'y4VT5B', '0551 811 1835', 1, 0),
('S008186', 'Kenneth', 'Jacobs', 'kenneth.jacobs@ozu.edu.tr', 'aOuTuQbZKZ7', '0538 743 4313', 1, 0),
('S008196', 'Michelle', 'Payne', 'michelle.payne@ozu.edu.tr', 'vVKBsHxV4', '0559 535 3913', 1, 0),
('S008244', 'Joe', 'Nelson', 'joe.nelson@ozu.edu.tr', 'p4wAlCu', '0533 327 5356', 1, 0),
('S008300', 'Deborah', 'Ryan', 'deborah.ryan@ozu.edu.tr', 'o7Udr7pE', '0557 133 3529', 1, 0),
('S008302', 'Norma', 'Patterson', 'norma.patterson@ozu.edu.tr', 'vN48qpkwdl', '0534 283 1428', 1, 0),
('S008343', 'Sean', 'Ortiz', 'sean.ortiz@ozu.edu.tr', 'Dyys1B', '0555 581 5092', 1, 0),
('S008361', 'Maria', 'Long', 'maria.long@ozu.edu.tr', 'fFf8BAfvBwCu', '0559 532 7338', 1, 0),
('S008369', 'Anne', 'Ryan', 'anne.ryan@ozu.edu.tr', 'C2npvDV', '0534 264 5462', 1, 0),
('S008394', 'Louis', 'Harris', 'louis.harris@ozu.edu.tr', '59SyBsx', '0552 455 3821', 1, 0),
('S008407', 'Theresa', 'Davis', 'theresa.davis@ozu.edu.tr', 'jNvWeKJM', '0535 304 8643', 1, 0),
('S008588', 'Michael', 'Moore', 'michael.moore@ozu.edu.tr', 'jcW5JdYh7', '0531 528 9901', 1, 0),
('S008774', 'Joan', 'Murray', 'joan.murray@ozu.edu.tr', 'KYiRjdrJRo', '0559 574 6046', 1, 0),
('S008905', 'Juan', 'Hughes', 'juan.hughes@ozu.edu.tr', 'uhH9194Cj4W', '0559 531 9278', 1, 0),
('S008929', 'Raymond', 'Porter', 'raymond.porter@ozu.edu.tr', 'Pl1so1Q', '0547 631 3135', 1, 0),
('S008940', 'Jesse', 'Ferguson', 'jesse.ferguson@ozu.edu.tr', 'k4hOZ2nSi', '0554 409 6452', 1, 0),
('S009155', 'Bonnie', 'Reynolds', 'bonnie.reynolds@ozu.edu.tr', '9GbmqAB8TOLM', '0544 755 3169', 1, 0),
('S009227', 'Janet', 'Ray', 'janet.ray@ozu.edu.tr', 'dlXU4dmR', '0538 999 5204', 1, 0),
('S009296', 'Judy', 'Martinez', 'judy.martinez@ozu.edu.tr', 'HE97zJN02pw', '0548 147 8287', 1, 0),
('S009322', 'Robin', 'Cunningham', 'robin.cunningham@ozu.edu.tr', 'UD1xTuHqKpU', '0557 264 9956', 1, 0),
('S009352', 'Kenneth', 'Larson', 'kenneth.larson@ozu.edu.tr', 'UaPy4pisB3', '0558 118 5410', 1, 0),
('S009379', 'Jeffrey', 'Burke', 'jeffrey.burke@ozu.edu.tr', 'vKsdGn4VJkq', '0542 902 9841', 1, 0),
('S009504', 'Joan', 'Reid', 'joan.reid@ozu.edu.tr', 'JBgDy9r', '0533 489 8699', 1, 0),
('S009601', 'Fred', 'Kelley', 'fred.kelley@ozu.edu.tr', 'kf4xvsi4DrqG', '0535 103 4663', 1, 0),
('S009603', 'Frances', 'Reynolds', 'frances.reynolds@ozu.edu.tr', 'N034176l', '0530 174 7053', 1, 0),
('S009604', 'Richard', 'Gray', 'richard.gray@ozu.edu.tr', 'piuIKZ', '0531 570 6173', 1, 0),
('S009632', 'Paul', 'Palmer', 'paul.palmer@ozu.edu.tr', 'Ed6IRjbbfh', '0542 732 7347', 1, 0),
('S009644', 'Joan', 'Marshall', 'joan.marshall@ozu.edu.tr', 'vgtnDlX', '0545 521 6834', 1, 0),
('S009693', 'Albert', 'Cooper', 'albert.cooper@ozu.edu.tr', 'alb160', '0532 454 9554', 1, 0),
('S009747', 'Ralph', 'Gordon', 'ralph.gordon@ozu.edu.tr', 'wQv53I', '0538 113 1635', 1, 0),
('S009754', 'Diana', 'Henry', 'diana.henry@ozu.edu.tr', 'IMe4zaU3Y', '0549 493 3474', 1, 0),
('S009769', 'Carolyn', 'Mendoza', 'carolyn.mendoza@ozu.edu.tr', 'XxcuRL0fGx', '0530 197 8600', 1, 0),
('S009795', 'Theresa', 'Chavez', 'theresa.chavez@ozu.edu.tr', 'KnT0RgmGa', '0547 436 8128', 1, 0),
('S009809', 'Marie', 'Evans', 'marie.evans@ozu.edu.tr', '3omwrDU', '0539 286 9854', 1, 0),
('S009839', 'Julie', 'Russell', 'julie.russell@ozu.edu.tr', 'YlaDUxF', '0558 790 9109', 1, 0),
('S009912', 'Larry', 'Ross', 'larry.ross@ozu.edu.tr', 'WaxyjWWKJV7', '0541 714 6622', 1, 0),
('S009964', 'Andrea', 'Powell', 'andrea.powell@ozu.edu.tr', 'BZK3W9CWZ5', '0531 804 9171', 1, 0);

--
-- Indexes for dumped tables
--

--
-- Indexes for table `Courses`
--
ALTER TABLE `Courses`
  ADD PRIMARY KEY (`ID`),
  ADD UNIQUE KEY `ID` (`ID`);

--
-- Indexes for table `CoursesTaken`
--
ALTER TABLE `CoursesTaken`
  ADD PRIMARY KEY (`ID`);

--
-- Indexes for table `Friendship`
--
ALTER TABLE `Friendship`
  ADD PRIMARY KEY (`ID`);

--
-- Indexes for table `Messages`
--
ALTER TABLE `Messages`
  ADD PRIMARY KEY (`ID`),
  ADD UNIQUE KEY `ID` (`ID`);

--
-- Indexes for table `Universities`
--
ALTER TABLE `Universities`
  ADD PRIMARY KEY (`ID`),
  ADD UNIQUE KEY `ID` (`ID`),
  ADD UNIQUE KEY `NAME` (`NAME`);

--
-- Indexes for table `Users`
--
ALTER TABLE `Users`
  ADD PRIMARY KEY (`ID`),
  ADD UNIQUE KEY `USER_ID` (`ID`,`EMAIL`,`PHONE_NO`),
  ADD UNIQUE KEY `USER_ID_2` (`ID`);

--
-- AUTO_INCREMENT for dumped tables
--

--
-- AUTO_INCREMENT for table `CoursesTaken`
--
ALTER TABLE `CoursesTaken`
  MODIFY `ID` int(11) NOT NULL AUTO_INCREMENT,AUTO_INCREMENT=749;
--
-- AUTO_INCREMENT for table `Friendship`
--
ALTER TABLE `Friendship`
  MODIFY `ID` int(11) NOT NULL AUTO_INCREMENT,AUTO_INCREMENT=5538;
--
-- AUTO_INCREMENT for table `Messages`
--
ALTER TABLE `Messages`
  MODIFY `ID` int(10) NOT NULL AUTO_INCREMENT,AUTO_INCREMENT=26;
--
-- AUTO_INCREMENT for table `Universities`
--
ALTER TABLE `Universities`
  MODIFY `ID` int(11) NOT NULL AUTO_INCREMENT,AUTO_INCREMENT=2;